t,s,P_DA,P_RT,P_PN,P_IN
0,0,91.143,76.09278863695494,182.286,182.286
0,1,91.143,59.24137066204666,182.286,182.286
0,2,91.143,76.31977111208886,182.286,182.286
0,3,91.143,65.96847866053935,182.286,182.286
0,4,91.143,65.28256946263951,182.286,182.286
0,5,91.143,45.9487146647808,182.286,182.286
0,6,91.143,76.46388386952295,182.286,182.286
0,7,91.143,37.52459346667145,182.286,182.286
0,8,91.143,47.42965961025105,182.286,182.286
0,9,91.143,54.727801357271794,182.286,182.286
0,10,91.143,68.56030938904748,182.286,182.286
0,11,91.143,45.20992864497076,182.286,182.286
0,12,91.143,71.91657531113884,182.286,182.286
0,13,91.143,76.7499430445536,182.286,182.286
0,14,91.143,43.8514174447194,182.286,182.286
0,15,91.143,61.25254133105808,182.286,182.286
0,16,91.143,37.63521785885615,182.286,182.286
0,17,91.143,52.792155219123046,182.286,182.286
0,18,91.143,39.04716285470366,182.286,182.286
0,19,91.143,75.67624266391539,182.286,182.286
0,20,91.143,54.78219804982263,182.286,182.286
0,21,91.143,75.3681280540624,182.286,182.286
0,22,91.143,68.8382134321777,182.286,182.286
0,23,91.143,72.04888511075148,182.286,182.286
0,24,91.143,44.225666388439244,182.286,182.286
0,25,91.143,40.283068884052376,182.286,182.286
0,26,91.143,61.38937568861071,182.286,182.286
0,27,91.143,44.01720063601255,182.286,182.286
0,28,91.143,66.71367744263219,182.286,182.286
0,29,91.143,53.67015917794676,182.286,182.286
0,30,91.143,58.46569416452907,182.286,182.286
0,31,91.143,74.91028216028549,182.286,182.286
0,32,91.143,58.21630535577263,182.286,182.286
0,33,91.143,41.61757380815548,182.286,182.286
0,34,91.143,43.625867498118254,182.286,182.286
0,35,91.143,59.159899028673834,182.286,182.286
0,36,91.143,58.3250075657825,182.286,182.286
0,37,91.143,62.869303278880075,182.286,182.286
0,38,91.143,53.39123744380606,182.286,182.286
0,39,91.143,63.358826731229286,182.286,182.286
0,40,91.143,53.206768324173,182.286,182.286
0,41,91.143,62.31959664941118,182.286,182.286
0,42,91.143,68.07949309547782,182.286,182.286
0,43,91.143,44.45882939519953,182.286,182.286
0,44,91.143,52.35077583130992,182.286,182.286
0,45,91.143,57.44706609833426,182.286,182.286
0,46,91.143,64.83853146036813,182.286,182.286
0,47,91.143,47.457649915107865,182.286,182.286
0,48,91.143,59.542779703117965,182.286,182.286
0,49,91.143,62.36032972761085,182.286,182.286
1,0,80.275,60.21446042125087,160.55,160.55
1,1,80.275,42.631231236337364,160.55,160.55
1,2,80.275,51.699467965992945,160.55,160.55
1,3,80.275,36.97290860892053,160.55,160.55
1,4,80.275,47.08575294620331,160.55,160.55
1,5,80.275,36.675776678871536,160.55,160.55
1,6,80.275,60.969813933614134,160.55,160.55
1,7,80.275,44.9079498256167,160.55,160.55
1,8,80.275,58.058410866939944,160.55,160.55
1,9,80.275,44.41127402230886,160.55,160.55
1,10,80.275,60.51705320057872,160.55,160.55
1,11,80.275,44.01675667722175,160.55,160.55
1,12,80.275,41.58547295011248,160.55,160.55
1,13,80.275,49.539944374045135,160.55,160.55
1,14,80.275,58.56201172881721,160.55,160.55
1,15,80.275,59.07601487385209,160.55,160.55
1,16,80.275,50.31733186111422,160.55,160.55
1,17,80.275,33.44783586996619,160.55,160.55
1,18,80.275,50.369439402784714,160.55,160.55
1,19,80.275,38.755743802608215,160.55,160.55
1,20,80.275,54.83671375997485,160.55,160.55
1,21,80.275,60.18640523923929,160.55,160.55
1,22,80.275,47.644954542385264,160.55,160.55
1,23,80.275,50.5773064690722,160.55,160.55
1,24,80.275,32.80102498314028,160.55,160.55
1,25,80.275,48.48147832881011,160.55,160.55
1,26,80.275,34.91765634431625,160.55,160.55
1,27,80.275,50.94040554944224,160.55,160.55
1,28,80.275,42.65753303486857,160.55,160.55
1,29,80.275,55.997531899863674,160.55,160.55
1,30,80.275,32.255231805917276,160.55,160.55
1,31,80.275,34.278277325759575,160.55,160.55
1,32,80.275,53.2333617830175,160.55,160.55
1,33,80.275,47.642304623000015,160.55,160.55
1,34,80.275,49.52352474694591,160.55,160.55
1,35,80.275,58.50468300719695,160.55,160.55
1,36,80.275,46.75377863454133,160.55,160.55
1,37,80.275,57.396748947377596,160.55,160.55
1,38,80.275,47.4967238752267,160.55,160.55
1,39,80.275,61.24504823312537,160.55,160.55
1,40,80.275,52.669024094866025,160.55,160.55
1,41,80.275,35.56269312512909,160.55,160.55
1,42,80.275,42.68733629924996,160.55,160.55
1,43,80.275,59.23316717880209,160.55,160.55
1,44,80.275,42.21633652412286,160.55,160.55
1,45,80.275,36.89300077397856,160.55,160.55
1,46,80.275,46.25477346544277,160.55,160.55
1,47,80.275,43.61917079062476,160.55,160.55
1,48,80.275,51.084567237019606,160.55,160.55
1,49,80.275,45.0711634917867,160.55,160.55
2,0,74.555,37.592557038775695,149.11,149.11
2,1,74.555,42.38211969868783,149.11,149.11
2,2,74.555,42.589498455651814,149.11,149.11
2,3,74.555,57.86640659613358,149.11,149.11
2,4,74.555,60.30604574281716,149.11,149.11
2,5,74.555,49.05358233914288,149.11,149.11
2,6,74.555,31.975353812375737,149.11,149.11
2,7,74.555,52.51198597111757,149.11,149.11
2,8,74.555,50.79547701237873,149.11,149.11
2,9,74.555,55.45190568565387,149.11,149.11
2,10,74.555,40.327210803526754,149.11,149.11
2,11,74.555,31.207253349090962,149.11,149.11
2,12,74.555,48.682331383616976,149.11,149.11
2,13,74.555,33.265753994736265,149.11,149.11
2,14,74.555,53.350461318089735,149.11,149.11
2,15,74.555,54.45323879147261,149.11,149.11
2,16,74.555,42.26058953064599,149.11,149.11
2,17,74.555,59.17403574301013,149.11,149.11
2,18,74.555,34.83852430520945,149.11,149.11
2,19,74.555,59.13574276379653,149.11,149.11
2,20,74.555,44.0576747679876,149.11,149.11
2,21,74.555,53.45994053992646,149.11,149.11
2,22,74.555,53.13842065459706,149.11,149.11
2,23,74.555,60.35641141590451,149.11,149.11
2,24,74.555,60.10573218011837,149.11,149.11
2,25,74.555,30.613449887972045,149.11,149.11
2,26,74.555,29.851170259894527,149.11,149.11
2,27,74.555,46.516473234284604,149.11,149.11
2,28,74.555,30.417079256458344,149.11,149.11
2,29,74.555,50.12545151683198,149.11,149.11
2,30,74.555,46.25138933923642,149.11,149.11
2,31,74.555,50.412217123953276,149.11,149.11
2,32,74.555,43.29447473087647,149.11,149.11
2,33,74.555,37.95755923626184,149.11,149.11
2,34,74.555,59.35959556662168,149.11,149.11
2,35,74.555,52.36252267629402,149.11,149.11
2,36,74.555,29.54627732601544,149.11,149.11
2,37,74.555,32.48555479375467,149.11,149.11
2,38,74.555,49.31031309955567,149.11,149.11
2,39,74.555,38.449484540964406,149.11,149.11
2,40,74.555,42.22882421884601,149.11,149.11
2,41,74.555,54.045796051142574,149.11,149.11
2,42,74.555,40.538773231030966,149.11,149.11
2,43,74.555,58.6055172736475,149.11,149.11
2,44,74.555,52.11546543681667,149.11,149.11
2,45,74.555,46.789407911800915,149.11,149.11
2,46,74.555,35.065599183598,149.11,149.11
2,47,74.555,42.29107468049145,149.11,149.11
2,48,74.555,53.456405605910085,149.11,149.11
2,49,74.555,60.65939418627666,149.11,149.11
3,0,71.643,35.526244727276406,143.286,143.286
3,1,71.643,37.69209014064492,143.286,143.286
3,2,71.643,59.14813222968245,143.286,143.286
3,3,71.643,62.47085396184104,143.286,143.286
3,4,71.643,36.06222679793443,143.286,143.286
3,5,71.643,62.31618198790622,143.286,143.286
3,6,71.643,60.8030864882448,143.286,143.286
3,7,71.643,57.311124563463835,143.286,143.286
3,8,71.643,44.964971654383156,143.286,143.286
3,9,71.643,48.67327649435758,143.286,143.286
3,10,71.643,45.901128101440506,143.286,143.286
3,11,71.643,62.70780912373418,143.286,143.286
3,12,71.643,44.553629920241264,143.286,143.286
3,13,71.643,44.3499079228226,143.286,143.286
3,14,71.643,66.06910305421972,143.286,143.286
3,15,71.643,65.52663317524227,143.286,143.286
3,16,71.643,67.25245366979722,143.286,143.286
3,17,71.643,61.54098255666181,143.286,143.286
3,18,71.643,35.99639244675713,143.286,143.286
3,19,71.643,36.138002536036254,143.286,143.286
3,20,71.643,52.6625787727904,143.286,143.286
3,21,71.643,63.26496120464958,143.286,143.286
3,22,71.643,64.25798843344134,143.286,143.286
3,23,71.643,55.49009859404944,143.286,143.286
3,24,71.643,66.79626202819536,143.286,143.286
3,25,71.643,38.299410525895944,143.286,143.286
3,26,71.643,40.7699298837415,143.286,143.286
3,27,71.643,44.701553057192044,143.286,143.286
3,28,71.643,42.01852936587227,143.286,143.286
3,29,71.643,43.98232019799446,143.286,143.286
3,30,71.643,37.11404590310839,143.286,143.286
3,31,71.643,46.220296785902825,143.286,143.286
3,32,71.643,33.970869601350714,143.286,143.286
3,33,71.643,51.97842912995218,143.286,143.286
3,34,71.643,66.44262798981657,143.286,143.286
3,35,71.643,48.693996520571105,143.286,143.286
3,36,71.643,55.040078448962156,143.286,143.286
3,37,71.643,54.60262557603075,143.286,143.286
3,38,71.643,66.00133861228868,143.286,143.286
3,39,71.643,58.95226125493635,143.286,143.286
3,40,71.643,62.153229450839056,143.286,143.286
3,41,71.643,44.820452303399854,143.286,143.286
3,42,71.643,65.08273576553889,143.286,143.286
3,43,71.643,39.480647227588996,143.286,143.286
3,44,71.643,47.37737581142925,143.286,143.286
3,45,71.643,59.05622570661897,143.286,143.286
3,46,71.643,44.73562563787363,143.286,143.286
3,47,71.643,64.3266276547397,143.286,143.286
3,48,71.643,63.42348528507315,143.286,143.286
3,49,71.643,38.76846914636498,143.286,143.286
4,0,71.305,37.368566626196845,142.61,142.61
4,1,71.305,31.621021553418494,142.61,142.61
4,2,71.305,57.61023878956726,142.61,142.61
4,3,71.305,40.86519627301509,142.61,142.61
4,4,71.305,42.60649510712128,142.61,142.61
4,5,71.305,38.64563318035776,142.61,142.61
4,6,71.305,33.90291034438732,142.61,142.61
4,7,71.305,44.6595118145271,142.61,142.61
4,8,71.305,37.49656845128251,142.61,142.61
4,9,71.305,48.08313400980504,142.61,142.61
4,10,71.305,36.46665147504792,142.61,142.61
4,11,71.305,46.414549111902126,142.61,142.61
4,12,71.305,60.49850029860203,142.61,142.61
4,13,71.305,41.916283815620666,142.61,142.61
4,14,71.305,60.68845746123263,142.61,142.61
4,15,71.305,31.774807600147337,142.61,142.61
4,16,71.305,47.62064757886594,142.61,142.61
4,17,71.305,49.26429748287428,142.61,142.61
4,18,71.305,60.93131012923174,142.61,142.61
4,19,71.305,59.75259863116857,142.61,142.61
4,20,71.305,46.399039999287865,142.61,142.61
4,21,71.305,54.41158162748255,142.61,142.61
4,22,71.305,61.387473918375456,142.61,142.61
4,23,71.305,53.67067213339405,142.61,142.61
4,24,71.305,60.67997639746189,142.61,142.61
4,25,71.305,60.194479358892735,142.61,142.61
4,26,71.305,45.459796355194335,142.61,142.61
4,27,71.305,51.2014107175198,142.61,142.61
4,28,71.305,35.72801318025085,142.61,142.61
4,29,71.305,44.01756184223599,142.61,142.61
4,30,71.305,57.84887250993963,142.61,142.61
4,31,71.305,48.53694062846438,142.61,142.61
4,32,71.305,38.938572887276884,142.61,142.61
4,33,71.305,33.888771681720186,142.61,142.61
4,34,71.305,37.40432168401149,142.61,142.61
4,35,71.305,33.95979158891168,142.61,142.61
4,36,71.305,37.46637805263701,142.61,142.61
4,37,71.305,42.29490535863223,142.61,142.61
4,38,71.305,31.31363407060296,142.61,142.61
4,39,71.305,56.965246569964634,142.61,142.61
4,40,71.305,42.94699211817364,142.61,142.61
4,41,71.305,48.21902067485082,142.61,142.61
4,42,71.305,50.435541731396334,142.61,142.61
4,43,71.305,34.212804604923086,142.61,142.61
4,44,71.305,32.596810128466764,142.61,142.61
4,45,71.305,34.97641694603579,142.61,142.61
4,46,71.305,61.72010306327844,142.61,142.61
4,47,71.305,33.299740923657225,142.61,142.61
4,48,71.305,43.5544489805812,142.61,142.61
4,49,71.305,58.13697840075744,142.61,142.61
5,0,74.542,58.9100132038714,149.084,149.084
5,1,74.542,36.84117490760557,149.084,149.084
5,2,74.542,70.7643470551277,149.084,149.084
5,3,74.542,51.1170626476648,149.084,149.084
5,4,74.542,42.68980300156967,149.084,149.084
5,5,74.542,49.28814307577895,149.084,149.084
5,6,74.542,59.294445897165794,149.084,149.084
5,7,74.542,37.62820768641155,149.084,149.084
5,8,74.542,61.208743268566515,149.084,149.084
5,9,74.542,59.91585821066986,149.084,149.084
5,10,74.542,45.067613861583204,149.084,149.084
5,11,74.542,52.74747724688153,149.084,149.084
5,12,74.542,43.69385709148245,149.084,149.084
5,13,74.542,36.98899706188394,149.084,149.084
5,14,74.542,58.89615923817042,149.084,149.084
5,15,74.542,53.500545754387886,149.084,149.084
5,16,74.542,68.94796219864826,149.084,149.084
5,17,74.542,43.909610656072914,149.084,149.084
5,18,74.542,53.31527012995748,149.084,149.084
5,19,74.542,62.148984920889,149.084,149.084
5,20,74.542,38.81935577042608,149.084,149.084
5,21,74.542,49.995165772604196,149.084,149.084
5,22,74.542,62.87255597172053,149.084,149.084
5,23,74.542,45.701475492249806,149.084,149.084
5,24,74.542,50.33163294060733,149.084,149.084
5,25,74.542,58.64086287030426,149.084,149.084
5,26,74.542,52.101770390669536,149.084,149.084
5,27,74.542,70.30014225045434,149.084,149.084
5,28,74.542,69.64205032077287,149.084,149.084
5,29,74.542,68.63333787166006,149.084,149.084
5,30,74.542,52.757344852369016,149.084,149.084
5,31,74.542,43.562047006701405,149.084,149.084
5,32,74.542,61.03563942589441,149.084,149.084
5,33,74.542,52.830700284862374,149.084,149.084
5,34,74.542,55.85445970159355,149.084,149.084
5,35,74.542,61.510255840914134,149.084,149.084
5,36,74.542,72.75958336455004,149.084,149.084
5,37,74.542,67.63152631350454,149.084,149.084
5,38,74.542,40.95645182927428,149.084,149.084
5,39,74.542,71.49484384219144,149.084,149.084
5,40,74.542,62.523305757793075,149.084,149.084
5,41,74.542,48.5967805290334,149.084,149.084
5,42,74.542,64.58422197535423,149.084,149.084
5,43,74.542,54.65343251860464,149.084,149.084
5,44,74.542,58.004931196213,149.084,149.084
5,45,74.542,58.425174933024465,149.084,149.084
5,46,74.542,42.057382784051654,149.084,149.084
5,47,74.542,50.25394002217948,149.084,149.084
5,48,74.542,53.12585486825114,149.084,149.084
5,49,74.542,38.40622240745698,149.084,149.084
6,0,80.821,75.1827207709659,161.642,75.1827207709659
6,1,80.821,57.12181391503497,161.642,57.12181391503497
6,2,80.821,63.949264887832484,161.642,63.94926488783249
6,3,80.821,85.3899142432948,170.7798284865896,85.3899142432948
6,4,80.821,81.74570291991846,163.49140583983691,81.74570291991846
6,5,80.821,54.67797895534253,161.642,54.67797895534253
6,6,80.821,60.46468795234413,161.642,60.46468795234413
6,7,80.821,68.2437809366319,161.642,68.2437809366319
6,8,80.821,47.688261351645636,161.642,47.688261351645636
6,9,80.821,78.47940754674168,161.642,78.47940754674168
6,10,80.821,56.982905749679915,161.642,56.982905749679915
6,11,80.821,47.512931101087986,161.642,134.71549427979866
6,12,80.821,74.43045570689449,161.642,74.43045570689449
6,13,80.821,65.68085092227642,161.642,65.68085092227642
6,14,80.821,43.4847406694017,161.642,161.64199999999906
6,15,80.821,67.85926426901486,161.642,67.85926426901486
6,16,80.821,77.0244647878435,161.642,77.0244647878435
6,17,80.821,43.66412071874324,161.642,161.642
6,18,80.821,72.17301252040203,161.642,72.17301252040203
6,19,80.821,53.633519705092546,161.642,53.633519705092546
6,20,80.821,62.0574587561973,161.642,62.057458756197306
6,21,80.821,45.535368906060434,161.642,161.642
6,22,80.821,66.46895419254851,161.642,66.46895419254851
6,23,80.821,84.96998329442106,169.9399665888421,84.96998329442106
6,24,80.821,56.121273127531026,161.642,56.121273127531026
6,25,80.821,45.142686936819125,161.642,161.64200000000008
6,26,80.821,80.84740728977019,161.69481457954038,80.84740728977019
6,27,80.821,85.36879050848651,170.73758101697302,85.36879050848651
6,28,80.821,64.59620352576422,161.642,64.59620352576422
6,29,80.821,83.59039643370471,167.18079286740942,83.59039643370471
6,30,80.821,83.59635389260323,167.19270778520647,83.59635389260323
6,31,80.821,75.67353309838646,161.642,75.67353309838646
6,32,80.821,80.0784734356881,161.642,80.0784734356881
6,33,80.821,49.62310115004366,161.642,49.62310115004366
6,34,80.821,80.72513376235095,161.642,80.72513376235095
6,35,80.821,61.16407812324095,161.642,61.16407812324095
6,36,80.821,55.2963868581475,161.642,55.29638685814751
6,37,80.821,67.81734153044418,161.642,67.81734153044418
6,38,80.821,81.26906779763306,162.5381355952661,81.26906779763306
6,39,80.821,61.96155679344612,161.642,61.96155679344613
6,40,80.821,45.79024003596981,161.642,161.642
6,41,80.821,55.32328948801589,161.642,55.323289488015895
6,42,80.821,55.2337716970727,161.642,55.2337716970727
6,43,80.821,73.96868526363345,161.642,73.96868526363345
6,44,80.821,85.70879652951997,171.41759305903994,85.70879652951997
6,45,80.821,67.28429571325464,161.642,67.28429571325464
6,46,80.821,53.79143874431612,161.642,53.791438744316125
6,47,80.821,74.24526501964269,161.642,74.24526501964269
6,48,80.821,48.97346255338193,161.642,48.97346255338193
6,49,80.821,45.055856624575505,161.642,161.642
7,0,87.24300000000001,76.07836072328973,174.48600000000002,76.07836072328973
7,1,87.24300000000001,62.90068671900091,174.48600000000002,62.90068671900091
7,2,87.24300000000001,66.52021502100477,174.48600000000002,66.52021502100477
7,3,87.24300000000001,48.34791000017084,174.48600000000002,168.1588975113216
7,4,87.24300000000001,67.91295017665904,174.48600000000002,67.91295017665904
7,5,87.24300000000001,74.01127813771335,174.48600000000002,74.01127813771335
7,6,87.24300000000001,92.16151420392663,184.32302840785326,92.16151420392663
7,7,87.24300000000001,45.815505040717476,174.48600000000002,45.815505040717476
7,8,87.24300000000001,69.7001085014961,174.48600000000002,69.7001085014961
7,9,87.24300000000001,68.25434735826545,174.48600000000002,174.48600000000002
7,10,87.24300000000001,74.9274028329781,174.48600000000002,74.9274028329781
7,11,87.24300000000001,85.92420051894267,174.48600000000002,85.92420051894267
7,12,87.24300000000001,68.79763753373149,174.48600000000002,174.48600000000002
7,13,87.24300000000001,72.39270865375019,174.48600000000002,72.39270865375019
7,14,87.24300000000001,69.01569098145448,174.48600000000002,69.01569098145448
7,15,87.24300000000001,83.18834297677408,174.48600000000002,83.1883429767741
7,16,87.24300000000001,88.51684414116865,177.0336882823373,88.51684414116865
7,17,87.24300000000001,60.34037171921713,174.48600000000002,60.34037171921713
7,18,87.24300000000001,79.71398951208856,174.48600000000002,79.71398951208856
7,19,87.24300000000001,76.35556692323927,174.48600000000002,76.35556692323927
7,20,87.24300000000001,62.781837383495755,174.48600000000002,62.781837383495755
7,21,87.24300000000001,83.52851869510702,174.48600000000002,83.52851869510702
7,22,87.24300000000001,78.29891482036251,174.48600000000002,78.29891482036251
7,23,87.24300000000001,68.50059045621015,174.48600000000002,68.50059045621015
7,24,87.24300000000001,72.36094507808356,174.48600000000002,72.36094507808356
7,25,87.24300000000001,90.54249183553183,181.08498367106367,90.54249183553183
7,26,87.24300000000001,75.65216769112916,174.48600000000002,75.65216769112916
7,27,87.24300000000001,75.39759076167027,174.48600000000002,75.39759076167027
7,28,87.24300000000001,63.136388614140635,174.48600000000002,63.136388614140635
7,29,87.24300000000001,82.48727348763434,174.48600000000002,82.48727348763434
7,30,87.24300000000001,86.85062454236109,174.48600000000002,86.85062454236109
7,31,87.24300000000001,59.70525003317781,174.48600000000002,59.70525003317781
7,32,87.24300000000001,60.52125106018199,174.48600000000002,60.52125106018199
7,33,87.24300000000001,77.24485658818561,174.48600000000002,77.24485658818561
7,34,87.24300000000001,58.71008151325199,174.48600000000002,58.710081513252
7,35,87.24300000000001,48.72076345283702,174.48600000000002,48.72076345283702
7,36,87.24300000000001,58.67363070418051,174.48600000000002,174.48600000000002
7,37,87.24300000000001,78.39656416279858,174.48600000000002,78.39656416279858
7,38,87.24300000000001,69.02104240392697,174.48600000000002,69.02104240392697
7,39,87.24300000000001,72.75354200502011,174.48600000000002,72.75354200502011
7,40,87.24300000000001,74.98027353690806,174.48600000000002,74.98027353690806
7,41,87.24300000000001,70.58539475945828,174.48600000000002,70.58539475945828
7,42,87.24300000000001,91.13876028691325,182.2775205738265,91.13876028691325
7,43,87.24300000000001,83.87416522172943,174.48600000000002,83.87416522172943
7,44,87.24300000000001,91.23898922884777,182.47797845769554,91.23898922884777
7,45,87.24300000000001,78.2164897287198,174.48600000000002,78.2164897287198
7,46,87.24300000000001,83.44258654093079,174.48600000000002,83.44258654093079
7,47,87.24300000000001,81.01540414502091,174.48600000000002,81.01540414502091
7,48,87.24300000000001,90.16431733535293,180.32863467070587,90.16431733535293
7,49,87.24300000000001,61.19836771593944,174.48600000000002,61.19836771593944
8,0,101.972,41.84036048844831,203.944,41.84036048844831
8,1,101.972,31.40524762650006,203.944,203.944
8,2,101.972,33.27143933419531,203.944,33.27143933419531
8,3,101.972,63.11972500351,203.944,63.11972500351
8,4,101.972,46.8660897755058,203.944,46.8660897755058
8,5,101.972,35.068931142618105,203.944,203.944
8,6,101.972,34.609672692491664,203.944,203.944
8,7,101.972,48.29104252024429,203.944,203.944
8,8,101.972,52.76231821934419,203.944,52.76231821934418
8,9,101.972,58.86029100071397,203.944,58.86029100071397
8,10,101.972,50.08905937056786,203.944,50.08905937056786
8,11,101.972,42.1569520235665,203.944,203.944
8,12,101.972,54.40875530291141,203.944,54.408755302911416
8,13,101.972,37.274664485188744,203.944,203.944
8,14,101.972,42.119854813911154,203.944,42.119854813911154
8,15,101.972,35.04534363494908,203.944,203.944
8,16,101.972,53.73696179567062,203.944,53.73696179567061
8,17,101.972,49.02739456323442,203.944,49.02739456323442
8,18,101.972,45.68223515030896,203.944,45.68223515030896
8,19,101.972,38.69629177749099,203.944,38.69629177749099
8,20,101.972,59.18000666217012,203.944,59.18000666217013
8,21,101.972,44.246048977757205,203.944,44.24604897775721
8,22,101.972,61.47098312337838,203.944,168.55336096899455
8,23,101.972,40.08298306468922,203.944,40.08298306468922
8,24,101.972,52.28650165131507,203.944,52.28650165131508
8,25,101.972,55.633400375392846,203.944,55.63340037539285
8,26,101.972,36.659605961744994,203.944,203.944
8,27,101.972,37.0870760160133,203.944,37.0870760160133
8,28,101.972,56.54083067556446,203.944,56.54083067556446
8,29,101.972,33.992964054379414,203.944,203.944
8,30,101.972,46.980406945433664,203.944,46.980406945433664
8,31,101.972,33.772837358214424,203.944,33.772837358214424
8,32,101.972,63.18900928811851,203.944,63.18900928811851
8,33,101.972,58.89641824393975,203.944,58.89641824393975
8,34,101.972,38.76668682561024,203.944,38.76668682561024
8,35,101.972,59.17088198362162,203.944,59.170881983621626
8,36,101.972,55.96866642858095,203.944,55.968666428580946
8,37,101.972,34.62845331505648,203.944,203.944
8,38,101.972,39.91965712901863,203.944,39.91965712901863
8,39,101.972,52.4398661281308,203.944,52.43986612813081
8,40,101.972,54.62044260681625,203.944,54.62044260681624
8,41,101.972,42.48144928729685,203.944,123.8747096897907
8,42,101.972,35.314236093890464,203.944,203.944
8,43,101.972,47.532021252358625,203.944,47.532021252358625
8,44,101.972,56.51864376706972,203.944,56.51864376706972
8,45,101.972,48.40859053567916,203.944,48.40859053567917
8,46,101.972,37.49859970017572,203.944,203.944
8,47,101.972,41.169840489041256,203.944,41.169840489041256
8,48,101.972,56.29773162751223,203.944,56.29773162751223
8,49,101.972,46.39103042813272,203.944,164.9912793979249
9,0,110.37,50.363325404642445,220.74,50.363325404642445
9,1,110.37,32.8433596096942,220.74,220.74000000000004
9,2,110.37,47.97527941238892,220.74,47.97527941238892
9,3,110.37,51.384324449834956,220.74,220.74000000000004
9,4,110.37,53.99734275283374,220.74,53.997342752833745
9,5,110.37,36.48018878680022,220.74,220.74000000000004
9,6,110.37,54.73155623270417,220.74,54.73155623270417
9,7,110.37,45.024347754199205,220.74,189.0038476749015
9,8,110.37,36.3564985603092,220.74,220.74000000000004
9,9,110.37,28.530295697791484,220.74,220.74000000000004
9,10,110.37,47.372938246152486,220.74,47.372938246152486
9,11,110.37,55.839020994810234,220.74,55.83902099481024
9,12,110.37,44.69182519770425,220.74,44.69182519770425
9,13,110.37,36.538296393623085,220.74,220.74000000000004
9,14,110.37,37.414870628652864,220.74,220.74000000000004
9,15,110.37,42.19930840619386,220.74,42.19930840619386
9,16,110.37,56.86674193725464,220.74,56.86674193725464
9,17,110.37,40.411559798487076,220.74,40.411559798487076
9,18,110.37,39.12288400943343,220.74,220.74000000000004
9,19,110.37,42.31418952470356,220.74,42.31418952470356
9,20,110.37,34.20225436074615,220.74,220.74000000000004
9,21,110.37,36.25475776820832,220.74,220.74000000000004
9,22,110.37,51.696549436112534,220.74,51.69654943611254
9,23,110.37,54.158304603352676,220.74,54.15830460335268
9,24,110.37,38.61795417646821,220.74,38.61795417646821
9,25,110.37,41.944370018181154,220.74,41.944370018181154
9,26,110.37,54.47443019222464,220.74,54.474430192224645
9,27,110.37,48.82234948006074,220.74,220.74000000000004
9,28,110.37,41.22069288795563,220.74,41.22069288795563
9,29,110.37,56.09821807873246,220.74,56.098218078732465
9,30,110.37,53.937743624772224,220.74,93.19330008575909
9,31,110.37,41.362743973783715,220.74,41.362743973783715
9,32,110.37,33.36088864339352,220.74,220.74000000000004
9,33,110.37,52.46887046296595,220.74,52.46887046296595
9,34,110.37,54.29947387537805,220.74,54.29947387537805
9,35,110.37,47.58956118226755,220.74,220.74000000000004
9,36,110.37,51.55698708039779,220.74,51.55698708039779
9,37,110.37,28.17533438651693,220.74,220.74000000000004
9,38,110.37,46.06324524278493,220.74,46.06324524278493
9,39,110.37,51.60551290333222,220.74,51.60551290333222
9,40,110.37,36.109403413139454,220.74,36.109403413139454
9,41,110.37,32.22960197852215,220.74,32.22960197852215
9,42,110.37,54.086409888354964,220.74,54.08640988835497
9,43,110.37,50.87166557185911,220.74,50.87166557185911
9,44,110.37,38.26096931939915,220.74,38.26096931939915
9,45,110.37,44.786096593446615,220.74,44.786096593446615
9,46,110.37,34.38665614613285,220.74,34.38665614613285
9,47,110.37,37.46102035201669,220.74,37.46102035201669
9,48,110.37,48.024947589312795,220.74,220.74000000000004
9,49,110.37,50.24267089788411,220.74,50.24267089788411
10,0,114.751,52.76102137240894,229.502,52.76102137240895
10,1,114.751,46.32066923982797,229.502,46.32066923982797
10,2,114.751,50.421102015824815,229.502,50.421102015824815
10,3,114.751,32.62577268758803,229.502,132.87823475311623
10,4,114.751,48.07722336116887,229.502,48.07722336116887
10,5,114.751,55.715129791340956,229.502,55.715129791340956
10,6,114.751,53.61187343606863,229.502,53.61187343606863
10,7,114.751,49.97936752780675,229.502,49.97936752780675
10,8,114.751,53.151452616033346,229.502,53.151452616033346
10,9,114.751,40.373534549890294,229.502,40.373534549890294
10,10,114.751,36.365697343978816,229.502,36.365697343978816
10,11,114.751,45.7360817206562,229.502,45.7360817206562
10,12,114.751,44.17859426580105,229.502,44.17859426580105
10,13,114.751,28.27231384356749,229.502,229.502
10,14,114.751,34.970266555746285,229.502,229.502
10,15,114.751,44.14834615086425,229.502,44.14834615086425
10,16,114.751,28.988401360271602,229.502,28.988401360271602
10,17,114.751,28.92573825631968,229.502,229.502
10,18,114.751,38.076941224538196,229.502,38.076941224538196
10,19,114.751,30.630428749175177,229.502,229.502
10,20,114.751,39.19572291256092,229.502,39.19572291256092
10,21,114.751,46.786996596271734,229.502,229.502
10,22,114.751,40.873988999443746,229.502,40.873988999443746
10,23,114.751,27.636586918506826,229.502,229.502
10,24,114.751,54.18775116250524,229.502,54.18775116250525
10,25,114.751,34.41675449882047,229.502,229.502
10,26,114.751,27.310314171027727,229.502,229.502
10,27,114.751,40.00811963750236,229.502,229.502
10,28,114.751,51.914425136089385,229.502,229.502
10,29,114.751,54.33723344693017,229.502,54.33723344693016
10,30,114.751,30.980992872842904,229.502,30.980992872842904
10,31,114.751,29.11089271587103,229.502,229.502
10,32,114.751,51.45042462788658,229.502,51.45042462788658
10,33,114.751,51.728679764635054,229.502,51.728679764635054
10,34,114.751,53.78998339350407,229.502,53.78998339350407
10,35,114.751,50.160120354831314,229.502,50.160120354831314
10,36,114.751,51.49927162700504,229.502,51.49927162700504
10,37,114.751,50.955701036596714,229.502,50.955701036596714
10,38,114.751,28.256305544650232,229.502,229.502
10,39,114.751,32.232974925204275,229.502,32.232974925204275
10,40,114.751,28.366381480816454,229.502,229.502
10,41,114.751,27.121163987989405,229.502,229.502
10,42,114.751,55.59075100366676,229.502,55.59075100366676
10,43,114.751,56.255068365510176,229.502,56.255068365510176
10,44,114.751,43.30448013782354,229.502,43.30448013782354
10,45,114.751,31.412767242932368,229.502,229.502
10,46,114.751,31.068125463740717,229.502,31.06812546374072
10,47,114.751,53.69146944382803,229.502,53.69146944382803
10,48,114.751,53.8734065561349,229.502,53.87340655613491
10,49,114.751,44.157439740110576,229.502,229.502
11,0,119.97700000000002,65.46850507013853,239.95400000000004,239.95400000000004
11,1,119.97700000000002,60.60275828197669,239.95400000000004,239.95400000000004
11,2,119.97700000000002,65.0972587858919,239.95400000000004,65.0972587858919
11,3,119.97700000000002,75.62117359967179,239.95400000000004,75.62117359967179
11,4,119.97700000000002,54.06718731684874,239.95400000000004,54.067187316848745
11,5,119.97700000000002,39.885922423641624,239.95400000000004,239.95400000000004
11,6,119.97700000000002,39.91376146585883,239.95400000000004,39.91376146585883
11,7,119.97700000000002,62.7650672745699,239.95400000000004,62.76506727456991
11,8,119.97700000000002,39.159319642603975,239.95400000000004,168.92680379817986
11,9,119.97700000000002,41.107491368985,239.95400000000004,239.89279353055562
11,10,119.97700000000002,71.84343713169196,239.95400000000004,71.84343713169196
11,11,119.97700000000002,74.0223169920256,239.95400000000004,74.0223169920256
11,12,119.97700000000002,41.32664106154723,239.95400000000004,41.32664106154723
11,13,119.97700000000002,45.58544545059344,239.95400000000004,239.95400000000004
11,14,119.97700000000002,76.11079079596298,239.95400000000004,76.11079079596298
11,15,119.97700000000002,73.29446363908745,239.95400000000004,73.29446363908745
11,16,119.97700000000002,61.736234675563544,239.95400000000004,61.73623467556355
11,17,119.97700000000002,55.62000020980476,239.95400000000004,55.62000020980476
11,18,119.97700000000002,68.14710630018291,239.95400000000004,68.14710630018291
11,19,119.97700000000002,56.16749582025019,239.95400000000004,56.16749582025019
11,20,119.97700000000002,75.51601830380515,239.95400000000004,75.51601830380515
11,21,119.97700000000002,67.29090672528116,239.95400000000004,67.29090672528116
11,22,119.97700000000002,62.08750017468006,239.95400000000004,62.087500174680066
11,23,119.97700000000002,41.26880649419173,239.95400000000004,41.26880649419173
11,24,119.97700000000002,65.39264051469468,239.95400000000004,65.39264051469468
11,25,119.97700000000002,41.48251050234713,239.95400000000004,239.95400000000004
11,26,119.97700000000002,42.626367848964165,239.95400000000004,239.95400000000004
11,27,119.97700000000002,71.02692667970665,239.95400000000004,71.02692667970665
11,28,119.97700000000002,59.562223007745054,239.95400000000004,59.562223007745054
11,29,119.97700000000002,59.15002810929096,239.95400000000004,59.150028109290965
11,30,119.97700000000002,64.52151007483376,239.95400000000004,64.52151007483376
11,31,119.97700000000002,70.34682345698577,239.95400000000004,70.34682345698577
11,32,119.97700000000002,74.36992757866757,239.95400000000004,74.36992757866757
11,33,119.97700000000002,39.3868353204075,239.95400000000004,239.95400000000004
11,34,119.97700000000002,38.41824079209632,239.95400000000004,239.95400000000004
11,35,119.97700000000002,39.89986957452737,239.95400000000004,121.52362030713518
11,36,119.97700000000002,75.60827485124243,239.95400000000004,75.60827485124243
11,37,119.97700000000002,58.004402863594564,239.95400000000004,58.004402863594564
11,38,119.97700000000002,51.71780910704602,239.95400000000004,239.95400000000004
11,39,119.97700000000002,60.985537207404704,239.95400000000004,60.985537207404704
11,40,119.97700000000002,41.632923752726924,239.95400000000004,41.632923752726924
11,41,119.97700000000002,52.24225968672474,239.95400000000004,239.95400000000004
11,42,119.97700000000002,48.56533309695827,239.95400000000004,48.56533309695827
11,43,119.97700000000002,63.58561145935509,239.95400000000004,63.58561145935509
11,44,119.97700000000002,43.03328822751104,239.95400000000004,239.95400000000004
11,45,119.97700000000002,75.41198749050015,239.95400000000004,75.41198749050015
11,46,119.97700000000002,38.45612833971687,239.95400000000004,38.45612833971687
11,47,119.97700000000002,40.90562861988563,239.95400000000004,239.95400000000004
11,48,119.97700000000002,43.377841092545935,239.95400000000004,43.377841092545935
11,49,119.97700000000002,76.07713981471021,239.95400000000004,76.07713981471021
12,0,132.21,60.771431700841624,264.42,60.771431700841624
12,1,132.21,82.71969781072693,264.42,82.71969781072693
12,2,132.21,82.26496640182351,264.42,82.26496640182351
12,3,132.21,66.92605430898854,264.42,264.42
12,4,132.21,62.804398801596996,264.42,135.9438920292792
12,5,132.21,85.70707916399994,264.42,85.70707916399994
12,6,132.21,51.74457746253524,264.42,264.42
12,7,132.21,48.668824309219666,264.42,264.42
12,8,132.21,68.3163550159244,264.42,173.04729361520538
12,9,132.21,64.09499747765972,264.42,64.09499747765972
12,10,132.21,51.16730674633273,264.42,264.42
12,11,132.21,51.964297854048375,264.42,264.42
12,12,132.21,73.18333223317823,264.42,73.18333223317823
12,13,132.21,96.44907008105359,264.42,96.44907008105359
12,14,132.21,83.36847941988924,264.42,83.36847941988924
12,15,132.21,56.75823487415028,264.42,56.75823487415028
12,16,132.21,65.88115157979362,264.42,65.88115157979362
12,17,132.21,82.41810070354516,264.42,82.41810070354516
12,18,132.21,51.51001448372481,264.42,51.51001448372481
12,19,132.21,57.61526532874958,264.42,57.61526532874958
12,20,132.21,51.10879904824808,264.42,264.42
12,21,132.21,71.65909453908176,264.42,264.42
12,22,132.21,75.46734850657492,264.42,75.46734850657492
12,23,132.21,91.73308911146901,264.42,91.73308911146901
12,24,132.21,49.17825778663337,264.42,264.42
12,25,132.21,54.61840683136461,264.42,54.61840683136461
12,26,132.21,61.743704554668476,264.42,61.743704554668476
12,27,132.21,68.74765775296031,264.42,68.74765775296031
12,28,132.21,63.12457657332145,264.42,63.12457657332145
12,29,132.21,98.26291581703208,264.42,98.26291581703208
12,30,132.21,65.67321331250018,264.42,65.67321331250018
12,31,132.21,94.0221322778825,264.42,94.0221322778825
12,32,132.21,98.41461180741014,264.42,98.41461180741014
12,33,132.21,62.493685382663806,264.42,264.42
12,34,132.21,55.45990373797521,264.42,55.45990373797521
12,35,132.21,91.21580217148947,264.42,91.21580217148947
12,36,132.21,48.29253202897224,264.42,264.42
12,37,132.21,53.970581999342265,264.42,264.42
12,38,132.21,57.583407630449486,264.42,57.58340763044949
12,39,132.21,48.72547338877086,264.42,48.72547338877086
12,40,132.21,80.08809092983255,264.42,264.42
12,41,132.21,48.390359342726406,264.42,48.3903593427264
12,42,132.21,61.545749347539264,264.42,61.54574934753927
12,43,132.21,76.05946509916512,264.42,76.05946509916512
12,44,132.21,81.94597143036454,264.42,81.94597143036454
12,45,132.21,53.787634300741544,264.42,53.78763430074155
12,46,132.21,75.14464992598398,264.42,75.14464992598398
12,47,132.21,83.87249676666698,264.42,83.87249676666698
12,48,132.21,49.90760758716028,264.42,264.42
12,49,132.21,71.26267478132918,264.42,71.26267478132918
13,0,111.943,208.82283707212687,417.64567414425375,208.82283707212687
13,1,111.943,160.92139292224115,321.8427858444823,160.92139292224115
13,2,111.943,242.76512382571323,485.53024765142646,242.76512382571323
13,3,111.943,161.73631079432394,323.4726215886479,161.73631079432394
13,4,111.943,259.4061479130589,518.8122958261177,259.4061479130589
13,5,111.943,230.22287676985812,460.44575353971624,230.22287676985812
13,6,111.943,288.2672592187423,576.5345184374846,288.2672592187423
13,7,111.943,226.20696038152573,452.41392076305146,226.20696038152573
13,8,111.943,286.4071466629378,572.8142933258756,286.4071466629378
13,9,111.943,206.8259820873679,413.6519641747358,206.82598208736792
13,10,111.943,226.1289909423327,452.2579818846654,226.1289909423327
13,11,111.943,246.1280795752627,492.2561591505254,246.1280795752627
13,12,111.943,260.4574661496043,520.9149322992085,260.4574661496043
13,13,111.943,198.42284698633694,396.84569397267387,198.42284698633694
13,14,111.943,157.17644416273896,314.3528883254779,157.17644416273896
13,15,111.943,261.71305392238156,523.4261078447631,261.71305392238156
13,16,111.943,271.37966652171446,542.7593330434289,271.37966652171446
13,17,111.943,290.6244212285812,581.2488424571624,290.6244212285812
13,18,111.943,247.01274093513962,494.02548187027924,247.01274093513962
13,19,111.943,277.6099133598951,555.2198267197901,277.6099133598951
13,20,111.943,178.60238321766033,357.20476643532066,178.60238321766033
13,21,111.943,204.48668234522768,408.97336469045536,204.48668234522768
13,22,111.943,213.46524601884843,426.93049203769687,213.46524601884843
13,23,111.943,203.29382163496845,406.5876432699369,203.29382163496845
13,24,111.943,201.91137959649177,403.82275919298354,201.9113795964918
13,25,111.943,252.70492402165038,505.40984804330077,252.70492402165038
13,26,111.943,283.51454199889935,567.0290839977987,283.51454199889935
13,27,111.943,233.87010022072508,467.74020044145016,233.87010022072508
13,28,111.943,266.6121895840957,533.2243791681914,266.6121895840957
13,29,111.943,244.51883419758252,489.03766839516504,244.51883419758252
13,30,111.943,262.7433443446724,525.4866886893448,262.7433443446724
13,31,111.943,245.73577688502107,491.47155377004214,245.73577688502107
13,32,111.943,171.4956663894422,342.9913327788844,171.4956663894422
13,33,111.943,287.726011933721,575.452023867442,287.726011933721
13,34,111.943,176.34891159388363,352.69782318776726,176.34891159388363
13,35,111.943,193.58395873272104,387.1679174654421,193.58395873272104
13,36,111.943,235.2629374672689,470.5258749345378,235.26293746726893
13,37,111.943,258.314461968821,516.628923937642,258.314461968821
13,38,111.943,298.61521777594373,597.2304355518875,298.61521777594373
13,39,111.943,172.85138497902471,345.70276995804943,172.85138497902471
13,40,111.943,157.14534270817475,314.2906854163495,157.14534270817475
13,41,111.943,247.89852033402036,495.7970406680407,247.89852033402036
13,42,111.943,241.53689510179308,483.07379020358616,241.5368951017931
13,43,111.943,266.59327191672367,533.1865438334473,266.59327191672367
13,44,111.943,178.68914132749123,357.37828265498246,178.68914132749123
13,45,111.943,275.28079818882526,550.5615963776505,275.28079818882526
13,46,111.943,159.631611175667,319.263222351334,159.631611175667
13,47,111.943,170.08790077689417,340.17580155378835,170.08790077689417
13,48,111.943,177.91430218140798,355.82860436281595,177.91430218140798
13,49,111.943,163.4493287534757,326.8986575069514,163.4493287534757
14,0,114.218,78.34084973277314,228.436,78.34084973277314
14,1,114.218,127.08458132525594,254.16916265051188,127.08458132525595
14,2,114.218,153.63243243394487,307.26486486788974,153.63243243394487
14,3,114.218,108.70873720838537,228.436,108.70873720838536
14,4,114.218,87.07823343936457,228.436,87.07823343936457
14,5,114.218,98.68728275525717,228.436,98.68728275525717
14,6,114.218,94.56024242754859,228.436,94.56024242754859
14,7,114.218,132.542937197184,265.085874394368,132.542937197184
14,8,114.218,124.99127461319655,249.9825492263931,124.99127461319655
14,9,114.218,124.14131133520698,248.28262267041396,124.14131133520698
14,10,114.218,154.236584604033,308.473169208066,154.236584604033
14,11,114.218,97.10068174189308,228.436,97.1006817418931
14,12,114.218,125.33529230241648,250.67058460483295,125.33529230241649
14,13,114.218,106.7884325516093,228.436,106.7884325516093
14,14,114.218,134.29201341254975,268.5840268250995,134.29201341254975
14,15,114.218,103.99262536686683,228.436,103.99262536686685
14,16,114.218,141.67021987547832,283.34043975095665,141.67021987547832
14,17,114.218,97.16079954484579,228.436,97.16079954484579
14,18,114.218,130.6666538050719,261.3333076101438,130.6666538050719
14,19,114.218,91.79847610532227,228.436,91.79847610532227
14,20,114.218,136.19809747001048,272.39619494002096,136.19809747001048
14,21,114.218,116.66327038923862,233.32654077847724,116.66327038923863
14,22,114.218,93.95204015016822,228.436,93.95204015016822
14,23,114.218,134.71465271815273,269.42930543630547,134.71465271815273
14,24,114.218,84.2530007737095,228.436,84.2530007737095
14,25,114.218,132.33963068214078,264.67926136428156,132.33963068214078
14,26,114.218,136.54949281513066,273.0989856302613,136.54949281513066
14,27,114.218,118.17403305240057,236.34806610480115,118.17403305240057
14,28,114.218,117.84315533770386,235.68631067540773,117.84315533770386
14,29,114.218,136.06255341856743,272.12510683713487,136.06255341856743
14,30,114.218,120.50206806512512,241.00413613025023,120.50206806512512
14,31,114.218,80.87415101130773,228.436,80.87415101130773
14,32,114.218,80.80831328225793,228.436,80.80831328225793
14,33,114.218,151.92817181085505,303.8563436217101,151.92817181085505
14,34,114.218,114.6236814401206,229.2473628802412,114.6236814401206
14,35,114.218,128.40864211195162,256.81728422390324,128.40864211195162
14,36,114.218,104.25278198051225,228.436,104.25278198051227
14,37,114.218,103.67927647801714,228.436,103.67927647801713
14,38,114.218,130.0790163507515,260.158032701503,130.0790163507515
14,39,114.218,99.91183492632621,228.436,99.91183492632622
14,40,114.218,83.02482198983584,228.436,83.02482198983584
14,41,114.218,101.5112229125046,228.436,101.5112229125046
14,42,114.218,84.40862324193651,228.436,84.40862324193651
14,43,114.218,153.53899099478292,307.07798198956584,153.53899099478292
14,44,114.218,143.31070068144712,286.62140136289423,143.31070068144712
14,45,114.218,126.18168026383289,252.36336052766578,126.1816802638329
14,46,114.218,80.6919697729685,228.436,80.6919697729685
14,47,114.218,110.1842883712871,228.436,110.18428837128711
14,48,114.218,146.95202270181355,293.9040454036271,146.95202270181355
14,49,114.218,124.51104358115971,249.02208716231942,124.51104358115973
15,0,118.521,5.981026150881204,237.042,5.981026150881204
15,1,118.521,5.89129398511232,237.042,237.04200000000003
15,2,118.521,5.000362582410994,237.042,5.000362582410994
15,3,118.521,4.217121480623692,237.042,4.217121480623692
15,4,118.521,6.64142053067134,237.042,6.64142053067134
15,5,118.521,7.222488520200837,237.042,237.04200000000003
15,6,118.521,5.139892768638296,237.042,5.13989276863831
15,7,118.521,6.8563384362581345,237.042,6.8563384362581345
15,8,118.521,6.05052210105597,237.042,6.05052210105597
15,9,118.521,4.724663937405329,237.042,4.724663937405329
15,10,118.521,6.6134428773936556,237.042,6.613442877393656
15,11,118.521,7.958576428267906,237.042,7.958576428267906
15,12,118.521,6.932204541937984,237.042,6.932204541937984
15,13,118.521,5.996964585913356,237.042,5.996964585913356
15,14,118.521,4.309396992524314,237.042,4.309396992524314
15,15,118.521,5.361776685426033,237.042,5.361776685426033
15,16,118.521,6.940203912500506,237.042,6.940203912500506
15,17,118.521,7.312134684288624,237.042,7.312134684288625
15,18,118.521,5.689760613265752,237.042,5.689760613265752
15,19,118.521,5.116943053372103,237.042,5.116943053372103
15,20,118.521,7.688346877870465,237.042,7.688346877870465
15,21,118.521,4.614879669409789,237.042,4.614879669409789
15,22,118.521,6.0870027056080485,237.042,237.04200000000003
15,23,118.521,6.990754051709643,237.042,6.990754051709643
15,24,118.521,6.4987639044773875,237.042,6.4987639044773875
15,25,118.521,4.450977275690729,237.042,4.450977275690729
15,26,118.521,5.144482790520033,237.042,237.04200000000003
15,27,118.521,4.988929486372869,237.042,237.04200000000003
15,28,118.521,6.5192289583730645,237.042,6.5192289583730645
15,29,118.521,5.134365185677586,237.042,5.134365185677586
15,30,118.521,7.596129388237904,237.042,7.596129388237904
15,31,118.521,4.5895529734948095,237.042,4.5895529734948095
15,32,118.521,5.990698297157062,237.042,237.04200000000003
15,33,118.521,8.198656644884185,237.042,8.198656644884185
15,34,118.521,8.510399155234342,237.042,237.04200000000003
15,35,118.521,5.614788429009632,237.042,5.614788429009632
15,36,118.521,5.132810617580522,237.042,5.132810617580522
15,37,118.521,4.296457293563352,237.042,4.296457293563352
15,38,118.521,7.3683507595962805,237.042,237.04200000000003
15,39,118.521,4.531788429441368,237.042,4.531788429441368
15,40,118.521,8.717619889897412,237.042,8.717619889897412
15,41,118.521,5.5617326254312305,237.042,237.04200000000003
15,42,118.521,8.561040109331087,237.042,237.04200000000003
15,43,118.521,7.479357158704609,237.042,237.04200000000003
15,44,118.521,6.07029124415764,237.042,237.04200000000003
15,45,118.521,5.658846660861402,237.042,5.658846660861402
15,46,118.521,7.240710513686187,237.042,7.240710513686187
15,47,118.521,8.41567471897143,237.042,8.41567471897143
15,48,118.521,5.4122270291192445,237.042,5.4122270291192445
15,49,118.521,7.123566622324179,237.042,7.123566622324179
16,0,125.45,24.852502079228536,250.9,250.89999999999998
16,1,125.45,17.641979561545977,250.9,17.641979561545977
16,2,125.45,17.870313121776174,250.9,17.870313121776174
16,3,125.45,17.768101617858466,250.9,17.768101617858466
16,4,125.45,17.78120819568534,250.9,250.89999999999998
16,5,125.45,22.538017943450228,250.9,22.538017943450228
16,6,125.45,31.485566216762184,250.9,31.485566216762184
16,7,125.45,34.1542999342306,250.9,34.1542999342306
16,8,125.45,24.43410570544991,250.9,250.89999999999998
16,9,125.45,31.080034176948132,250.9,31.080034176948136
16,10,125.45,33.12367924450913,250.9,33.12367924450913
16,11,125.45,21.616779282245535,250.9,21.616779282245535
16,12,125.45,28.38388409266575,250.9,28.383884092665753
16,13,125.45,34.33580465960081,250.9,34.33580465960081
16,14,125.45,27.440584216256216,250.9,27.440584216256212
16,15,125.45,30.12110609550407,250.9,250.89999999999998
16,16,125.45,19.095260919830555,250.9,19.095260919830555
16,17,125.45,24.363635988507184,250.9,24.363635988507184
16,18,125.45,23.449685858107202,250.9,250.89999999999998
16,19,125.45,31.177569658293045,250.9,31.17756965829305
16,20,125.45,19.442918508420995,250.9,19.44291850842097
16,21,125.45,30.92358266503592,250.9,30.92358266503592
16,22,125.45,26.940597633388833,250.9,26.940597633388837
16,23,125.45,28.618506955103584,250.9,28.618506955103584
16,24,125.45,33.93654236689091,250.9,33.93654236689092
16,25,125.45,30.9277682136772,250.9,30.927768213677204
16,26,125.45,26.726915441710485,250.9,250.89999999999998
16,27,125.45,21.924149283854167,250.9,21.924149283854167
16,28,125.45,24.05840319417671,250.9,24.05840319417671
16,29,125.45,21.174564574421588,250.9,21.174564574421588
16,30,125.45,21.666643946868568,250.9,250.89999999999998
16,31,125.45,28.767551339035386,250.9,28.767551339035386
16,32,125.45,23.87313868267664,250.9,250.89999999999998
16,33,125.45,34.66213318706762,250.9,250.89999999999998
16,34,125.45,21.04580981590944,250.9,250.89999999999998
16,35,125.45,29.865490958647044,250.9,29.865490958647044
16,36,125.45,21.86974047892483,250.9,250.89999999999998
16,37,125.45,32.938225510369776,250.9,32.938225510369755
16,38,125.45,26.270364893407454,250.9,26.270364893407454
16,39,125.45,33.133756944790946,250.9,33.133756944790946
16,40,125.45,33.150336623792796,250.9,33.150336623792796
16,41,125.45,35.07135860385335,250.9,250.89999999999998
16,42,125.45,30.878139998126127,250.9,30.878139998126127
16,43,125.45,28.396520015109168,250.9,28.39652001510915
16,44,125.45,25.763511166775853,250.9,25.763511166775853
16,45,125.45,32.90762377466012,250.9,32.90762377466012
16,46,125.45,25.84112708251449,250.9,250.89999999999998
16,47,125.45,34.17622271601785,250.9,34.17622271601785
16,48,125.45,30.585258994498695,250.9,30.585258994498695
16,49,125.45,27.20618267359466,250.9,250.89999999999998
17,0,131.872,47.40548193816143,263.744,47.40548193816143
17,1,131.872,49.9261743154085,263.744,49.9261743154085
17,2,131.872,43.02378028693961,263.744,43.02378028693961
17,3,131.872,67.34459587854892,263.744,67.34459587854892
17,4,131.872,63.36244705984686,263.744,63.36244705984686
17,5,131.872,66.36449946293996,263.744,66.36449946293996
17,6,131.872,55.40799826666272,263.744,55.40799826666273
17,7,131.872,74.8149336747149,263.744,74.8149336747149
17,8,131.872,43.23515337837356,263.744,43.23515337837356
17,9,131.872,49.43591251495301,263.744,49.43591251495301
17,10,131.872,54.92088736629984,263.744,263.744
17,11,131.872,38.51331819344962,263.744,70.49954594947837
17,12,131.872,65.46102098092402,263.744,65.46102098092402
17,13,131.872,48.05942987699365,263.744,48.05942987699365
17,14,131.872,46.05010214207573,263.744,46.05010214207573
17,15,131.872,61.56213072282193,263.744,263.744
17,16,131.872,70.74583032089205,263.744,263.744
17,17,131.872,38.077439822121505,263.744,263.744
17,18,131.872,57.599211278910495,263.744,57.5992112789105
17,19,131.872,54.44137428989067,263.744,54.44137428989067
17,20,131.872,75.91088952280019,263.744,75.91088952280019
17,21,131.872,51.11001304772386,263.744,51.110013047723854
17,22,131.872,40.84087653504259,263.744,40.84087653504259
17,23,131.872,75.53596014468962,263.744,258.6734399542806
17,24,131.872,55.138321788588314,263.744,55.13832178858832
17,25,131.872,56.038553274520396,263.744,56.038553274520396
17,26,131.872,57.77796189392784,263.744,57.777961893927845
17,27,131.872,46.92827993522917,263.744,263.744
17,28,131.872,62.61561444866963,263.744,62.61561444866963
17,29,131.872,65.37710113142835,263.744,65.37710113142835
17,30,131.872,60.946573060669856,263.744,263.744
17,31,131.872,60.19694735093632,263.744,60.19694735093633
17,32,131.872,53.58180073822868,263.744,263.744
17,33,131.872,62.72678429354251,263.744,62.726784293542515
17,34,131.872,39.67870347346329,263.744,263.744
17,35,131.872,51.34787129708978,263.744,263.744
17,36,131.872,37.69154489897762,263.744,37.69154489897762
17,37,131.872,59.64749222588961,263.744,263.744
17,38,131.872,74.2742551905344,263.744,263.744
17,39,131.872,73.84780522786089,263.744,263.744
17,40,131.872,65.17881575613741,263.744,65.17881575613741
17,41,131.872,57.928810059764274,263.744,57.92881005976428
17,42,131.872,67.79456583806962,263.744,67.79456583806962
17,43,131.872,46.12586351935345,263.744,263.744
17,44,131.872,48.356378077518954,263.744,263.744
17,45,131.872,50.43422322744258,263.744,50.43422322744257
17,46,131.872,54.6536590377014,263.744,54.65365903770141
17,47,131.872,71.9113835846587,263.744,263.744
17,48,131.872,68.51834233443662,263.744,68.51834233443662
17,49,131.872,57.28734947815213,263.744,57.28734947815213
18,0,134.511,65.46372189401698,269.022,65.46372189401698
18,1,134.511,50.02093752802331,269.022,50.02093752802331
18,2,134.511,58.72628894850419,269.022,269.022
18,3,134.511,73.01936369772189,269.022,73.01936369772189
18,4,134.511,81.92108202289728,269.022,81.92108202289728
18,5,134.511,69.47752141044096,269.022,69.47752141044096
18,6,134.511,74.2080278794345,269.022,269.022
18,7,134.511,77.8137055887496,269.022,77.8137055887496
18,8,134.511,72.1271229405775,269.022,269.022
18,9,134.511,79.6904822121226,269.022,79.6904822121226
18,10,134.511,72.86969691407252,269.022,72.86969691407252
18,11,134.511,81.36836663281349,269.022,81.36836663281349
18,12,134.511,81.60429483541586,269.022,81.60429483541586
18,13,134.511,83.52777598634789,269.022,83.52777598634789
18,14,134.511,75.96752839553012,269.022,75.96752839553012
18,15,134.511,42.4793325392097,269.022,42.4793325392097
18,16,134.511,67.04471473248556,269.022,269.022
18,17,134.511,46.28100197939286,269.022,46.28100197939286
18,18,134.511,80.91419056248563,269.022,80.91419056248563
18,19,134.511,63.11809762186483,269.022,63.118097621864834
18,20,134.511,42.608535174750266,269.022,42.608535174750266
18,21,134.511,58.02745392024157,269.022,269.022
18,22,134.511,78.73522717011762,269.022,78.73522717011762
18,23,134.511,78.49096899345473,269.022,269.022
18,24,134.511,83.85804344483272,269.022,83.85804344483272
18,25,134.511,70.30136323190399,269.022,269.022
18,26,134.511,74.48844331353776,269.022,74.48844331353776
18,27,134.511,46.4687687487073,269.022,269.022
18,28,134.511,55.78430017227679,269.022,55.784300172276794
18,29,134.511,47.012726570434964,269.022,47.012726570434964
18,30,134.511,69.03418557062999,269.022,69.03418557062999
18,31,134.511,62.441254017902274,269.022,62.44125401790227
18,32,134.511,50.78384668581162,269.022,50.78384668581162
18,33,134.511,73.76370238221385,269.022,269.022
18,34,134.511,79.59921932306028,269.022,79.59921932306028
18,35,134.511,49.54205602362838,269.022,269.022
18,36,134.511,80.94156883321236,269.022,80.94156883321236
18,37,134.511,55.312126969665194,269.022,269.022
18,38,134.511,79.00609227703832,269.022,79.00609227703832
18,39,134.511,70.27254176004556,269.022,70.27254176004556
18,40,134.511,65.35633006298987,269.022,65.35633006298987
18,41,134.511,61.91361500270138,269.022,61.913615002701384
18,42,134.511,81.41233117207142,269.022,269.022
18,43,134.511,68.71943011555229,269.022,68.71943011555229
18,44,134.511,77.93669849912594,269.022,77.93669849912594
18,45,134.511,85.58959921944697,269.022,85.58959921944697
18,46,134.511,49.91252352343047,269.022,162.86814284543274
18,47,134.511,53.42058826987331,269.022,53.42058826987331
18,48,134.511,70.8297398314657,269.022,70.8297398314657
18,49,134.511,50.206472873849215,269.022,174.85164171201117
19,0,122.57700000000001,47.65673377053881,245.15400000000002,245.15400000000005
19,1,122.57700000000001,82.91351406087364,245.15400000000002,245.15400000000005
19,2,122.57700000000001,80.4940272027464,245.15400000000002,245.15400000000005
19,3,122.57700000000001,80.06171676098991,245.15400000000002,80.06171676098991
19,4,122.57700000000001,52.35598336518068,245.15400000000002,245.15400000000005
19,5,122.57700000000001,64.33582363540852,245.15400000000002,64.33582363540852
19,6,122.57700000000001,62.665509339724615,245.15400000000002,62.665509339724615
19,7,122.57700000000001,42.69710395924269,245.15400000000002,42.69710395924269
19,8,122.57700000000001,42.59558403641616,245.15400000000002,42.59558403641616
19,9,122.57700000000001,48.02232241418634,245.15400000000002,48.02232241418634
19,10,122.57700000000001,58.79925427453708,245.15400000000002,58.799254274537084
19,11,122.57700000000001,48.65968818413345,245.15400000000002,48.65968818413345
19,12,122.57700000000001,43.06744482131077,245.15400000000002,245.15400000000005
19,13,122.57700000000001,59.792411186448,245.15400000000002,245.15400000000005
19,14,122.57700000000001,75.1587326593398,245.15400000000002,75.1587326593398
19,15,122.57700000000001,42.51459561254076,245.15400000000002,42.51459561254076
19,16,122.57700000000001,68.09524957290242,245.15400000000002,68.09524957290242
19,17,122.57700000000001,56.37673274218984,245.15400000000002,56.37673274218984
19,18,122.57700000000001,84.10258212940649,245.15400000000002,84.10258212940649
19,19,122.57700000000001,73.8340629297589,245.15400000000002,245.15399999999912
19,20,122.57700000000001,80.3163337777175,245.15400000000002,80.3163337777175
19,21,122.57700000000001,75.59840381667286,245.15400000000002,75.59840381667286
19,22,122.57700000000001,69.43191165807698,245.15400000000002,69.43191165807698
19,23,122.57700000000001,43.91627860070474,245.15400000000002,245.15400000000005
19,24,122.57700000000001,59.9096466286866,245.15400000000002,59.90964662868661
19,25,122.57700000000001,43.737455490122706,245.15400000000002,43.737455490122706
19,26,122.57700000000001,82.83133569889499,245.15400000000002,245.15400000000005
19,27,122.57700000000001,68.01838770788208,245.15400000000002,68.01838770788208
19,28,122.57700000000001,49.116499862968006,245.15400000000002,245.15400000000005
19,29,122.57700000000001,52.52969034247557,245.15400000000002,245.15400000000005
19,30,122.57700000000001,56.23983224674133,245.15400000000002,56.23983224674133
19,31,122.57700000000001,69.5791644109846,245.15400000000002,69.5791644109846
19,32,122.57700000000001,53.64746234854354,245.15400000000002,53.64746234854354
19,33,122.57700000000001,82.85783296966277,245.15400000000002,245.15400000000005
19,34,122.57700000000001,53.41259696842332,245.15400000000002,53.41259696842332
19,35,122.57700000000001,79.29522397291038,245.15400000000002,245.15400000000005
19,36,122.57700000000001,65.2846219502597,245.15400000000002,245.15400000000005
19,37,122.57700000000001,46.27854472642191,245.15400000000002,167.18082252005618
19,38,122.57700000000001,56.54145766783542,245.15400000000002,56.54145766783542
19,39,122.57700000000001,54.64481228270625,245.15400000000002,54.64481228270625
19,40,122.57700000000001,84.96145141017651,245.15400000000002,84.96145141017651
19,41,122.57700000000001,59.62066598399421,245.15400000000002,59.620665983994215
19,42,122.57700000000001,69.0593583996869,245.15400000000002,69.0593583996869
19,43,122.57700000000001,56.50042864642549,245.15400000000002,56.50042864642549
19,44,122.57700000000001,78.38728924767906,245.15400000000002,245.15400000000005
19,45,122.57700000000001,62.757904559423075,245.15400000000002,245.15400000000005
19,46,122.57700000000001,64.09831195233079,245.15400000000002,64.09831195233079
19,47,122.57700000000001,79.5501143801708,245.15400000000002,79.5501143801708
19,48,122.57700000000001,50.60866945753621,245.15400000000002,50.608669457536216
19,49,122.57700000000001,59.64381692421033,245.15400000000002,59.64381692421033
20,0,119.158,85.95467663271877,238.316,85.95467663271877
20,1,119.158,82.53628230037182,238.316,82.53628230037182
20,2,119.158,85.60058321100067,238.316,85.60058321100067
20,3,119.158,100.95109739964089,238.316,100.9510973996409
20,4,119.158,63.4133040261927,238.316,238.31600000000003
20,5,119.158,64.8319060834514,238.316,64.8319060834514
20,6,119.158,94.61108371861435,238.316,238.31600000000003
20,7,119.158,74.70609478088112,238.316,74.70609478088112
20,8,119.158,49.86808407532986,238.316,49.86808407532986
20,9,119.158,97.33901125203339,238.316,97.33901125203339
20,10,119.158,96.95484021680738,238.316,96.95484021680738
20,11,119.158,70.01343011333613,238.316,70.01343011333613
20,12,119.158,70.20861858192968,238.316,70.20861858192968
20,13,119.158,101.0504631211991,238.316,170.48296700039694
20,14,119.158,67.43641464184151,238.316,238.31600000000003
20,15,119.158,56.125696569714606,238.316,56.12569656971461
20,16,119.158,85.5261440355352,238.316,85.5261440355352
20,17,119.158,63.48138456933646,238.316,238.31600000000003
20,18,119.158,58.63347453506716,238.316,58.633474535067165
20,19,119.158,85.75077100742273,238.316,238.31600000000003
20,20,119.158,53.56647250101058,238.316,53.56647250101057
20,21,119.158,102.45298901491103,238.316,102.45298901491103
20,22,119.158,62.00260000604226,238.316,62.002600006042265
20,23,119.158,68.98311628972543,238.316,68.98311628972543
20,24,119.158,99.44761471661313,238.316,99.44761471661313
20,25,119.158,82.65902127376557,238.316,82.65902127376557
20,26,119.158,50.05229583037967,238.316,50.05229583037967
20,27,119.158,98.85630297092251,238.316,98.85630297092251
20,28,119.158,67.06605169934572,238.316,67.06605169934572
20,29,119.158,57.026808242476754,238.316,238.31600000000003
20,30,119.158,63.16370935278817,238.316,63.16370935278817
20,31,119.158,79.42205790755818,238.316,79.42205790755818
20,32,119.158,90.16336847018566,238.316,238.31599999999855
20,33,119.158,78.48142327184163,238.316,78.48142327184163
20,34,119.158,75.35942705613859,238.316,238.31600000000003
20,35,119.158,89.86285747614247,238.316,89.86285747614247
20,36,119.158,99.21082827819286,238.316,99.21082827819286
20,37,119.158,75.68327892874719,238.316,75.68327892874719
20,38,119.158,54.669233316287325,238.316,238.31600000000003
20,39,119.158,56.97788976465399,238.316,56.97788976465399
20,40,119.158,99.31957309031709,238.316,99.31957309031709
20,41,119.158,99.57822027755049,238.316,238.31600000000003
20,42,119.158,88.55085586929273,238.316,88.55085586929273
20,43,119.158,81.97480734447517,238.316,238.31600000000003
20,44,119.158,96.24534168368753,238.316,96.24534168368754
20,45,119.158,91.47294735029264,238.316,91.47294735029264
20,46,119.158,88.20083880658568,238.316,88.20083880658568
20,47,119.158,78.84874733915792,238.316,238.3160000000022
20,48,119.158,88.1486262728579,238.316,88.1486262728579
20,49,119.158,68.54840085610836,238.316,68.54840085610836
21,0,114.23100000000001,103.98725838925611,228.46200000000002,228.46200000000005
21,1,114.23100000000001,100.9039036112726,228.46200000000002,100.9039036112726
21,2,114.23100000000001,85.96093392056852,228.46200000000002,85.96093392056852
21,3,114.23100000000001,57.67599933685307,228.46200000000002,57.67599933685307
21,4,114.23100000000001,77.69274469520569,228.46200000000002,228.46200000000005
21,5,114.23100000000001,81.49101787402545,228.46200000000002,81.49101787402545
21,6,114.23100000000001,64.2963804938492,228.46200000000002,64.2963804938492
21,7,114.23100000000001,88.79042182039026,228.46200000000002,88.79042182039026
21,8,114.23100000000001,56.07888468821704,228.46200000000002,56.07888468821704
21,9,114.23100000000001,70.8377457461249,228.46200000000002,70.8377457461249
21,10,114.23100000000001,62.80282737379181,228.46200000000002,228.46200000000005
21,11,114.23100000000001,86.21722045098277,228.46200000000002,228.4620000000018
21,12,114.23100000000001,61.9996031168959,228.46200000000002,61.9996031168959
21,13,114.23100000000001,64.70374613139657,228.46200000000002,64.70374613139657
21,14,114.23100000000001,109.73426299087562,228.46200000000002,109.73426299087564
21,15,114.23100000000001,69.21129989884717,228.46200000000002,228.46200000000005
21,16,114.23100000000001,84.49439827016668,228.46200000000002,84.49439827016668
21,17,114.23100000000001,67.67807625848457,228.46200000000002,228.46200000000005
21,18,114.23100000000001,55.520941112293286,228.46200000000002,55.520941112293286
21,19,114.23100000000001,95.81766814076165,228.46200000000002,95.81766814076165
21,20,114.23100000000001,75.38382241793,228.46200000000002,75.38382241793
21,21,114.23100000000001,81.5698901410917,228.46200000000002,81.5698901410917
21,22,114.23100000000001,54.94661702348789,228.46200000000002,54.94661702348789
21,23,114.23100000000001,64.89101824472681,228.46200000000002,69.44157091005879
21,24,114.23100000000001,86.47272079111558,228.46200000000002,86.47272079111558
21,25,114.23100000000001,93.53877865747869,228.46200000000002,93.53877865747869
21,26,114.23100000000001,91.64174925488419,228.46200000000002,91.64174925488419
21,27,114.23100000000001,109.29447151417547,228.46200000000002,109.29447151417546
21,28,114.23100000000001,75.20059315305453,228.46200000000002,75.20059315305453
21,29,114.23100000000001,104.31336791557041,228.46200000000002,104.31336791557042
21,30,114.23100000000001,97.8372284625833,228.46200000000002,97.8372284625833
21,31,114.23100000000001,94.76227779179813,228.46200000000002,94.76227779179813
21,32,114.23100000000001,103.2489335479014,228.46200000000002,103.24893354790142
21,33,114.23100000000001,106.0021311364151,228.46200000000002,106.0021311364151
21,34,114.23100000000001,94.70285517317133,228.46200000000002,94.70285517317133
21,35,114.23100000000001,57.73038547957854,228.46200000000002,57.73038547957854
21,36,114.23100000000001,65.15210511905046,228.46200000000002,217.30256119141492
21,37,114.23100000000001,86.9127329211289,228.46200000000002,86.9127329211289
21,38,114.23100000000001,86.42719148567556,228.46200000000002,86.42719148567556
21,39,114.23100000000001,110.56577371001181,228.46200000000002,110.56577371001181
21,40,114.23100000000001,87.0503470753348,228.46200000000002,228.46200000000005
21,41,114.23100000000001,101.3120900427865,228.46200000000002,101.3120900427865
21,42,114.23100000000001,90.86182035073818,228.46200000000002,90.86182035073818
21,43,114.23100000000001,59.3875436496046,228.46200000000002,228.4619999999978
21,44,114.23100000000001,75.00551444791537,228.46200000000002,75.00551444791537
21,45,114.23100000000001,81.73539819638343,228.46200000000002,228.4619999999989
21,46,114.23100000000001,62.67856203081347,228.46200000000002,62.67856203081347
21,47,114.23100000000001,81.23538733232687,228.46200000000002,81.23538733232687
21,48,114.23100000000001,88.32772666790991,228.46200000000002,88.32772666790991
21,49,114.23100000000001,100.54237977223106,228.46200000000002,180.3693391952935
22,0,107.87400000000001,91.87031270453711,215.74800000000002,91.87031270453711
22,1,107.87400000000001,103.00026329717173,215.74800000000002,103.00026329717173
22,2,107.87400000000001,103.53646884229717,215.74800000000002,103.53646884229717
22,3,107.87400000000001,57.48571658495305,215.74800000000002,215.7479999999989
22,4,107.87400000000001,107.43205835041715,215.74800000000002,107.43205835041717
22,5,107.87400000000001,78.53239136583392,215.74800000000002,78.53239136583392
22,6,107.87400000000001,90.06087728312663,215.74800000000002,90.06087728312663
22,7,107.87400000000001,70.207459464847,215.74800000000002,70.207459464847
22,8,107.87400000000001,70.69605258410463,215.74800000000002,70.69605258410463
22,9,107.87400000000001,82.2935966004331,215.74800000000002,82.2935966004331
22,10,107.87400000000001,108.4144393063784,216.8288786127568,108.4144393063784
22,11,107.87400000000001,78.85026636750554,215.74800000000002,78.85026636750554
22,12,107.87400000000001,109.44973891679987,218.89947783359975,109.44973891679987
22,13,107.87400000000001,108.10869801285064,216.21739602570128,108.10869801285064
22,14,107.87400000000001,98.96420381975813,215.74800000000002,98.96420381975813
22,15,107.87400000000001,78.02265718470684,215.74800000000002,78.02265718470684
22,16,107.87400000000001,76.22639066107588,215.74800000000002,76.22639066107588
22,17,107.87400000000001,98.90803707580916,215.74800000000002,98.90803707580916
22,18,107.87400000000001,77.07665199853516,215.74800000000002,77.07665199853516
22,19,107.87400000000001,57.71273015510525,215.74800000000002,215.74800000000067
22,20,107.87400000000001,103.99595998386901,215.74800000000002,103.99595998386901
22,21,107.87400000000001,71.64036241213354,215.74800000000002,71.64036241213354
22,22,107.87400000000001,92.5017735067753,215.74800000000002,92.5017735067753
22,23,107.87400000000001,98.38687043537294,215.74800000000002,98.38687043537294
22,24,107.87400000000001,93.92536399432201,215.74800000000002,93.92536399432201
22,25,107.87400000000001,109.92525182072859,219.85050364145718,109.92525182072859
22,26,107.87400000000001,83.23963055245093,215.74800000000002,83.23963055245093
22,27,107.87400000000001,107.94984252117048,215.89968504234096,107.94984252117048
22,28,107.87400000000001,56.42705613671044,215.74800000000002,215.74800000000002
22,29,107.87400000000001,80.22471406660232,215.74800000000002,80.22471406660232
22,30,107.87400000000001,84.86072948706398,215.74800000000002,84.86072948706398
22,31,107.87400000000001,87.9587377778399,215.74800000000002,87.9587377778399
22,32,107.87400000000001,66.86217357957223,215.74800000000002,66.86217357957223
22,33,107.87400000000001,100.64859310403463,215.74800000000002,100.64859310403462
22,34,107.87400000000001,105.59916411688428,215.74800000000002,105.59916411688428
22,35,107.87400000000001,108.63401286565617,217.26802573131235,108.63401286565617
22,36,107.87400000000001,75.03571062444246,215.74800000000002,75.03571062444246
22,37,107.87400000000001,111.24693910252365,222.4938782050473,111.24693910252365
22,38,107.87400000000001,75.99590825849474,215.74800000000002,75.99590825849474
22,39,107.87400000000001,68.57649934781413,215.74800000000002,68.57649934781413
22,40,107.87400000000001,94.90439261187728,215.74800000000002,94.90439261187728
22,41,107.87400000000001,55.54880428539383,215.74800000000002,215.74800000000002
22,42,107.87400000000001,65.39606799432754,215.74800000000002,158.49865227368798
22,43,107.87400000000001,61.382504769920864,215.74800000000002,215.74800000000033
22,44,107.87400000000001,72.37334355304245,215.74800000000002,72.37334355304245
22,45,107.87400000000001,105.53148152658625,215.74800000000002,105.53148152658625
22,46,107.87400000000001,61.453530687054666,215.74800000000002,215.7479999999996
22,47,107.87400000000001,110.17778949084719,220.35557898169438,110.1777894908472
22,48,107.87400000000001,97.52071184151258,215.74800000000002,97.5207118415126
22,49,107.87400000000001,101.34682730850767,215.74800000000002,101.34682730850768
23,0,102.284,61.855879367643276,204.568,61.855879367643276
23,1,102.284,82.19559692504951,204.568,82.19559692504951
23,2,102.284,67.5872607148515,204.568,67.5872607148515
23,3,102.284,80.76640877124228,204.568,80.76640877124228
23,4,102.284,55.475901980549736,204.568,55.475901980549736
23,5,102.284,83.29658309921555,204.568,83.29658309921555
23,6,102.284,84.16350130588279,204.568,84.16350130588279
23,7,102.284,58.768817482516454,204.568,58.768817482516454
23,8,102.284,48.13836011697942,204.568,204.56799999999998
23,9,102.284,83.91464447110678,204.568,83.91464447110678
23,10,102.284,51.58070968752622,204.568,51.58070968752623
23,11,102.284,76.21790245434947,204.568,76.21790245434947
23,12,102.284,82.4900865503069,204.568,82.4900865503069
23,13,102.284,41.99851785563186,204.568,204.56799999999998
23,14,102.284,72.98106282929547,204.568,72.98106282929547
23,15,102.284,43.74237054321742,204.568,204.56799999999998
23,16,102.284,64.04933134069555,204.568,64.04933134069555
23,17,102.284,78.68728644637633,204.568,78.68728644637633
23,18,102.284,44.511724692003,204.568,204.56799999999998
23,19,102.284,50.297597286183226,204.568,204.56800000000248
23,20,102.284,75.54526383879252,204.568,75.54526383879252
23,21,102.284,71.98434846718533,204.568,71.98434846718533
23,22,102.284,74.51455555181609,204.568,74.51455555181609
23,23,102.284,63.69588874687776,204.568,63.69588874687776
23,24,102.284,53.01842654869077,204.568,53.01842654869077
23,25,102.284,56.017666920517065,204.568,56.01766692051706
23,26,102.284,72.60785834054779,204.568,72.60785834054779
23,27,102.284,84.52641428128742,204.568,84.52641428128742
23,28,102.284,54.583637304405144,204.568,54.583637304405144
23,29,102.284,51.184741996658616,204.568,204.56799999999998
23,30,102.284,55.14904742845439,204.568,55.14904742845439
23,31,102.284,44.16015064562218,204.568,204.56799999999998
23,32,102.284,48.69047051373794,204.568,204.56799999999998
23,33,102.284,77.35578548954989,204.568,77.35578548954989
23,34,102.284,45.90245405508164,204.568,204.56799999999998
23,35,102.284,47.87861501005556,204.568,204.56799999999998
23,36,102.284,77.9870948932632,204.568,77.9870948932632
23,37,102.284,51.49114626837073,204.568,106.97650596590688
23,38,102.284,82.61862730121946,204.568,82.61862730121946
23,39,102.284,54.02278893647224,204.568,54.022788936472246
23,40,102.284,48.967127985150846,204.568,204.56799999999998
23,41,102.284,58.76938227665573,204.568,58.76938227665573
23,42,102.284,41.24717911019992,204.568,204.56799999999998
23,43,102.284,59.60417346815045,204.568,59.60417346815044
23,44,102.284,65.04301368755335,204.568,65.04301368755335
23,45,102.284,84.06266462585356,204.568,84.06266462585356
23,46,102.284,72.68128024117794,204.568,72.68128024117794
23,47,102.284,57.96549762746218,204.568,57.965497627462184
23,48,102.284,57.31365278739137,204.568,57.31365278739137
23,49,102.284,59.30945184416234,204.568,59.30945184416234
