t,s,P_RT
0,0,43.864836107526195
0,1,33.49656276380124
0,2,62.109812463269414
0,3,78.9856242680469
0,4,59.336144121669875
0,5,63.5418553315481
0,6,33.064895818363354
0,7,63.66724027322736
0,8,92.96991110718078
0,9,87.10134550930604
0,10,79.31000129286949
0,11,39.25223843114515
0,12,89.88108536793632
0,13,87.51139378086694
0,14,42.88580831272116
0,15,73.01463926366799
0,16,33.56158409679836
0,17,39.7681679175028
0,18,52.64062020248678
0,19,42.42319770717943
0,20,81.18094073626348
0,21,85.00442319101515
0,22,54.462686599344124
0,23,52.79740611214643
0,24,39.44085725629569
0,25,37.654197070857506
0,26,78.19843406542535
0,27,70.90024979591864
0,28,35.83069374222983
0,29,63.17883610183339
0,30,58.14148666565004
0,31,86.91975957567129
0,32,78.52878869795744
0,33,71.06278550767999
0,34,67.85932786270754
0,35,93.44035199500742
0,36,95.86298353125308
0,37,54.03901443532409
0,38,47.70825757404049
0,39,83.59617193368736
0,40,36.34736826624328
0,41,55.75174683829703
0,42,36.7559472713858
0,43,52.834090316345836
0,44,36.77914724418136
0,45,50.95741704714205
0,46,83.18770520996986
0,47,90.62237483952832
0,48,83.35021555823838
0,49,68.46770399738814
0,50,71.96258242084622
0,51,55.54978416055815
0,52,43.12636836248013
0,53,60.37025577339676
0,54,79.49447434209401
0,55,36.295859967497755
0,56,33.57766360591774
0,57,81.92689401177337
0,58,51.58213626348127
0,59,77.45292039984449
0,60,79.61327413272367
0,61,92.39589482969727
0,62,58.054562475464245
0,63,55.353398293625034
0,64,84.24943678177473
0,65,81.53633127610529
0,66,74.32237168320287
0,67,84.53314156027498
0,68,73.65177134525207
0,69,93.97823474783732
0,70,53.769505578891746
0,71,79.84443412531759
0,72,93.48748206671151
0,73,53.801084297477004
0,74,71.67974135253273
0,75,55.819744205632645
0,76,62.00159728140912
0,77,37.07701313410092
0,78,33.48805899077884
0,79,81.22413559002192
0,80,61.435376709774
0,81,72.40206425039962
0,82,79.95398148532794
0,83,59.236831306479225
0,84,55.94531926070833
0,85,43.14000698198493
0,86,83.43088335274565
0,87,85.95630293230631
0,88,79.5839522106604
0,89,88.6811103577425
0,90,74.02844561928042
0,91,77.12418705101932
0,92,44.68687199725216
0,93,81.73887671232495
0,94,53.7829482290676
0,95,60.481052621091116
0,96,52.80201286000178
0,97,68.88496137499772
0,98,74.71426542402314
0,99,69.35366943268929
1,0,73.95477162564069
1,1,64.89929937159478
1,2,121.5670724647776
1,3,72.50652017956816
1,4,84.804426125359
1,5,53.45711963422821
1,6,72.3993629059651
1,7,52.9401168086843
1,8,76.2620405114177
1,9,109.30699142347757
1,10,133.22988496968497
1,11,101.7074658299894
1,12,69.53624799168124
1,13,104.55325655024149
1,14,101.86772287981802
1,15,119.82381119694205
1,16,93.43412231792298
1,17,127.54927139324515
1,18,82.75106879884872
1,19,71.04945475471378
1,20,92.10665403676339
1,21,128.573244965535
1,22,110.62759058352604
1,23,89.8383762967417
1,24,90.1622703301258
1,25,103.83135847124225
1,26,85.66768122665613
1,27,94.96580086585472
1,28,132.9774249773433
1,29,129.47382974955067
1,30,121.18264078792906
1,31,56.67799653862923
1,32,95.49743344388143
1,33,78.31511785288114
1,34,127.6101769730135
1,35,73.54729625022206
1,36,129.3248877797756
1,37,66.7380493109364
1,38,83.19280729433439
1,39,131.96393803218137
1,40,99.0194769699691
1,41,129.44986798607857
1,42,93.90019381164646
1,43,65.80621228263293
1,44,109.63798555569227
1,45,92.33856849656468
1,46,90.88328332128215
1,47,57.53092588957824
1,48,58.2933488480317
1,49,129.2199639930981
1,50,131.61102640409032
1,51,132.50339956565597
1,52,77.5343441075271
1,53,49.340428032618775
1,54,95.26298057995344
1,55,111.74824699799318
1,56,103.7702806436808
1,57,49.97881032741095
1,58,66.24423226588623
1,59,108.99815544534385
1,60,50.173324995710416
1,61,121.70793819723956
1,62,134.59591893635573
1,63,67.5925413988531
1,64,50.08569077822248
1,65,133.7473642913716
1,66,114.5418696572972
1,67,86.24857601377438
1,68,88.42322020116009
1,69,127.94529439332916
1,70,77.35725830438079
1,71,50.00113446643517
1,72,100.69018667231526
1,73,73.44476001320047
1,74,106.79943395511994
1,75,130.8781346892547
1,76,77.78658580845708
1,77,67.5200958841766
1,78,49.9805294270824
1,79,120.36683956281777
1,80,52.27892456255034
1,81,131.26006712739616
1,82,109.02196101130913
1,83,127.58643754396205
1,84,118.8104325493387
1,85,62.433339840611154
1,86,61.09395013680684
1,87,132.09275299230515
1,88,71.50079257861171
1,89,116.6567128790917
1,90,60.63176319054809
1,91,72.22862435862072
1,92,106.07009767637744
1,93,67.64858590698331
1,94,113.15448503896017
1,95,124.66898517350197
1,96,74.15229376676272
1,97,72.19406393346101
1,98,47.70100130214663
1,99,83.3979170226056
2,0,42.614410500468246
2,1,80.9905496579131
2,2,89.5278252985935
2,3,80.51197869302263
2,4,83.18143147213266
2,5,82.87421373142678
2,6,105.70935461516127
2,7,77.70267198553246
2,8,102.60022539300051
2,9,64.20812919824624
2,10,48.28023598722419
2,11,54.40366540165263
2,12,97.4671248862562
2,13,54.99200577688053
2,14,95.90374688606077
2,15,105.7236288537401
2,16,78.70937034804841
2,17,48.47593982464921
2,18,84.67138527238873
2,19,66.28257268842758
2,20,106.14650550706548
2,21,54.53641104718232
2,22,55.33904179510836
2,23,74.03482533431882
2,24,74.87839655661915
2,25,51.832889921539014
2,26,65.89357149722052
2,27,88.03823561735423
2,28,73.14243474239605
2,29,42.182810847223195
2,30,68.98138815789952
2,31,69.01922400403149
2,32,71.41544435763223
2,33,39.47875029595764
2,34,58.331291614931175
2,35,109.30903635457008
2,36,104.22915258659562
2,37,108.57783261916717
2,38,94.87520358444124
2,39,70.3895334701743
2,40,108.33630493509976
2,41,60.341154646941
2,42,82.38930224471791
2,43,81.9535740812904
2,44,70.8991400135629
2,45,56.55087515870007
2,46,62.58859206627679
2,47,86.1351584892448
2,48,59.08713355148212
2,49,63.772834819159804
2,50,64.36873313721024
2,51,62.16080708380758
2,52,100.12356939780607
2,53,78.81474028949974
2,54,39.06651511879532
2,55,93.57053884275327
2,56,75.52769055699767
2,57,96.38272265529238
2,58,74.95445958545265
2,59,61.108111555671854
2,60,100.9343549913354
2,61,50.746086513023144
2,62,58.65416511686025
2,63,74.1694850457265
2,64,102.48555870444407
2,65,46.36494135033894
2,66,63.20705766283008
2,67,77.79392089823071
2,68,88.80533254912733
2,69,45.60994669981639
2,70,94.60340491054619
2,71,79.65397759816544
2,72,76.65624002983377
2,73,66.38606828520588
2,74,61.395201336024094
2,75,104.7942219919036
2,76,112.57721880176558
2,77,50.88700560320962
2,78,53.621693372580516
2,79,87.9525519788087
2,80,95.30272903901923
2,81,99.70421549231773
2,82,60.47563928364599
2,83,53.44075361747528
2,84,43.15120394526381
2,85,66.04405102024948
2,86,80.0732767085779
2,87,103.44118862691413
2,88,40.172448287252806
2,89,44.438881360175024
2,90,86.9058213811133
2,91,88.27563549762306
2,92,47.037149782745296
2,93,44.94460427984594
2,94,39.79049484901526
2,95,86.57338624514547
2,96,58.77325645662591
2,97,55.844316323733885
2,98,87.76526438332445
2,99,46.80118267742215
3,0,71.20331800403363
3,1,40.59752149710042
3,2,38.86792729855587
3,3,80.28017653996511
3,4,88.73606738226984
3,5,66.1203917114204
3,6,61.97893777780069
3,7,82.54840504025488
3,8,39.575002732528915
3,9,53.46933066318738
3,10,96.54421309267316
3,11,99.54567886083395
3,12,36.98870886430075
3,13,34.561343657484606
3,14,87.10575234052926
3,15,65.39562403858055
3,16,86.7310763893904
3,17,78.52484116577313
3,18,65.12687095257499
3,19,83.12770896705288
3,20,75.88286221689438
3,21,35.430552716460255
3,22,66.37408972540129
3,23,94.9460227595266
3,24,87.95767512369892
3,25,79.34548676637526
3,26,77.05432759680767
3,27,90.45346340899998
3,28,54.36654587493551
3,29,61.426513417553664
3,30,77.67796988462679
3,31,90.75186382455635
3,32,56.43077110530725
3,33,45.92556052873302
3,34,53.05529348292627
3,35,64.50924045786537
3,36,41.115404017717864
3,37,77.51853010709432
3,38,95.94050535099144
3,39,57.86039336087548
3,40,100.05566058862375
3,41,63.179983673422775
3,42,71.15732487747391
3,43,101.45387295163664
3,44,83.13131771468032
3,45,69.0801630632564
3,46,86.19022667205967
3,47,66.86783558281111
3,48,83.92416848344995
3,49,49.62658555774351
3,50,39.633685738641944
3,51,75.51393335715855
3,52,70.32879964570756
3,53,66.00073865385305
3,54,42.421728505187104
3,55,98.55556116867612
3,56,42.02745061496908
3,57,100.8172882064808
3,58,56.20614620724376
3,59,53.713021118372055
3,60,98.92965950988793
3,61,100.34521939315047
3,62,82.487439541648
3,63,99.97707270392631
3,64,46.372118516804036
3,65,93.2035431551148
3,66,76.82211756611447
3,67,54.65624632784233
3,68,75.32674775576338
3,69,41.85933757004473
3,70,88.76185263181755
3,71,78.44887530532404
3,72,41.70471237723802
3,73,49.44175790026763
3,74,54.39395002420649
3,75,66.8958744101604
3,76,50.195234312452186
3,77,54.793681947971585
3,78,72.23862129372891
3,79,44.44899101109801
3,80,86.10512769141557
3,81,65.30563056795131
3,82,62.31939008641086
3,83,73.74985030368944
3,84,45.18401222842205
3,85,95.60016671715347
3,86,42.26247234987729
3,87,71.93879280874032
3,88,100.64417765862476
3,89,43.913503909789746
3,90,82.3602663972812
3,91,101.34839702538488
3,92,102.76589684181813
3,93,58.24095933563773
3,94,77.34181764997571
3,95,99.0936325701254
3,96,77.25762779642812
3,97,94.31500456033736
3,98,82.27543458874861
3,99,36.885970067743195
4,0,61.9750740158311
4,1,102.1640529762788
4,2,71.01065909362846
4,3,68.45766083548465
4,4,58.998635580726805
4,5,48.35703516673898
4,6,85.67548852189799
4,7,65.62625453789317
4,8,101.30490458402797
4,9,39.81448073215977
4,10,100.73637004680609
4,11,43.41919048748639
4,12,97.01056971877337
4,13,70.22084222035181
4,14,90.90172264504919
4,15,69.69770079358894
4,16,48.26902696245165
4,17,106.14868170319775
4,18,83.74078194821364
4,19,52.39429640542416
4,20,80.37175336827778
4,21,52.01406945678003
4,22,66.10972220320758
4,23,80.27725326236941
4,24,81.37987052954816
4,25,44.560309837853524
4,26,50.76342312376941
4,27,70.23717976351487
4,28,74.48180483016748
4,29,99.48261238836852
4,30,78.92176193737444
4,31,96.13102252077717
4,32,63.74736367811624
4,33,50.408574070435535
4,34,57.14943749312434
4,35,38.479321488248985
4,36,63.338644807267755
4,37,83.22933899608941
4,38,98.36320625811149
4,39,53.85851532400803
4,40,88.37968546660322
4,41,91.80068757951898
4,42,87.31337301877817
4,43,107.26199483469529
4,44,79.15270751371781
4,45,69.16029965175966
4,46,75.99475802841106
4,47,36.99778075649792
4,48,37.141510554298705
4,49,72.82845134180091
4,50,64.25207550031763
4,51,46.5425275449948
4,52,62.61713230254773
4,53,83.66577284657129
4,54,74.96760362442961
4,55,65.70437426202916
4,56,93.09107031330218
4,57,40.55946378525804
4,58,101.60062417985577
4,59,86.42745448464451
4,60,67.3961007887357
4,61,87.35095108606458
4,62,105.49290766099632
4,63,84.64679727804332
4,64,85.63666856464172
4,65,88.11071653294516
4,66,103.76594527446088
4,67,101.83410498963846
4,68,57.12535354112341
4,69,38.29269905471668
4,70,57.01190691660279
4,71,63.33099594954496
4,72,54.7865425159737
4,73,70.16794196189973
4,74,105.40090326520041
4,75,50.52791778407643
4,76,64.61172827197363
4,77,97.70862427515455
4,78,46.25530519612254
4,79,62.47716016846316
4,80,77.02781097894635
4,81,93.04113136505674
4,82,99.81964481738468
4,83,55.411452669147806
4,84,106.45364238460796
4,85,68.52233400948091
4,86,46.248573644581015
4,87,48.3014904237015
4,88,68.70669622832007
4,89,96.15429085146489
4,90,41.70512486310465
4,91,52.5913473724644
4,92,95.41423973443783
4,93,96.99936858478861
4,94,51.31009507936846
4,95,40.77012944109124
4,96,84.58775119433862
4,97,94.8427375637239
4,98,40.296649496201006
4,99,74.95472302459682
5,0,55.27948511347406
5,1,94.81551087154433
5,2,52.74857196478545
5,3,54.41457848061581
5,4,89.62086520219022
5,5,124.6273055500182
5,6,45.52790281544351
5,7,51.62535481719003
5,8,60.45859873296506
5,9,113.23232297835018
5,10,63.75956031632964
5,11,66.49296954510795
5,12,80.04491244397286
5,13,116.85957757431703
5,14,67.20317563512243
5,15,83.69264327212642
5,16,83.97212757489558
5,17,86.09273920537512
5,18,81.46507904189636
5,19,112.40528438048146
5,20,60.28088009671216
5,21,86.50683920243351
5,22,54.34919688228933
5,23,118.11139974909551
5,24,79.66516145442526
5,25,129.02341082481828
5,26,100.19135785624545
5,27,60.64097241307418
5,28,122.71935768606025
5,29,68.35103265328263
5,30,98.0485308632395
5,31,108.96862344577724
5,32,51.96067768686332
5,33,58.92286244314743
5,34,79.81328812317462
5,35,73.94752996740864
5,36,70.27071567248609
5,37,66.3364557437898
5,38,74.11894905824141
5,39,127.60562753615142
5,40,82.54987317287444
5,41,82.50015883928965
5,42,64.63982398931259
5,43,59.4009150034493
5,44,65.23667516787422
5,45,119.3435690662451
5,46,119.39466229613106
5,47,57.7704297386749
5,48,77.2243961268149
5,49,93.05612178487274
5,50,90.73521015219866
5,51,60.41164627072426
5,52,48.38079765275498
5,53,111.67684645951515
5,54,54.246424687463836
5,55,77.30069459052244
5,56,108.71880566977406
5,57,102.08804122642726
5,58,78.23453087553834
5,59,111.9069787915298
5,60,128.61158029075204
5,61,84.40180758366898
5,62,119.28489059270065
5,63,87.92763714579348
5,64,76.50530142552866
5,65,128.29037470645372
5,66,109.55466544758039
5,67,54.729894149622005
5,68,89.66836103304858
5,69,75.72447194150371
5,70,85.74130921816257
5,71,108.15002269739747
5,72,72.12902040439847
5,73,94.83523737230844
5,74,63.582703592480264
5,75,81.2335163197023
5,76,119.64992342942676
5,77,106.53152871783831
5,78,74.31993798613985
5,79,67.02729957034506
5,80,94.99897284094139
5,81,83.97652888056821
5,82,128.11982388488596
5,83,68.56511557537067
5,84,122.37167785273297
5,85,63.264188185745795
5,86,112.0838048933364
5,87,117.59825921896646
5,88,59.33484130969888
5,89,81.29098098965628
5,90,104.30120744009962
5,91,78.5500793431079
5,92,52.31764173985057
5,93,109.1720918260948
5,94,84.97667266403309
5,95,58.95450297194695
5,96,47.48313349386907
5,97,87.90954287789957
5,98,68.24010578390146
5,99,113.1118161776727
6,0,46.956852058620775
6,1,36.876670681408775
6,2,100.52547486800236
6,3,65.53703895844956
6,4,96.6682403224717
6,5,76.43242017558676
6,6,98.61278677114781
6,7,102.71563905240704
6,8,41.72917240192829
6,9,55.63350572977724
6,10,48.785721655008615
6,11,104.02091813172974
6,12,85.31872918187341
6,13,101.81102084814458
6,14,106.0660054575757
6,15,92.24943054568945
6,16,98.1321815852155
6,17,102.89102733401921
6,18,79.22217008746763
6,19,94.24142906563267
6,20,105.29733887940229
6,21,69.3752784733226
6,22,51.1831452114682
6,23,83.22394633715257
6,24,39.66409579519453
6,25,57.80215863538463
6,26,62.61101592109659
6,27,93.18642767287353
6,28,37.417325578129585
6,29,58.6818410776546
6,30,57.60574479894597
6,31,83.02058334996366
6,32,98.2149492251105
6,33,70.01811954203673
6,34,95.97575644302812
6,35,65.85400382958528
6,36,71.58376267130274
6,37,58.63662716886213
6,38,49.711980364479736
6,39,99.29935241624293
6,40,78.722119056597
6,41,54.86061879868479
6,42,74.1782301209086
6,43,64.61761590377017
6,44,38.33739722670319
6,45,85.46342407920149
6,46,97.68630092037056
6,47,79.17751105527397
6,48,46.25389984898415
6,49,65.66317115944533
6,50,50.24648566614601
6,51,47.869786653759775
6,52,56.7210159021186
6,53,99.68910300031838
6,54,95.90782035793656
6,55,92.38162377926947
6,56,101.98201216622942
6,57,43.40863871520872
6,58,51.34470455110366
6,59,38.80457654771186
6,60,36.00259766834105
6,61,81.4964443949337
6,62,64.87990497764778
6,63,76.09307576691633
6,64,97.74812962453149
6,65,56.17440822036737
6,66,53.17390145748744
6,67,94.35800075139773
6,68,37.47939563867368
6,69,101.83271718758421
6,70,60.48652335261887
6,71,38.09301383141647
6,72,51.19341522849411
6,73,41.48239006330986
6,74,96.0340927914335
6,75,39.67235757262859
6,76,39.521839597072294
6,77,79.62296386243693
6,78,50.70090362086229
6,79,59.598262185995736
6,80,91.85928004583747
6,81,66.08577415724866
6,82,87.79313819508813
6,83,55.83231088590555
6,84,45.06725708323028
6,85,40.56426454983005
6,86,95.58013208706177
6,87,44.425605419918504
6,88,41.31482975432829
6,89,46.922082027815875
6,90,72.94967536077259
6,91,84.86457626745161
6,92,70.99086792993573
6,93,80.04088771456436
6,94,71.21248840545867
6,95,88.86350326445348
6,96,78.80619162799752
6,97,48.269318725872
6,98,59.6995658521495
6,99,106.63971908641516
7,0,84.7599145258588
7,1,105.20316268785758
7,2,60.07938317343496
7,3,105.05521614468915
7,4,107.03713195134785
7,5,58.98558868569784
7,6,128.78140506035106
7,7,79.90292061938891
7,8,75.5990478564093
7,9,105.24458501665791
7,10,126.89206361885238
7,11,119.56670809304788
7,12,94.88964937021198
7,13,49.528174153200446
7,14,88.08402461670607
7,15,100.137175840552
7,16,119.42228409505402
7,17,62.73621628503786
7,18,86.28316749154237
7,19,101.95608344590012
7,20,106.16236261684925
7,21,48.81452173910256
7,22,122.9334225159307
7,23,54.82734774845357
7,24,120.98535627112102
7,25,121.84728531194521
7,26,99.41111900701846
7,27,93.01525940246232
7,28,75.90961930129129
7,29,79.39899934577893
7,30,127.0119318915169
7,31,103.44401522899612
7,32,86.20458287896108
7,33,76.72507630881799
7,34,133.5845838226742
7,35,128.28197874648916
7,36,127.2332221020215
7,37,127.37723688767905
7,38,76.5479020719337
7,39,119.1788337107576
7,40,106.1771161435198
7,41,126.24092590861164
7,42,110.39368987916787
7,43,119.10432323548551
7,44,116.17001516389769
7,45,96.37018178250038
7,46,106.90750655518664
7,47,51.42904668328796
7,48,79.03962347928035
7,49,116.57099367828155
7,50,52.97703925805735
7,51,74.16572315071053
7,52,100.63042217634175
7,53,84.89204678640586
7,54,51.13677495357901
7,55,59.95649556905256
7,56,104.18295378432887
7,57,93.63968422351127
7,58,97.25252762625989
7,59,125.69278511498617
7,60,128.0278181721665
7,61,70.93702347285597
7,62,123.73965875889807
7,63,91.43225923497282
7,64,102.11632906719926
7,65,53.70421017154753
7,66,80.54784808711565
7,67,129.44002648721366
7,68,128.5889778592507
7,69,81.77855112330572
7,70,66.66914984035974
7,71,130.440869129357
7,72,89.48355493171421
7,73,129.34129310460125
7,74,47.82459974274985
7,75,97.76122503634309
7,76,69.86045312738526
7,77,45.02283167712249
7,78,88.30558599316913
7,79,129.39936398184
7,80,85.65859028470402
7,81,63.752562830083534
7,82,107.13069925606538
7,83,122.9165161397398
7,84,112.55402479499227
7,85,67.02261395281546
7,86,114.20638569875803
7,87,114.15890480954606
7,88,85.80203258337971
7,89,112.12395991926908
7,90,47.94044949473566
7,91,63.03648881860008
7,92,79.29211144493756
7,93,127.5080863997081
7,94,106.84421705943959
7,95,104.40985348380507
7,96,118.22051796513955
7,97,109.20667979777068
7,98,50.27388736562026
7,99,124.38785093528149
8,0,132.95538198622867
8,1,75.36025931370676
8,2,115.3012342142484
8,3,100.24850576475194
8,4,55.71623363723333
8,5,137.13530768040806
8,6,88.90692056760788
8,7,118.7533007701546
8,8,139.0907877408094
8,9,150.6692310376472
8,10,108.11324301245051
8,11,99.88624449756398
8,12,53.684969487505434
8,13,64.56424901232207
8,14,129.14591791988482
8,15,71.92939047034484
8,16,108.16848194050282
8,17,70.17629407536003
8,18,136.23666275305092
8,19,74.80478646810882
8,20,133.83338802187026
8,21,99.47556295460747
8,22,131.56164396579825
8,23,90.47144661704772
8,24,154.28397731686496
8,25,105.59986414732955
8,26,95.43262546151128
8,27,96.34997500679674
8,28,84.69676827990847
8,29,123.43400052190312
8,30,70.96210700688454
8,31,68.88644616558037
8,32,154.1518629370095
8,33,74.76356234576454
8,34,138.02050541983897
8,35,61.39679730068137
8,36,115.26708756411607
8,37,63.7666106877349
8,38,90.62043252367194
8,39,87.87092418707529
8,40,117.21011113741876
8,41,53.08310052777839
8,42,81.81436770739566
8,43,132.8458533986214
8,44,132.57737287476283
8,45,135.82462982237953
8,46,113.4119687477972
8,47,132.0938788822018
8,48,98.45102651187993
8,49,85.86685117017302
8,50,138.1468283247635
8,51,94.46293081536385
8,52,66.61485819928275
8,53,153.25858224741987
8,54,66.19899650089806
8,55,133.4211570883236
8,56,74.64360884697675
8,57,143.06291288872168
8,58,118.39022733769617
8,59,152.06366530510815
8,60,116.21612306862774
8,61,141.3510537331838
8,62,104.87390103072056
8,63,146.41121075257846
8,64,95.71311638691235
8,65,150.42803821333297
8,66,120.72882422174419
8,67,149.5952798027706
8,68,57.175098378430924
8,69,91.09268507110568
8,70,147.62174533051208
8,71,80.86466718533639
8,72,109.90608134211102
8,73,96.83935475095693
8,74,53.71126537355741
8,75,57.010238095998496
8,76,104.2901624945482
8,77,92.50362157354327
8,78,146.14664040125803
8,79,87.12077031124237
8,80,69.27537111446222
8,81,65.2701463361931
8,82,95.96416699957307
8,83,156.37454952394322
8,84,147.1754937247493
8,85,109.02828929024749
8,86,107.3698710333743
8,87,118.06420801802732
8,88,130.9231767887584
8,89,58.56315550607093
8,90,151.4606849363243
8,91,144.81870856571712
8,92,101.83468750938789
8,93,88.21163644804982
8,94,108.52273989422562
8,95,105.72264709099993
8,96,86.10802228718097
8,97,65.80154082297558
8,98,129.06082513605824
8,99,146.38974562089544
9,0,114.68492965746368
9,1,78.81609188259758
9,2,93.41925921970453
9,3,68.5886596928254
9,4,143.31242699522778
9,5,74.85534832001125
9,6,85.03995499339507
9,7,114.47804988813593
9,8,123.33146674652487
9,9,94.85818316553788
9,10,63.585223241350455
9,11,90.74496875187187
9,12,131.29349793322618
9,13,77.75555772403273
9,14,90.60206641496075
9,15,77.12643073263737
9,16,86.70466854753899
9,17,83.32745504600756
9,18,97.57247577456805
9,19,132.54731603375194
9,20,131.28725022876128
9,21,67.07839717442194
9,22,73.50013297624075
9,23,84.15912929900702
9,24,117.7158509137947
9,25,123.22607514069524
9,26,123.22784272980344
9,27,71.41777253240164
9,28,72.10908987244147
9,29,148.3476119837494
9,30,108.50588170812945
9,31,125.83912864863206
9,32,70.21582937268951
9,33,111.58680110838549
9,34,79.17499932290755
9,35,98.24762471465016
9,36,94.11142685453999
9,37,135.55216402352934
9,38,85.74655604137045
9,39,123.54412058546075
9,40,80.61814535442821
9,41,110.2350943355846
9,42,135.2525454801297
9,43,73.13137843709404
9,44,91.53302850764065
9,45,147.29047749171642
9,46,132.3423219127516
9,47,137.96068548136532
9,48,109.81579422461377
9,49,87.1318513928863
9,50,64.03716674592782
9,51,136.16515187338493
9,52,61.31210707221472
9,53,142.94150665554952
9,54,142.52957854900896
9,55,144.54889306351646
9,56,127.60159877354734
9,57,115.8503063645075
9,58,88.59916421051376
9,59,132.82164508769918
9,60,107.78866549270737
9,61,100.91494013905267
9,62,63.336147559646925
9,63,61.73557276534226
9,64,117.12367276658448
9,65,63.708309402731665
9,66,119.88826527098215
9,67,93.24030521122371
9,68,62.674675446716414
9,69,105.83340123517912
9,70,128.70800303953476
9,71,148.5766586598799
9,72,74.59237678573295
9,73,88.91125020344406
9,74,98.1799026498273
9,75,98.42685365508746
9,76,73.37583184202319
9,77,82.7529692333363
9,78,58.76696293474807
9,79,106.92960105663036
9,80,149.2377804526536
9,81,62.25591043159919
9,82,121.6961109540777
9,83,102.47437081188882
9,84,82.55593562726634
9,85,83.05635589205839
9,86,148.21835602783963
9,87,60.68272693409272
9,88,108.56532535309603
9,89,103.4231949968212
9,90,143.97095976430916
9,91,70.14920621021503
9,92,52.817439690009124
9,93,138.24309681669152
9,94,82.2765409063056
9,95,90.68605102594037
9,96,61.81617291913356
9,97,72.41916635847092
9,98,72.39775649976991
9,99,117.8418892922333
10,0,73.14737312733348
10,1,79.60703695257158
10,2,103.9173264621794
10,3,103.87040404795312
10,4,63.250229216167604
10,5,172.6749204786534
10,6,154.6468044103817
10,7,147.3527320128629
10,8,138.5250194491174
10,9,103.2948319000501
10,10,134.59165538788287
10,11,154.42368428210966
10,12,140.43016386286422
10,13,159.4238063732029
10,14,147.27956190122302
10,15,141.96643866859918
10,16,162.65612263873103
10,17,149.1932367080292
10,18,95.90871591168263
10,19,115.84381056382317
10,20,68.46228413973667
10,21,105.91627549741052
10,22,131.37800564805335
10,23,82.58407278699632
10,24,124.09407223487284
10,25,96.0278540721898
10,26,84.3758368778225
10,27,99.08539992759337
10,28,126.10571614271869
10,29,111.14227742713256
10,30,108.91987132891518
10,31,146.96095592598783
10,32,131.64501027149944
10,33,125.03881255248763
10,34,70.82732836241622
10,35,59.90669149272999
10,36,100.57862970178805
10,37,71.58396683289834
10,38,132.90964175478788
10,39,156.25176319675478
10,40,142.5976885266613
10,41,108.79454648998114
10,42,154.04221145995956
10,43,140.01751591133106
10,44,117.69365824924144
10,45,127.36948306391265
10,46,78.5589509057717
10,47,59.927475866534735
10,48,163.576800336083
10,49,169.04004143763785
10,50,116.27411846679496
10,51,124.37126895582296
10,52,148.61879318470068
10,53,69.06543089932968
10,54,140.70938383163963
10,55,149.2336331842307
10,56,85.00959133016272
10,57,122.63493826875428
10,58,150.3147733831125
10,59,166.82760527284321
10,60,105.21055208115212
10,61,75.18958986492933
10,62,141.51350103319783
10,63,128.39576320904098
10,64,114.41214904287219
10,65,102.70952412127772
10,66,60.85120428364707
10,67,163.6979401041179
10,68,101.6208951669316
10,69,62.812077108847305
10,70,69.53983590167073
10,71,125.6157947151655
10,72,61.719514438284065
10,73,145.6718991803568
10,74,143.1915032121642
10,75,58.18134464307258
10,76,131.8703732909411
10,77,92.93003401394202
10,78,91.13194530567372
10,79,156.2961198272445
10,80,65.86021534455222
10,81,105.67887488245152
10,82,167.65232307893743
10,83,67.603719926724
10,84,127.62174522693753
10,85,87.33640627441449
10,86,84.09187069449304
10,87,96.50244034002664
10,88,139.74428157911694
10,89,105.88258588365676
10,90,139.99738273884302
10,91,163.54795635037823
10,92,162.8190703503536
10,93,119.3720574665367
10,94,87.15734082196428
10,95,130.41336947122642
10,96,68.26868635471278
10,97,97.06904812830804
10,98,92.53871738438734
10,99,167.47376472922517
11,0,144.1890033705776
11,1,121.32251589430959
11,2,106.42906509146991
11,3,139.98678095919323
11,4,140.17465363662996
11,5,184.82922791637662
11,6,135.8545285314925
11,7,200.6117034030292
11,8,74.96820767917164
11,9,150.6061285469732
11,10,125.71267076433965
11,11,109.3521186227901
11,12,134.30312914732042
11,13,203.64062254539482
11,14,122.11406422117341
11,15,195.86829910828124
11,16,140.3826824517135
11,17,121.31808835837775
11,18,77.84011598571536
11,19,80.07175619296194
11,20,185.64818154881172
11,21,86.15511367433265
11,22,107.27810190007389
11,23,118.29913358296199
11,24,77.57964208414587
11,25,95.84311849922439
11,26,98.5980094257131
11,27,126.08969734880473
11,28,86.64823086702158
11,29,150.95359744716635
11,30,131.59743546782465
11,31,162.19490962390742
11,32,95.38416450484065
11,33,100.93519412521013
11,34,130.2260537655564
11,35,122.30330773212052
11,36,112.1893562380475
11,37,86.96424430476269
11,38,135.76708633747202
11,39,118.62314220168658
11,40,119.55725192170674
11,41,176.19526778560478
11,42,75.19649495532602
11,43,94.0215994460791
11,44,198.10508386348442
11,45,115.17123169924318
11,46,76.50221043065606
11,47,99.29625211926573
11,48,78.14693701872379
11,49,200.74977805225294
11,50,109.69320693881808
11,51,90.61678516077849
11,52,81.80781784025625
11,53,179.88629018516787
11,54,144.0605218581287
11,55,190.46532787794746
11,56,120.83317326901192
11,57,125.41090350531037
11,58,139.1311635823405
11,59,153.5770171478135
11,60,138.35471983019707
11,61,102.09285696817848
11,62,143.78212479658265
11,63,196.59334382263816
11,64,143.91815608966894
11,65,127.50829288581237
11,66,77.86235560114129
11,67,201.9311235254713
11,68,70.9069438486527
11,69,68.97378871212588
11,70,113.48720074243829
11,71,193.46332648247807
11,72,114.93190833105506
11,73,192.0112484710458
11,74,186.03593754731506
11,75,115.56711110088258
11,76,144.31118144824072
11,77,119.17675195681595
11,78,186.33491902661297
11,79,161.89040553109362
11,80,161.4981340353547
11,81,150.87681576643047
11,82,153.00476967531267
11,83,163.68143406225474
11,84,186.53379104623863
11,85,108.00384737635306
11,86,90.4609209902315
11,87,113.29716026722238
11,88,174.60426421541123
11,89,184.485343653082
11,90,123.39989720778914
11,91,143.18177279574985
11,92,176.58375528194438
11,93,172.19215501831968
11,94,173.39758705563634
11,95,139.40863669781731
11,96,157.72777102803514
11,97,85.95671531341125
11,98,139.4097599451559
11,99,70.11741638165742
12,0,168.60310475537338
12,1,106.74179897120551
12,2,243.74736892317281
12,3,236.0339238412255
12,4,192.95228157957416
12,5,251.60193947743088
12,6,110.83109414070363
12,7,210.74776032753775
12,8,161.43487365528392
12,9,213.3346966478008
12,10,224.07749092479835
12,11,252.82185729310513
12,12,255.6986849924644
12,13,183.74679898601306
12,14,249.71187663799108
12,15,163.27039159612872
12,16,215.73733821769997
12,17,181.67746606387388
12,18,240.3730027263309
12,19,115.51218171354876
12,20,222.10894815927716
12,21,238.01570449301238
12,22,215.37072463723422
12,23,117.04200583924975
12,24,201.6318711313002
12,25,234.285445131954
12,26,119.01096960163873
12,27,260.3164577818761
12,28,143.08787815253015
12,29,117.9973864723881
12,30,200.39179000578565
12,31,92.49419024491259
12,32,194.13325686508583
12,33,163.86259447115594
12,34,256.02213299725713
12,35,139.79213331822658
12,36,173.80576331987817
12,37,91.98598848651376
12,38,164.93652993144175
12,39,200.6947751585758
12,40,119.05811575913559
12,41,148.43053495656943
12,42,218.41367402973475
12,43,162.15533739554593
12,44,131.86091722565658
12,45,114.28411713211118
12,46,91.34567268752548
12,47,224.59932901401996
12,48,169.33278434462392
12,49,139.26285065828534
12,50,103.69574592462115
12,51,214.52316746823155
12,52,241.4519857119969
12,53,146.25112615082318
12,54,164.03878749375468
12,55,257.0588021619282
12,56,137.83449325786466
12,57,156.59188299491296
12,58,160.80962601589306
12,59,193.79599649233654
12,60,156.34709823715633
12,61,251.96932882299768
12,62,225.87221598781736
12,63,137.45117289892247
12,64,102.92391710306352
12,65,246.49169953277925
12,66,220.85206940063142
12,67,151.46481280672566
12,68,205.45906047204326
12,69,119.66511307985144
12,70,149.4348110733439
12,71,213.48568451403892
12,72,185.29291040350333
12,73,197.84118136640723
12,74,185.0078107172496
12,75,163.11113313666328
12,76,172.28905755841538
12,77,209.92784225507268
12,78,262.3740840201764
12,79,127.91484051075875
12,80,253.73437420224042
12,81,143.16619254514353
12,82,179.81786914172798
12,83,140.6630345201441
12,84,258.37549354855844
12,85,209.94611756599852
12,86,144.96437678745386
12,87,233.53975817293832
12,88,192.53211119407962
12,89,184.62488214523063
12,90,166.10494652890583
12,91,165.23294234205002
12,92,224.9874426176891
12,93,125.59115545676394
12,94,113.43915936182577
12,95,204.74291012836673
12,96,145.91563835841873
12,97,128.67481006728002
12,98,124.65235364804205
12,99,103.11339085882007
13,0,237.0840188792251
13,1,304.2940667694782
13,2,342.83153622470024
13,3,213.447966186776
13,4,145.38865134877446
13,5,187.8493124931659
13,6,162.98884697749153
13,7,235.6437673813746
13,8,138.50572683877098
13,9,325.7651396779407
13,10,278.36229124520617
13,11,332.69152788858656
13,12,368.62623600641945
13,13,361.96733843601595
13,14,206.9683762271837
13,15,161.62116353902528
13,16,227.13448663955052
13,17,355.47183410269616
13,18,359.1955932020042
13,19,291.4411019623147
13,20,222.78799723209139
13,21,282.3446522396203
13,22,194.23128734373756
13,23,159.71951700447596
13,24,136.32355844963558
13,25,138.78532622278203
13,26,369.11286797158175
13,27,279.3917056636027
13,28,232.88396110163478
13,29,342.47080746960484
13,30,281.8208718030237
13,31,166.51335225774432
13,32,312.6209590039282
13,33,244.65364020762107
13,34,292.18503589070843
13,35,381.36137117234506
13,36,143.60708484756455
13,37,374.76680026860134
13,38,177.8497894331382
13,39,157.26785466451375
13,40,215.695460966179
13,41,338.7959713741244
13,42,211.39731629342316
13,43,143.55237285195855
13,44,324.7979482271035
13,45,294.10439884893736
13,46,324.67943344173193
13,47,327.12966899101843
13,48,375.8586097431498
13,49,215.89379068960594
13,50,349.05125594254
13,51,248.05123625992476
13,52,257.576697724301
13,53,140.7093761510611
13,54,361.26918994178794
13,55,296.2883289164067
13,56,231.84426863049165
13,57,148.850226526371
13,58,197.03745968180198
13,59,222.8237861643005
13,60,296.7548009413741
13,61,340.7525799266662
13,62,227.31755177167744
13,63,208.30584041253462
13,64,143.43504856695205
13,65,356.2307764871689
13,66,186.87063599471065
13,67,342.0766195227955
13,68,313.1878877207459
13,69,220.46234348870973
13,70,188.73974926298126
13,71,163.34138606214108
13,72,182.65369184211173
13,73,332.70684785286215
13,74,383.15702267215346
13,75,300.91568963491017
13,76,195.4448739201861
13,77,334.7062143412178
13,78,290.1682345727888
13,79,347.1719507467199
13,80,268.5150454761246
13,81,315.07985483240856
13,82,179.03844694237029
13,83,179.44269683371942
13,84,152.25960969886984
13,85,357.28382974888814
13,86,263.3692896959422
13,87,164.33390597852616
13,88,365.705326683221
13,89,257.166895788189
13,90,175.09222873629776
13,91,147.20902648505748
13,92,151.86488967349106
13,93,276.0916871345634
13,94,226.77685210689535
13,95,349.0634796765955
13,96,332.6859944477864
13,97,274.9415905107107
13,98,224.59905249694802
13,99,326.7274580038993
14,0,162.91219649087415
14,1,121.46447894174023
14,2,145.84385570688025
14,3,163.02516813423583
14,4,109.56101617320583
14,5,130.2971231714595
14,6,88.52787012385848
14,7,117.08890990471333
14,8,96.22055746603027
14,9,77.79848305588148
14,10,162.66805949709902
14,11,139.72011879776542
14,12,140.88217363002258
14,13,173.7734674000882
14,14,162.65097700260455
14,15,112.87327493669129
14,16,97.2882223205479
14,17,127.79870374823797
14,18,170.84873766691967
14,19,181.05229905357942
14,20,181.62560083694777
14,21,112.6858707775067
14,22,132.79871339052818
14,23,77.07909315017153
14,24,117.18094587811632
14,25,158.49451399044702
14,26,82.54273479124487
14,27,78.47142864264367
14,28,103.83344990947678
14,29,84.7768171782126
14,30,83.37104497197444
14,31,73.4054563339634
14,32,109.9580757037436
14,33,81.3356654614614
14,34,176.27028829646946
14,35,64.72324028631752
14,36,65.64743358471983
14,37,94.3777332131985
14,38,170.2737453104521
14,39,168.45416311840006
14,40,95.1212778509476
14,41,68.7777596151171
14,42,154.1961528324432
14,43,95.02075735594366
14,44,175.5130528935051
14,45,112.12864831210562
14,46,121.4305292461225
14,47,84.77670658028565
14,48,162.53065242181734
14,49,175.7303808958215
14,50,165.16675662959568
14,51,157.3539272711696
14,52,110.58453389819542
14,53,71.38851275919212
14,54,64.9972981921589
14,55,128.98904941014095
14,56,161.50545341577984
14,57,83.16090203916585
14,58,110.24544011559063
14,59,114.8629422830521
14,60,144.12203389175073
14,61,71.1869742770932
14,62,68.48339327937187
14,63,83.81442510417078
14,64,128.89420486736748
14,65,115.42349027291486
14,66,182.15702434292186
14,67,127.04701677830269
14,68,172.53254989949482
14,69,85.21221705877986
14,70,64.67936250893312
14,71,167.46092040737983
14,72,118.14964981109927
14,73,74.31565773398844
14,74,133.05444793302988
14,75,132.84718501339736
14,76,95.51578094510681
14,77,171.82059018524586
14,78,164.91981149184198
14,79,118.66268042435455
14,80,91.4203816382254
14,81,98.7098333659438
14,82,174.01956425158787
14,83,112.30938037100408
14,84,134.7966608284203
14,85,81.7946208530338
14,86,135.98801920314756
14,87,183.58633240665282
14,88,173.33357475391298
14,89,111.04095387923677
14,90,93.86731723731134
14,91,133.96285567222768
14,92,132.01471047327902
14,93,156.3683156581983
14,94,72.23277940558327
14,95,150.44968982662442
14,96,184.81568404340712
14,97,83.52689096953524
14,98,113.89889993656394
14,99,122.63593221145453
15,0,418.0447540206267
15,1,195.0894005807349
15,2,158.266144327472
15,3,253.62779992750225
15,4,419.4415260332049
15,5,225.78271578923034
15,6,202.2624441996415
15,7,370.4477440139885
15,8,163.17824425273903
15,9,364.1469479338833
15,10,294.9008857934759
15,11,285.361341023409
15,12,401.0865974350819
15,13,269.1907416513473
15,14,300.5604273926398
15,15,234.2102138187828
15,16,402.82032480309596
15,17,396.6101332887151
15,18,383.1965421071887
15,19,166.86669708587647
15,20,286.9398563851138
15,21,303.2994104368202
15,22,308.8322607927847
15,23,447.7121876730581
15,24,203.24864354719827
15,25,345.4530282429094
15,26,382.4673748047288
15,27,271.7370580579538
15,28,232.1191659665818
15,29,172.7661534601975
15,30,379.1117498678069
15,31,252.3534490086999
15,32,283.2824363011884
15,33,244.2395947060432
15,34,254.485898898234
15,35,442.9574783895023
15,36,354.1883680221446
15,37,419.76693709055166
15,38,284.886173918023
15,39,394.83778111526124
15,40,412.7327681900369
15,41,202.125918403578
15,42,443.0993021611799
15,43,185.41870159760978
15,44,328.1508865249719
15,45,272.4305733787692
15,46,370.7173501145819
15,47,245.29629350278645
15,48,346.23928512323664
15,49,364.6236126933273
15,50,173.26281212686374
15,51,334.39511360936297
15,52,314.4876121654482
15,53,263.4204914919844
15,54,197.40644479181236
15,55,186.63441619254385
15,56,375.98198440131375
15,57,292.87409749012977
15,58,422.8395392906336
15,59,238.8917426020234
15,60,398.27903472407104
15,61,201.59428463661246
15,62,236.5429443867735
15,63,176.26297330558293
15,64,407.97715999854023
15,65,419.2276803542046
15,66,285.83966306161153
15,67,256.48652640652773
15,68,404.9022215519671
15,69,289.800550353392
15,70,206.2216151793253
15,71,323.5044851886052
15,72,320.7726296044027
15,73,382.38173063684457
15,74,378.3145543708172
15,75,456.32443530220775
15,76,221.36988797004884
15,77,442.16365679248986
15,78,246.03574702010377
15,79,372.5677304817994
15,80,302.76743788007997
15,81,297.118542742329
15,82,165.17604838959645
15,83,239.884539452018
15,84,329.12487381286354
15,85,194.534973214305
15,86,271.7961637018246
15,87,248.6591171950596
15,88,311.6095915460436
15,89,213.00464691065474
15,90,366.03081491342346
15,91,261.1534812447014
15,92,169.0443438642739
15,93,448.8338214412513
15,94,384.98273728453444
15,95,379.5964450546544
15,96,406.3991325052095
15,97,196.77820109940416
15,98,195.60859714033563
15,99,166.07631521998138
16,0,112.71543223441532
16,1,185.03892294619905
16,2,96.26852062540635
16,3,216.8638804543989
16,4,145.53591583795634
16,5,199.31693651446798
16,6,160.98486572278424
16,7,155.750731125997
16,8,132.27838900066217
16,9,173.26997642398845
16,10,136.30173770523717
16,11,197.21708864541017
16,12,114.73793461461477
16,13,88.12616684775422
16,14,159.11286265097684
16,15,98.92365232202789
16,16,101.86674676120818
16,17,223.42330011764852
16,18,188.94286726009216
16,19,123.26110827729507
16,20,136.4479940992373
16,21,150.6671889605548
16,22,116.77920151568368
16,23,118.33109787171885
16,24,108.62476606014802
16,25,107.04232206932684
16,26,100.27594921655083
16,27,203.7542045071165
16,28,187.9058395616977
16,29,221.17348946852408
16,30,167.68373955793626
16,31,100.56204859259628
16,32,148.86879293900176
16,33,209.7826493673143
16,34,166.05831423629655
16,35,196.44177113564982
16,36,110.97527815686864
16,37,95.6429316809807
16,38,218.67604895902463
16,39,148.0038512238478
16,40,206.62177688568678
16,41,158.6565266898805
16,42,121.8929982121266
16,43,179.57549267271244
16,44,143.94102533337625
16,45,97.09904125971721
16,46,190.92330100221346
16,47,223.14036109031773
16,48,200.88166275457044
16,49,174.64746229158865
16,50,191.36989567471653
16,51,193.42605747214176
16,52,74.91203345880771
16,53,210.01270053275863
16,54,79.07597152552545
16,55,84.70853488794894
16,56,169.9406021081641
16,57,95.51210452623783
16,58,187.74888524362572
16,59,221.67088164043574
16,60,182.8390738611955
16,61,94.6203790349981
16,62,116.20145428171968
16,63,192.12455826599674
16,64,164.9728249194617
16,65,147.49583858990522
16,66,115.6079647498528
16,67,99.29812317592939
16,68,123.58729298145381
16,69,129.68725170232491
16,70,119.59751639079191
16,71,191.47344444102825
16,72,104.14522679259352
16,73,114.1366094453329
16,74,151.2811861719101
16,75,140.86715430644924
16,76,141.4057225363905
16,77,80.88717486497923
16,78,143.7942112241811
16,79,195.15775068674307
16,80,209.4020636320719
16,81,191.70861651912736
16,82,126.48341958582365
16,83,170.1946900784391
16,84,129.5606282679705
16,85,143.97042833316587
16,86,216.41559380070848
16,87,150.81710013189792
16,88,174.3200200318644
16,89,143.66758629611243
16,90,168.67954459939673
16,91,158.90754374212864
16,92,79.016189895162
16,93,110.76699048010238
16,94,180.7208005631096
16,95,152.1188388302688
16,96,192.936272432032
16,97,98.85123251910684
16,98,82.51312796393819
16,99,174.3522558348874
17,0,223.53564616608955
17,1,228.25352219005399
17,2,264.29872606433247
17,3,151.49085423184616
17,4,292.8749926389611
17,5,283.01172722729484
17,6,286.6502369827283
17,7,261.3964453489144
17,8,156.1971065231192
17,9,276.6642941369649
17,10,295.7862525146022
17,11,297.3263221546372
17,12,283.8696291193825
17,13,259.57692064183544
17,14,147.02193794829842
17,15,134.32173732020613
17,16,212.97480021714745
17,17,285.28616801614004
17,18,208.6020865125082
17,19,209.06121025288246
17,20,246.49038919110973
17,21,126.95817018392012
17,22,193.93157497843964
17,23,171.42837058936652
17,24,156.53462722360945
17,25,148.93645431394606
17,26,267.8874936640361
17,27,300.3217810904855
17,28,257.51137042773564
17,29,296.3764052362444
17,30,208.2573065727691
17,31,172.97290612643178
17,32,296.97056092230054
17,33,158.0571209277234
17,34,119.65474399490614
17,35,220.16601292299046
17,36,285.8759626177781
17,37,197.5091715951874
17,38,182.71500318626389
17,39,230.13380985070222
17,40,185.67315102926048
17,41,221.29434230659535
17,42,168.56435901642598
17,43,129.97722189643198
17,44,222.6385031338938
17,45,251.57528112439294
17,46,251.58293842039635
17,47,221.8803043328716
17,48,118.11006276899559
17,49,245.9017157005976
17,50,150.08677629572398
17,51,109.10622445446005
17,52,195.31965332096448
17,53,261.9777976199656
17,54,179.0347749366117
17,55,185.721900532263
17,56,245.89715857702322
17,57,207.62320800719914
17,58,209.29897127086298
17,59,292.8291669360546
17,60,173.2804157087231
17,61,229.14684355829536
17,62,133.0620232378943
17,63,260.01193193627597
17,64,176.60565555967702
17,65,249.0457543113716
17,66,224.62486806015747
17,67,287.7160691105933
17,68,124.16942720171927
17,69,120.53553770661533
17,70,294.61264383538185
17,71,205.76497328564216
17,72,264.17215550065316
17,73,198.54225971262875
17,74,112.31701438073794
17,75,258.2624537758437
17,76,174.3039395790038
17,77,201.28692185211347
17,78,230.1795436082527
17,79,232.38289968671177
17,80,259.259356453033
17,81,224.13333000867058
17,82,145.68322309547614
17,83,252.27813465612985
17,84,126.20299780556249
17,85,279.55839700627126
17,86,302.176222591418
17,87,265.8382835612426
17,88,192.22365994436458
17,89,180.75044814052592
17,90,283.7544377447846
17,91,106.29735679671504
17,92,285.47294770871855
17,93,158.25821986069158
17,94,177.74925654595924
17,95,162.76533899356667
17,96,182.89739125958445
17,97,249.73889025930922
17,98,305.53112912527865
17,99,185.07092447040986
18,0,114.23172262726932
18,1,124.0264721710764
18,2,172.03667270138632
18,3,188.08424333839434
18,4,185.41793495784515
18,5,172.27575452141198
18,6,189.14141644837954
18,7,180.01897872492182
18,8,214.93945298926238
18,9,181.14044815571492
18,10,232.83064894836582
18,11,179.55600683302754
18,12,197.34846972624138
18,13,87.60429189886811
18,14,203.82816155860738
18,15,199.03505927916203
18,16,146.85593275594417
18,17,103.41021052877035
18,18,97.90760059539322
18,19,123.58888595731835
18,20,191.40299011021213
18,21,156.02176765834096
18,22,162.74284619043388
18,23,219.49467258857186
18,24,202.37189491628163
18,25,167.5751927402745
18,26,80.13294704742168
18,27,88.56899130170879
18,28,172.141830865914
18,29,107.56651502506874
18,30,169.93502878798657
18,31,168.93511871624642
18,32,188.01463956675138
18,33,208.12325198359292
18,34,146.07439115475725
18,35,129.64467430239432
18,36,231.80783043897333
18,37,144.15251361570253
18,38,137.7785959694398
18,39,160.24492798100482
18,40,186.4633682673521
18,41,92.02271945249667
18,42,137.16636716074774
18,43,94.09613236344538
18,44,193.28900701638264
18,45,219.72289988415713
18,46,224.2119134752183
18,47,171.16288569332121
18,48,141.44934149593547
18,49,211.12123804826763
18,50,128.41690698126126
18,51,114.34560152009256
18,52,112.81423488344349
18,53,89.23935127532305
18,54,100.64447127774606
18,55,219.08109541738236
18,56,147.4527924220734
18,57,84.33319858914246
18,58,140.02320497580988
18,59,123.91637313994485
18,60,82.24597161765894
18,61,92.41343455976066
18,62,205.11875988464448
18,63,147.0905031011059
18,64,218.6894141987084
18,65,100.71786974917403
18,66,133.49543204423404
18,67,226.2554674499328
18,68,168.9854145875185
18,69,220.4712446883612
18,70,214.53739089942582
18,71,168.8840528083415
18,72,187.18490405157272
18,73,226.85549831789766
18,74,117.38663921064195
18,75,207.23417174644294
18,76,214.47735855752077
18,77,88.70621525194846
18,78,131.39628443032012
18,79,157.42889171437176
18,80,197.0404810790917
18,81,145.83945174810975
18,82,155.5319877773625
18,83,81.11749408020506
18,84,104.01106476928385
18,85,135.01812638669514
18,86,152.95586731862502
18,87,230.9007616609377
18,88,126.70166189626265
18,89,193.97135243998625
18,90,81.20179580671186
18,91,164.83332957213932
18,92,204.07263372630916
18,93,131.23015869869826
18,94,114.77349453635641
18,95,114.13486386878995
18,96,156.54969309785227
18,97,172.78064992073743
18,98,224.32136676438046
18,99,127.26624296806834
19,0,116.29900060997883
19,1,66.67830630329462
19,2,90.51074020074111
19,3,71.3134512994274
19,4,131.14472865609147
19,5,91.65101269894576
19,6,122.11142034152563
19,7,109.81649450715445
19,8,94.84207366831008
19,9,124.40045079855723
19,10,74.5264317887213
19,11,139.17332498644166
19,12,132.249149878362
19,13,88.30213542703596
19,14,106.19574335938788
19,15,133.82094425379114
19,16,135.5877515634808
19,17,140.4092096693564
19,18,139.23206712080903
19,19,136.34562998217635
19,20,122.49374372381895
19,21,72.33346313177668
19,22,154.7338270898255
19,23,62.68928869008673
19,24,75.31905123961559
19,25,87.23165790950274
19,26,52.44372782849404
19,27,78.79685195837104
19,28,148.59042155816638
19,29,80.9150498557753
19,30,120.58046810129312
19,31,141.28827988691464
19,32,62.06116463297811
19,33,121.93930676524789
19,34,126.48841237089272
19,35,146.65319560625173
19,36,62.41064881117901
19,37,119.54495676236392
19,38,112.17699554365035
19,39,123.16137194975303
19,40,109.71855960985778
19,41,148.84191304274506
19,42,142.37436468482787
19,43,91.48805545291826
19,44,92.97557094100027
19,45,73.56662073688737
19,46,144.80641495328092
19,47,81.9622504054191
19,48,153.30379727262485
19,49,52.58396956872703
19,50,154.2250866540959
19,51,82.72585598683727
19,52,75.44315355934627
19,53,58.41613440953031
19,54,133.14165176023877
19,55,96.7995865502904
19,56,111.90682784054911
19,57,93.73724311053725
19,58,141.7906839884237
19,59,116.20399093885649
19,60,136.42487703479893
19,61,86.71035209463639
19,62,133.0883571586629
19,63,63.79743190922065
19,64,150.35866361034996
19,65,58.88740804531826
19,66,112.73236834157423
19,67,77.45859714278004
19,68,82.45111647171565
19,69,104.65746432263435
19,70,55.791314856027014
19,71,87.45022967742116
19,72,78.28452410652925
19,73,133.10848210561673
19,74,136.97500045204004
19,75,108.19194929205689
19,76,119.33914232305455
19,77,95.83809567242183
19,78,67.74902743232292
19,79,138.81466282982888
19,80,91.9735264854142
19,81,94.59702793824721
19,82,152.46699717534125
19,83,153.40857111702175
19,84,85.92606771250085
19,85,138.25543640552664
19,86,133.65102115613132
19,87,85.17063797427085
19,88,111.04144403135892
19,89,148.79796397129226
19,90,94.35947266790976
19,91,96.58630532674434
19,92,100.93166003965096
19,93,144.73765552977775
19,94,64.1647282911166
19,95,67.1380275299292
19,96,112.14422829240672
19,97,154.49700373820264
19,98,123.4730743915074
19,99,100.50981819515614
20,0,124.24338892933248
20,1,61.71814901880845
20,2,99.74275916521508
20,3,109.18250392159385
20,4,65.02767440622087
20,5,75.70259133371523
20,6,79.94212848370016
20,7,111.74961145744388
20,8,137.87545151437084
20,9,48.617419818631376
20,10,114.50965572427117
20,11,105.5338631199368
20,12,136.02863205978113
20,13,91.40407927904585
20,14,124.71630458204625
20,15,97.55266278819246
20,16,57.40614316933948
20,17,111.76805081548932
20,18,114.16805341772628
20,19,138.3997236507376
20,20,64.92736976019499
20,21,57.3146451704098
20,22,140.40314141114038
20,23,76.40322132798563
20,24,80.85742664696751
20,25,55.565141571360805
20,26,79.98048096116618
20,27,72.91453932998077
20,28,78.68300906985982
20,29,102.1722586333181
20,30,61.84160404795254
20,31,59.67791604586221
20,32,99.66285823203366
20,33,142.88620778208409
20,34,120.61903638356004
20,35,85.93459544902682
20,36,71.10374035545163
20,37,125.90231158004929
20,38,133.2697533300507
20,39,104.56792477649127
20,40,99.65667624519418
20,41,70.71299759977961
20,42,135.16407567852386
20,43,72.99037341785709
20,44,91.96888024225825
20,45,109.36388348170011
20,46,136.34575933928008
20,47,68.24395764834601
20,48,133.8820871670178
20,49,125.85092974730215
20,50,64.55831904935063
20,51,87.23700249616861
20,52,136.33094758619728
20,53,110.59197452798479
20,54,72.95876724479827
20,55,143.43644160870716
20,56,99.14420122126882
20,57,90.82841204617263
20,58,55.86909471902386
20,59,60.04718171758593
20,60,92.43381668221805
20,61,98.17625375144793
20,62,127.76749565625975
20,63,56.27875057907932
20,64,103.8441088807702
20,65,71.6999532024235
20,66,129.38066272291414
20,67,99.0015060082676
20,68,125.93397732979722
20,69,89.9483961989823
20,70,104.98453515458354
20,71,68.47724883779242
20,72,63.77839824244584
20,73,66.344393204761
20,74,91.45782655307133
20,75,75.00178682328985
20,76,85.3633934314436
20,77,120.268109887609
20,78,49.85197906824852
20,79,142.80701806277963
20,80,140.6382297766591
20,81,73.66429655112452
20,82,126.35212566981872
20,83,59.85412696636704
20,84,107.60657580045365
20,85,60.19295968610507
20,86,82.21994897670508
20,87,137.17777401304642
20,88,103.29470197489314
20,89,87.58611223150149
20,90,56.86982565764425
20,91,65.62659222750753
20,92,131.16004589221333
20,93,54.56376579065628
20,94,106.87620577415557
20,95,142.66403495322803
20,96,53.76069171727687
20,97,83.07286331065082
20,98,95.95736137903661
20,99,71.26978499183002
21,0,139.5410317415114
21,1,136.09346928811902
21,2,134.14264464893665
21,3,67.02150737271917
21,4,127.89944225234416
21,5,99.80630826615604
21,6,85.63924155280235
21,7,112.08612451107741
21,8,95.14124733504438
21,9,116.37475327576725
21,10,48.6263590977859
21,11,115.99746785272445
21,12,65.45831313568802
21,13,111.46771017549946
21,14,121.60581048630422
21,15,133.3741777673294
21,16,59.73656648760029
21,17,108.1478969322446
21,18,68.97400341494227
21,19,107.92056281429392
21,20,49.615474905198546
21,21,104.0893152353642
21,22,119.48105941396629
21,23,128.1599939358458
21,24,58.20490886153725
21,25,52.721567373750325
21,26,53.771605349948494
21,27,112.23497996727242
21,28,112.45442823596136
21,29,121.33228547771398
21,30,119.13896888126719
21,31,70.21873001127672
21,32,104.0884875908297
21,33,52.09299662666676
21,34,63.393734839069246
21,35,57.47435450003331
21,36,132.87118168701483
21,37,46.80151545315808
21,38,77.08348310194917
21,39,101.33048258626239
21,40,82.0894319929701
21,41,102.1110963610718
21,42,105.13478341118137
21,43,117.59645760367233
21,44,101.31824013726806
21,45,67.59017267346498
21,46,59.99589745127929
21,47,86.26303527607386
21,48,107.51088860117801
21,49,108.54431808004716
21,50,112.26361504751519
21,51,98.37079390583823
21,52,67.96277073176077
21,53,131.12530687312199
21,54,83.05995492709151
21,55,116.30581972634194
21,56,113.8966406999471
21,57,108.55966694969543
21,58,117.9958556383088
21,59,130.49266281202011
21,60,126.66088677079101
21,61,134.53476562985446
21,62,114.57027518073089
21,63,128.32294093389902
21,64,138.14222298362267
21,65,79.11670621190841
21,66,91.23663554815312
21,67,92.92439959865189
21,68,65.99413395183493
21,69,85.36598233781842
21,70,83.72276073271823
21,71,125.13333217530446
21,72,127.39610512100911
21,73,107.45878966641615
21,74,77.18809105525594
21,75,116.404027550105
21,76,97.09452859155789
21,77,101.62653772244151
21,78,68.93797141077386
21,79,117.34523122108892
21,80,97.46741647000037
21,81,104.69205103430443
21,82,89.16324236652159
21,83,124.01291619420556
21,84,98.43030017951855
21,85,99.80071129082846
21,86,107.88744221433682
21,87,93.46544698601367
21,88,114.47484921513785
21,89,73.58825270128152
21,90,117.7176306797554
21,91,116.5334381483892
21,92,76.70558072734936
21,93,54.668043435455715
21,94,111.38696699040003
21,95,109.83357499601081
21,96,48.2732623203467
21,97,104.0298557583544
21,98,118.65886981921993
21,99,85.46844935158832
22,0,48.741141003290195
22,1,84.40627303949472
22,2,85.01675898663906
22,3,84.62854384812219
22,4,80.42199752484464
22,5,85.34078332635109
22,6,65.50871828737131
22,7,56.524699527040276
22,8,128.44993914139755
22,9,54.95810978597094
22,10,77.95545489589959
22,11,59.7176768110452
22,12,70.58472011048848
22,13,90.12690119430064
22,14,85.59941333673116
22,15,92.51961399190319
22,16,85.18531259571222
22,17,98.92675759645812
22,18,47.19456769277267
22,19,94.481804508886
22,20,57.07174370051288
22,21,107.85643412117702
22,22,50.159918181852454
22,23,57.01185329832479
22,24,69.86815934323516
22,25,98.30030896704947
22,26,77.35203779557503
22,27,127.05669947427226
22,28,122.7535427878986
22,29,102.67582254294696
22,30,131.13592101820063
22,31,59.580326851486575
22,32,78.21766368313193
22,33,65.37069544714137
22,34,128.63024900840242
22,35,56.829379917191105
22,36,85.76562774443516
22,37,52.27524007948668
22,38,129.79661065655625
22,39,99.68594371866467
22,40,63.712173928056814
22,41,126.4563433478007
22,42,119.69309015290524
22,43,106.12800066530689
22,44,101.70816476625376
22,45,95.98255517152728
22,46,104.89997341085933
22,47,52.97849846667583
22,48,79.50492807323887
22,49,68.56377789004007
22,50,115.84958536961355
22,51,103.27141083450584
22,52,118.90450773516247
22,53,61.708011775354414
22,54,133.12226719313475
22,55,97.72373374185085
22,56,52.60345084102333
22,57,109.0346406524183
22,58,87.16445725101413
22,59,85.20088418796314
22,60,81.7014706395887
22,61,133.84825244578337
22,62,91.45984838476463
22,63,106.11260749822348
22,64,135.50403635604223
22,65,127.02640776513101
22,66,70.75388409419062
22,67,106.9406887337908
22,68,95.09074214987142
22,69,63.903167054054094
22,70,119.56411837096796
22,71,131.03238420527487
22,72,96.16224001471292
22,73,111.83594552532823
22,74,124.88032915560703
22,75,65.19734134617134
22,76,50.61089991077888
22,77,69.329747027924
22,78,114.19794028044339
22,79,122.7437423130736
22,80,56.744654470470095
22,81,91.99810134671846
22,82,78.49750738611613
22,83,63.11844125792194
22,84,61.93052007361415
22,85,88.27473734507134
22,86,98.74202883786349
22,87,111.44145371468991
22,88,121.30454095264759
22,89,70.46382414359647
22,90,92.11335921911036
22,91,100.99663200237883
22,92,130.02697865703541
22,93,121.97390514841896
22,94,124.56496338634217
22,95,98.49616413148578
22,96,80.96840807266265
22,97,66.63099793699052
22,98,84.11557537788045
22,99,136.5040105514061
23,0,93.00292113915161
23,1,54.435023019756514
23,2,76.94353674078033
23,3,56.33400969997895
23,4,56.36196168070095
23,5,44.173725080548635
23,6,91.95777481640953
23,7,66.67931898498065
23,8,56.20822639053667
23,9,61.05944901410199
23,10,44.60955050798673
23,11,89.41250075244058
23,12,69.94091875551813
23,13,107.74221297919091
23,14,103.84342740701169
23,15,94.3541026257166
23,16,68.66092489323803
23,17,69.45322599049068
23,18,107.11781639382095
23,19,50.76460630087589
23,20,95.9622973784793
23,21,104.30463573266903
23,22,68.84831965565476
23,23,81.63587375237125
23,24,50.87702354609358
23,25,84.02107128148488
23,26,46.40950711449284
23,27,103.76589206063285
23,28,39.4663678389526
23,29,61.86511579982706
23,30,70.49726551020562
23,31,94.7762572748872
23,32,65.33097347579378
23,33,64.67240266900421
23,34,101.71066010326875
23,35,83.21886421970368
23,36,76.66860746601417
23,37,76.49713065292549
23,38,71.68937354887586
23,39,51.65401718979505
23,40,78.99211643806947
23,41,49.43109064254227
23,42,61.25698056072183
23,43,78.92542488281539
23,44,90.89528594105772
23,45,94.13654463983353
23,46,43.21386710299781
23,47,60.60858578642172
23,48,71.87847971914512
23,49,91.78825932658353
23,50,108.53018682417293
23,51,57.793581469697735
23,52,109.21387478299941
23,53,86.20357570345513
23,54,76.23201107226193
23,55,46.55096234323282
23,56,38.85193385871788
23,57,92.17966841200607
23,58,87.35547232106425
23,59,94.36184604557158
23,60,68.57643175482
23,61,66.38995680524619
23,62,84.99920262822013
23,63,40.448925917901306
23,64,49.223631929793555
23,65,76.30172635389417
23,66,86.42406290324688
23,67,98.69553466400534
23,68,65.47981315722895
23,69,60.3461150785214
23,70,53.248894426080504
23,71,71.98859130455494
23,72,109.72801602600255
23,73,78.62797984972936
23,74,99.10199810779393
23,75,53.89935189602504
23,76,68.58843878515769
23,77,87.15330085199332
23,78,50.76980173541474
23,79,97.45001531176302
23,80,82.21893627220417
23,81,84.16567866990894
23,82,46.922879874475484
23,83,107.81401880465232
23,84,39.1824776658451
23,85,37.628310423285704
23,86,40.1204300453716
23,87,73.53646853688764
23,88,71.07851897327134
23,89,104.94415418075229
23,90,61.17749189159694
23,91,58.42773326630943
23,92,84.65853729543899
23,93,72.73422618458932
23,94,86.72547075226295
23,95,83.94623735381029
23,96,88.53109312022617
23,97,83.7893393353926
23,98,37.199075098503016
23,99,64.94797869734792
