participant_count,date,seed,scenarios,level,eps,python_version,cagg_status,dagg_status,decentralized_aggregate_profit_usd,decentralized_market_profit_usd,decentralized_profit_with_imbalance_usd,decentralized_da_revenue_usd,decentralized_rt_revenue_usd,decentralized_penalty_cost_usd,aggregate_imbalance_penalty_usd,aggregate_imbalance_penalty_cost_usd,aggregate_imbalance_value_signed_usd,aggregate_imbalance_value_abs_usd,aggregate_imbalance_quantity_mwh,cagg_market_profit_usd,cagg_solve_seconds,cagg_wall_solve_seconds,cagg_build_seconds,cagg_total_seconds,dagg_solve_seconds,dagg_wall_solve_seconds,dagg_build_seconds,dagg_total_seconds,selected_files_json,experiment_wall_seconds
10,2022-07-18,1,100,high,1e-08,3.12.2,2,2,6223.286417454601,6223.286417454601,6222.215562297621,5194.346436179926,1233.4040861302192,204.46410485554404,-1.070855156980206,1.8970712248301647,-1.070855156980206,2.7232872926801237,0.030939222329624982,6224.44600949802,3.0443179607391357,3.079948583006626,2.505055582994828,5.585004166001454,2.386857032775879,2.4217380000045523,2.506131957983598,4.92786995798815,"[""1033.csv"", ""1818.csv"", ""2502.csv"", ""2503.csv"", ""2634.csv"", ""2698.csv"", ""2816.csv"", ""545.csv"", ""665.csv"", ""690.csv""]",10.777700958016794
30,2022-07-18,1,100,high,1e-08,3.12.2,2,2,21516.429526873508,21516.429526873508,21528.141061114933,17736.13197765878,3957.3827790412265,177.08522982649714,11.711534241425827,27.886613872129317,11.711534241425827,67.48476198568446,0.9294257073801079,21498.585926099637,11.793646812438965,11.900913666002452,7.526163542002905,19.427077208005358,8.307317018508911,8.416091334016528,7.536382542020874,15.952473876037402,"[""1033.csv"", ""1818.csv"", ""2502.csv"", ""2503.csv"", ""2634.csv"", ""2698.csv"", ""2816.csv"", ""545.csv"", ""665.csv"", ""690.csv"", ""1034.csv"", ""1045.csv"", ""1085.csv"", ""1130.csv"", ""1137.csv"", ""1146.csv"", ""1149.csv"", ""1150.csv"", ""1155.csv"", ""1157.csv"", ""1161.csv"", ""1164.csv"", ""1182.csv"", ""1184.csv"", ""1395.csv"", ""1397.csv"", ""1404.csv"", ""1406.csv"", ""1665.csv"", ""1666.csv""]",36.17483766700025
50,2022-07-18,1,100,high,1e-08,3.12.2,2,2,44070.4973425548,44070.4973425548,44088.213423106274,37266.83387659201,7177.4597690075425,373.79630304474915,17.716080551471528,58.41971398521592,17.716080551471528,134.5555085219034,1.9387475632455224,44038.693026025976,20.193032026290894,20.380763166001998,12.625425417005317,33.006188583007315,13.388427019119263,13.591046999994433,12.996497208019719,26.58754420801415,"[""1033.csv"", ""1818.csv"", ""2502.csv"", ""2503.csv"", ""2634.csv"", ""2698.csv"", ""2816.csv"", ""545.csv"", ""665.csv"", ""690.csv"", ""1034.csv"", ""1045.csv"", ""1085.csv"", ""1130.csv"", ""1137.csv"", ""1146.csv"", ""1149.csv"", ""1150.csv"", ""1155.csv"", ""1157.csv"", ""1161.csv"", ""1164.csv"", ""1182.csv"", ""1184.csv"", ""1395.csv"", ""1397.csv"", ""1404.csv"", ""1406.csv"", ""1665.csv"", ""1666.csv"", ""1667.csv"", ""1675.csv"", ""172.csv"", ""1879.csv"", ""1889.csv"", ""1890.csv"", ""1891.csv"", ""1892.csv"", ""1895.csv"", ""1964.csv"", ""2033.csv"", ""2034.csv"", ""2078.csv"", ""2194.csv"", ""2213.csv"", ""2358.csv"", ""2359.csv"", ""2371.csv"", ""2373.csv"", ""2376.csv""]",60.958796083024936
75,2022-07-18,1,100,high,1e-08,3.12.2,2,2,66132.71484679278,66132.71484679278,66165.5899459094,55623.38901919866,10903.552925095611,394.2270975014925,32.87509911662577,92.94762949594785,32.87509911662577,218.7703581085215,3.02786234170405,66085.64533384875,33.2706139087677,33.59326125000371,20.325702292000642,53.91896354200435,20.58471393585205,20.859756332996767,19.048752625007182,39.90850895800395,"[""1033.csv"", ""1818.csv"", ""2502.csv"", ""2503.csv"", ""2634.csv"", ""2698.csv"", ""2816.csv"", ""545.csv"", ""665.csv"", ""690.csv"", ""1034.csv"", ""1045.csv"", ""1085.csv"", ""1130.csv"", ""1137.csv"", ""1146.csv"", ""1149.csv"", ""1150.csv"", ""1155.csv"", ""1157.csv"", ""1161.csv"", ""1164.csv"", ""1182.csv"", ""1184.csv"", ""1395.csv"", ""1397.csv"", ""1404.csv"", ""1406.csv"", ""1665.csv"", ""1666.csv"", ""1667.csv"", ""1675.csv"", ""172.csv"", ""1879.csv"", ""1889.csv"", ""1890.csv"", ""1891.csv"", ""1892.csv"", ""1895.csv"", ""1964.csv"", ""2033.csv"", ""2034.csv"", ""2078.csv"", ""2194.csv"", ""2213.csv"", ""2358.csv"", ""2359.csv"", ""2371.csv"", ""2373.csv"", ""2376.csv"", ""2381.csv"", ""2386.csv"", ""2392.csv"", ""2508.csv"", ""2517.csv"", ""2628.csv"", ""2635.csv"", ""2699.csv"", ""2704.csv"", ""2810.csv"", ""2811.csv"", ""2812.csv"", ""2814.csv"", ""2819.csv"", ""2836.csv"", ""2841.csv"", ""2842.csv"", ""2843.csv"", ""2847.csv"", ""2883.csv"", ""367.csv"", ""373.csv"", ""374.csv"", ""376.csv"", ""401.csv""]",95.98416737501975
100,2022-07-18,1,100,high,1e-08,3.12.2,2,2,77263.13102268147,77263.13102268147,77273.80701126684,64917.75203671467,12758.797406299196,413.41842033240164,10.675988585367406,42.452038921892225,10.675988585367406,95.58006642915186,1.343654098883876,77251.13483376858,207.03032898902893,207.3966289999953,25.28721129198675,232.68384029198205,30.624380111694336,30.98311620799359,25.3656382500194,56.34875445801299,"[""1033.csv"", ""1818.csv"", ""2502.csv"", ""2503.csv"", ""2634.csv"", ""2698.csv"", ""2816.csv"", ""545.csv"", ""665.csv"", ""690.csv"", ""1034.csv"", ""1045.csv"", ""1085.csv"", ""1130.csv"", ""1137.csv"", ""1146.csv"", ""1149.csv"", ""1150.csv"", ""1155.csv"", ""1157.csv"", ""1161.csv"", ""1164.csv"", ""1182.csv"", ""1184.csv"", ""1395.csv"", ""1397.csv"", ""1404.csv"", ""1406.csv"", ""1665.csv"", ""1666.csv"", ""1667.csv"", ""1675.csv"", ""172.csv"", ""1879.csv"", ""1889.csv"", ""1890.csv"", ""1891.csv"", ""1892.csv"", ""1895.csv"", ""1964.csv"", ""2033.csv"", ""2034.csv"", ""2078.csv"", ""2194.csv"", ""2213.csv"", ""2358.csv"", ""2359.csv"", ""2371.csv"", ""2373.csv"", ""2376.csv"", ""2381.csv"", ""2386.csv"", ""2392.csv"", ""2508.csv"", ""2517.csv"", ""2628.csv"", ""2635.csv"", ""2699.csv"", ""2704.csv"", ""2810.csv"", ""2811.csv"", ""2812.csv"", ""2814.csv"", ""2819.csv"", ""2836.csv"", ""2841.csv"", ""2842.csv"", ""2843.csv"", ""2847.csv"", ""2883.csv"", ""367.csv"", ""373.csv"", ""374.csv"", ""376.csv"", ""401.csv"", ""424.csv"", ""450.csv"", ""453.csv"", ""504.csv"", ""524.csv"", ""542.csv"", ""557.csv"", ""561.csv"", ""566.csv"", ""596.csv"", ""608.csv"", ""666.csv"", ""674.csv"", ""709.csv"", ""712.csv"", ""713.csv"", ""747.csv"", ""748.csv"", ""749.csv"", ""907.csv"", ""911.csv"", ""912.csv"", ""913.csv"", ""933.csv"", ""935.csv""]",292.00077449998935
10,2022-07-18,2,100,high,1e-08,3.12.2,2,2,6266.392786401228,6266.392786401228,6266.627901908287,5234.37737358913,1213.1861742958642,181.1707614837672,0.23511550705952686,1.860184748901787,0.23511550705952686,3.9554850048631005,0.05295621741980097,6265.426280140208,3.27367901802063,3.3109718339983374,2.5498133749933913,5.860785208991729,2.505897045135498,2.540714917005971,2.5220464169979095,5.062761334003881,"[""1033.csv"", ""1818.csv"", ""2502.csv"", ""2503.csv"", ""2634.csv"", ""2698.csv"", ""2816.csv"", ""545.csv"", ""665.csv"", ""690.csv""]",11.22454770799959
30,2022-07-18,2,100,high,1e-08,3.12.2,2,2,21282.34818731635,21282.34818731635,21294.70500932765,17726.863729861896,3757.5046600471283,202.02020259267397,12.35682201129626,22.76669502750745,12.35682201129626,57.89021206631115,0.7742122026761197,21267.00619289616,12.983114004135132,13.091589415998897,7.610887500020908,20.702476916019805,9.563068151473999,9.668063334014732,7.487042749999091,17.155106084013823,"[""1033.csv"", ""1818.csv"", ""2502.csv"", ""2503.csv"", ""2634.csv"", ""2698.csv"", ""2816.csv"", ""545.csv"", ""665.csv"", ""690.csv"", ""1034.csv"", ""1045.csv"", ""1085.csv"", ""1130.csv"", ""1137.csv"", ""1146.csv"", ""1149.csv"", ""1150.csv"", ""1155.csv"", ""1157.csv"", ""1161.csv"", ""1164.csv"", ""1182.csv"", ""1184.csv"", ""1395.csv"", ""1397.csv"", ""1404.csv"", ""1406.csv"", ""1665.csv"", ""1666.csv""]",38.723112332983874
50,2022-07-18,2,100,high,1e-08,3.12.2,2,2,43507.91102214415,43507.91102214415,43504.07632793041,37121.633861793234,6805.060084994305,418.7829246433883,-3.834694213739639,12.543292574968481,-3.834694213739639,21.251890936197324,0.30618864430200554,43511.018658503126,20.76242709159851,20.948724707996007,12.936624416994164,33.88534912499017,10.03928518295288,12.222640708991094,12.86890487500932,25.091545584000414,"[""1033.csv"", ""1818.csv"", ""2502.csv"", ""2503.csv"", ""2634.csv"", ""2698.csv"", ""2816.csv"", ""545.csv"", ""665.csv"", ""690.csv"", ""1034.csv"", ""1045.csv"", ""1085.csv"", ""1130.csv"", ""1137.csv"", ""1146.csv"", ""1149.csv"", ""1150.csv"", ""1155.csv"", ""1157.csv"", ""1161.csv"", ""1164.csv"", ""1182.csv"", ""1184.csv"", ""1395.csv"", ""1397.csv"", ""1404.csv"", ""1406.csv"", ""1665.csv"", ""1666.csv"", ""1667.csv"", ""1675.csv"", ""172.csv"", ""1879.csv"", ""1889.csv"", ""1890.csv"", ""1891.csv"", ""1892.csv"", ""1895.csv"", ""1964.csv"", ""2033.csv"", ""2034.csv"", ""2078.csv"", ""2194.csv"", ""2213.csv"", ""2358.csv"", ""2359.csv"", ""2371.csv"", ""2373.csv"", ""2376.csv""]",60.44598566700006
75,2022-07-18,2,100,high,1e-08,3.12.2,2,2,65359.83676690118,65359.83676690118,65358.514853239394,55305.44669111617,10428.388967096034,373.99889131102526,-1.3219136617869875,7.633732761579824,-1.3219136617869875,13.945551861372664,0.18603477353313688,65360.375072812225,34.728533029556274,35.009967624995625,18.966601749998517,53.97656937499414,18.958385229110718,19.260019959008787,19.05109491699841,38.311114876007196,"[""1033.csv"", ""1818.csv"", ""2502.csv"", ""2503.csv"", ""2634.csv"", ""2698.csv"", ""2816.csv"", ""545.csv"", ""665.csv"", ""690.csv"", ""1034.csv"", ""1045.csv"", ""1085.csv"", ""1130.csv"", ""1137.csv"", ""1146.csv"", ""1149.csv"", ""1150.csv"", ""1155.csv"", ""1157.csv"", ""1161.csv"", ""1164.csv"", ""1182.csv"", ""1184.csv"", ""1395.csv"", ""1397.csv"", ""1404.csv"", ""1406.csv"", ""1665.csv"", ""1666.csv"", ""1667.csv"", ""1675.csv"", ""172.csv"", ""1879.csv"", ""1889.csv"", ""1890.csv"", ""1891.csv"", ""1892.csv"", ""1895.csv"", ""1964.csv"", ""2033.csv"", ""2034.csv"", ""2078.csv"", ""2194.csv"", ""2213.csv"", ""2358.csv"", ""2359.csv"", ""2371.csv"", ""2373.csv"", ""2376.csv"", ""2381.csv"", ""2386.csv"", ""2392.csv"", ""2508.csv"", ""2517.csv"", ""2628.csv"", ""2635.csv"", ""2699.csv"", ""2704.csv"", ""2810.csv"", ""2811.csv"", ""2812.csv"", ""2814.csv"", ""2819.csv"", ""2836.csv"", ""2841.csv"", ""2842.csv"", ""2843.csv"", ""2847.csv"", ""2883.csv"", ""367.csv"", ""373.csv"", ""374.csv"", ""376.csv"", ""401.csv""]",94.39581575000193
100,2022-07-18,2,100,high,1e-08,3.12.2,2,2,76490.97108381917,76490.97108381917,76511.83373288733,64803.0343661529,12048.681737179353,360.7450195130784,20.862649068158184,101.60923294183303,20.862649068158184,224.08111495182425,3.1719611554132445,76485.39313031071,204.58064198493958,205.1150711659866,25.824008625000715,230.9390797909873,33.79756021499634,34.156955999991624,25.411324000015156,59.56828000000678,"[""1033.csv"", ""1818.csv"", ""2502.csv"", ""2503.csv"", ""2634.csv"", ""2698.csv"", ""2816.csv"", ""545.csv"", ""665.csv"", ""690.csv"", ""1034.csv"", ""1045.csv"", ""1085.csv"", ""1130.csv"", ""1137.csv"", ""1146.csv"", ""1149.csv"", ""1150.csv"", ""1155.csv"", ""1157.csv"", ""1161.csv"", ""1164.csv"", ""1182.csv"", ""1184.csv"", ""1395.csv"", ""1397.csv"", ""1404.csv"", ""1406.csv"", ""1665.csv"", ""1666.csv"", ""1667.csv"", ""1675.csv"", ""172.csv"", ""1879.csv"", ""1889.csv"", ""1890.csv"", ""1891.csv"", ""1892.csv"", ""1895.csv"", ""1964.csv"", ""2033.csv"", ""2034.csv"", ""2078.csv"", ""2194.csv"", ""2213.csv"", ""2358.csv"", ""2359.csv"", ""2371.csv"", ""2373.csv"", ""2376.csv"", ""2381.csv"", ""2386.csv"", ""2392.csv"", ""2508.csv"", ""2517.csv"", ""2628.csv"", ""2635.csv"", ""2699.csv"", ""2704.csv"", ""2810.csv"", ""2811.csv"", ""2812.csv"", ""2814.csv"", ""2819.csv"", ""2836.csv"", ""2841.csv"", ""2842.csv"", ""2843.csv"", ""2847.csv"", ""2883.csv"", ""367.csv"", ""373.csv"", ""374.csv"", ""376.csv"", ""401.csv"", ""424.csv"", ""450.csv"", ""453.csv"", ""504.csv"", ""524.csv"", ""542.csv"", ""557.csv"", ""561.csv"", ""566.csv"", ""596.csv"", ""608.csv"", ""666.csv"", ""674.csv"", ""709.csv"", ""712.csv"", ""713.csv"", ""747.csv"", ""748.csv"", ""749.csv"", ""907.csv"", ""911.csv"", ""912.csv"", ""913.csv"", ""933.csv"", ""935.csv""]",293.47265637500095
10,2022-07-18,3,100,high,1e-08,3.12.2,2,2,6217.030933521002,6217.030933521002,6216.901012785772,5255.559488623259,1184.067818592943,222.59637369520033,-0.12992073523021969,1.270123483703629,-0.12992073523021969,2.4103262321770385,0.03438126633895224,6217.394603183121,3.250948905944824,3.2864723750099074,2.492062250006711,5.7785346250166185,2.4754819869995117,2.5117103749944363,2.550020583992591,5.061730958987027,"[""1033.csv"", ""1818.csv"", ""2502.csv"", ""2503.csv"", ""2634.csv"", ""2698.csv"", ""2816.csv"", ""545.csv"", ""665.csv"", ""690.csv""]",11.13379370799521
30,2022-07-18,3,100,high,1e-08,3.12.2,2,2,21381.408436635593,21381.408436635593,21380.48993353482,17950.742076032795,3690.708593235101,260.0422326323028,-0.9185031007745467,3.4366328180876327,-0.9185031007745467,5.954762535400718,0.08159105011882663,21381.540309880274,12.67382287979126,12.781789125001524,7.605922792019555,20.38771191702108,8.15264105796814,8.25923841597978,7.6521957499790005,15.91143416595878,"[""1033.csv"", ""1818.csv"", ""2502.csv"", ""2503.csv"", ""2634.csv"", ""2698.csv"", ""2816.csv"", ""545.csv"", ""665.csv"", ""690.csv"", ""1034.csv"", ""1045.csv"", ""1085.csv"", ""1130.csv"", ""1137.csv"", ""1146.csv"", ""1149.csv"", ""1150.csv"", ""1155.csv"", ""1157.csv"", ""1161.csv"", ""1164.csv"", ""1182.csv"", ""1184.csv"", ""1395.csv"", ""1397.csv"", ""1404.csv"", ""1406.csv"", ""1665.csv"", ""1666.csv""]",37.119229292002274
50,2022-07-18,3,100,high,1e-08,3.12.2,2,2,43770.67667242142,43770.67667242142,43771.63918434491,37481.010995190016,6738.421143036732,448.7554658053315,0.9625119234895045,6.076906244390214,0.9625119234895045,13.116324412269933,0.18639605450341457,43767.9923523858,21.808197021484375,21.98669558399706,12.55351420797524,34.5402097919723,12.132619142532349,12.310155874991324,12.504181458003586,24.81433733299491,"[""1033.csv"", ""1818.csv"", ""2502.csv"", ""2503.csv"", ""2634.csv"", ""2698.csv"", ""2816.csv"", ""545.csv"", ""665.csv"", ""690.csv"", ""1034.csv"", ""1045.csv"", ""1085.csv"", ""1130.csv"", ""1137.csv"", ""1146.csv"", ""1149.csv"", ""1150.csv"", ""1155.csv"", ""1157.csv"", ""1161.csv"", ""1164.csv"", ""1182.csv"", ""1184.csv"", ""1395.csv"", ""1397.csv"", ""1404.csv"", ""1406.csv"", ""1665.csv"", ""1666.csv"", ""1667.csv"", ""1675.csv"", ""172.csv"", ""1879.csv"", ""1889.csv"", ""1890.csv"", ""1891.csv"", ""1892.csv"", ""1895.csv"", ""1964.csv"", ""2033.csv"", ""2034.csv"", ""2078.csv"", ""2194.csv"", ""2213.csv"", ""2358.csv"", ""2359.csv"", ""2371.csv"", ""2373.csv"", ""2376.csv""]",60.74584237500676
75,2022-07-18,3,100,high,1e-08,3.12.2,2,2,65575.40658568841,65575.40658568841,65600.82074419534,55772.58409118059,10173.897665885399,371.07517137758697,25.41415850692502,97.81382455444003,25.41415850692502,221.0418076158051,3.0425856119941774,65553.13393092366,31.687067985534668,31.958135792025132,18.8899839160149,50.84811970804003,20.05834698677063,20.326203542004805,18.91243654099526,39.238640083000064,"[""1033.csv"", ""1818.csv"", ""2502.csv"", ""2503.csv"", ""2634.csv"", ""2698.csv"", ""2816.csv"", ""545.csv"", ""665.csv"", ""690.csv"", ""1034.csv"", ""1045.csv"", ""1085.csv"", ""1130.csv"", ""1137.csv"", ""1146.csv"", ""1149.csv"", ""1150.csv"", ""1155.csv"", ""1157.csv"", ""1161.csv"", ""1164.csv"", ""1182.csv"", ""1184.csv"", ""1395.csv"", ""1397.csv"", ""1404.csv"", ""1406.csv"", ""1665.csv"", ""1666.csv"", ""1667.csv"", ""1675.csv"", ""172.csv"", ""1879.csv"", ""1889.csv"", ""1890.csv"", ""1891.csv"", ""1892.csv"", ""1895.csv"", ""1964.csv"", ""2033.csv"", ""2034.csv"", ""2078.csv"", ""2194.csv"", ""2213.csv"", ""2358.csv"", ""2359.csv"", ""2371.csv"", ""2373.csv"", ""2376.csv"", ""2381.csv"", ""2386.csv"", ""2392.csv"", ""2508.csv"", ""2517.csv"", ""2628.csv"", ""2635.csv"", ""2699.csv"", ""2704.csv"", ""2810.csv"", ""2811.csv"", ""2812.csv"", ""2814.csv"", ""2819.csv"", ""2836.csv"", ""2841.csv"", ""2842.csv"", ""2843.csv"", ""2847.csv"", ""2883.csv"", ""367.csv"", ""373.csv"", ""374.csv"", ""376.csv"", ""401.csv""]",92.10279341597925
100,2022-07-18,3,100,high,1e-08,3.12.2,2,2,76652.6110341387,76652.6110341387,76683.71155606298,65159.71453812126,11914.114057155075,421.21756113763786,31.10052192428422,77.75593633517028,31.10052192428422,186.6123945946248,2.60856181020978,76625.74170418693,177.96807217597961,178.32465445797425,25.316759042005287,203.64141349997954,31.321070194244385,31.678769125021063,25.223921999975573,56.902691124996636,"[""1033.csv"", ""1818.csv"", ""2502.csv"", ""2503.csv"", ""2634.csv"", ""2698.csv"", ""2816.csv"", ""545.csv"", ""665.csv"", ""690.csv"", ""1034.csv"", ""1045.csv"", ""1085.csv"", ""1130.csv"", ""1137.csv"", ""1146.csv"", ""1149.csv"", ""1150.csv"", ""1155.csv"", ""1157.csv"", ""1161.csv"", ""1164.csv"", ""1182.csv"", ""1184.csv"", ""1395.csv"", ""1397.csv"", ""1404.csv"", ""1406.csv"", ""1665.csv"", ""1666.csv"", ""1667.csv"", ""1675.csv"", ""172.csv"", ""1879.csv"", ""1889.csv"", ""1890.csv"", ""1891.csv"", ""1892.csv"", ""1895.csv"", ""1964.csv"", ""2033.csv"", ""2034.csv"", ""2078.csv"", ""2194.csv"", ""2213.csv"", ""2358.csv"", ""2359.csv"", ""2371.csv"", ""2373.csv"", ""2376.csv"", ""2381.csv"", ""2386.csv"", ""2392.csv"", ""2508.csv"", ""2517.csv"", ""2628.csv"", ""2635.csv"", ""2699.csv"", ""2704.csv"", ""2810.csv"", ""2811.csv"", ""2812.csv"", ""2814.csv"", ""2819.csv"", ""2836.csv"", ""2841.csv"", ""2842.csv"", ""2843.csv"", ""2847.csv"", ""2883.csv"", ""367.csv"", ""373.csv"", ""374.csv"", ""376.csv"", ""401.csv"", ""424.csv"", ""450.csv"", ""453.csv"", ""504.csv"", ""524.csv"", ""542.csv"", ""557.csv"", ""561.csv"", ""566.csv"", ""596.csv"", ""608.csv"", ""666.csv"", ""674.csv"", ""709.csv"", ""712.csv"", ""713.csv"", ""747.csv"", ""748.csv"", ""749.csv"", ""907.csv"", ""911.csv"", ""912.csv"", ""913.csv"", ""933.csv"", ""935.csv""]",263.3308509160124
10,2022-07-18,4,100,high,1e-08,3.12.2,2,2,6181.602524778258,6181.602524778258,6180.636723957628,5213.290579012638,1164.8380510275945,196.52610526197444,-0.9658008206301484,2.322587085021297,-0.9658008206301484,3.679373349412445,0.04928652040006952,6182.97630042709,3.1530802249908447,3.1918807909823954,2.593966459011426,5.785847249993822,2.3898258209228516,2.424590332986554,2.540670125017641,4.965260458004195,"[""1033.csv"", ""1818.csv"", ""2502.csv"", ""2503.csv"", ""2634.csv"", ""2698.csv"", ""2816.csv"", ""545.csv"", ""665.csv"", ""690.csv""]",11.041231291979784
30,2022-07-18,4,100,high,1e-08,3.12.2,2,2,21245.75582136594,21245.75582136594,21261.57014310914,17791.019444838097,3672.395636820367,217.65926029252657,15.814321743200532,30.57701517162791,15.814321743200532,76.96835208645635,1.0476065329602176,21222.69509592468,12.083193063735962,12.18982858301024,7.595443583006272,19.78527216601651,8.406601905822754,8.51365883401013,7.593824624986155,16.107483458996285,"[""1033.csv"", ""1818.csv"", ""2502.csv"", ""2503.csv"", ""2634.csv"", ""2698.csv"", ""2816.csv"", ""545.csv"", ""665.csv"", ""690.csv"", ""1034.csv"", ""1045.csv"", ""1085.csv"", ""1130.csv"", ""1137.csv"", ""1146.csv"", ""1149.csv"", ""1150.csv"", ""1155.csv"", ""1157.csv"", ""1161.csv"", ""1164.csv"", ""1182.csv"", ""1184.csv"", ""1395.csv"", ""1397.csv"", ""1404.csv"", ""1406.csv"", ""1665.csv"", ""1666.csv""]",36.735723624995444
50,2022-07-18,4,100,high,1e-08,3.12.2,2,2,43445.67806728641,43445.67806728641,43510.07651676751,37241.82664993553,6541.946789556157,338.095372205275,64.39844948110199,111.95341749806228,64.39844948110199,288.30528447722656,4.226417442572594,43334.28546291807,22.460495948791504,22.641365124989534,12.596932708023814,35.23829783301335,12.840786933898926,13.01884008399793,12.733815832994878,25.752655916992808,"[""1033.csv"", ""1818.csv"", ""2502.csv"", ""2503.csv"", ""2634.csv"", ""2698.csv"", ""2816.csv"", ""545.csv"", ""665.csv"", ""690.csv"", ""1034.csv"", ""1045.csv"", ""1085.csv"", ""1130.csv"", ""1137.csv"", ""1146.csv"", ""1149.csv"", ""1150.csv"", ""1155.csv"", ""1157.csv"", ""1161.csv"", ""1164.csv"", ""1182.csv"", ""1184.csv"", ""1395.csv"", ""1397.csv"", ""1404.csv"", ""1406.csv"", ""1665.csv"", ""1666.csv"", ""1667.csv"", ""1675.csv"", ""172.csv"", ""1879.csv"", ""1889.csv"", ""1890.csv"", ""1891.csv"", ""1892.csv"", ""1895.csv"", ""1964.csv"", ""2033.csv"", ""2034.csv"", ""2078.csv"", ""2194.csv"", ""2213.csv"", ""2358.csv"", ""2359.csv"", ""2371.csv"", ""2373.csv"", ""2376.csv""]",62.38179750001291
75,2022-07-18,4,100,high,1e-08,3.12.2,2,2,64939.64950314615,64939.64950314615,64957.172145004115,55298.33945372944,10041.712457682757,400.4024082660371,17.52264185796136,80.76326259833681,17.52264185796136,179.04916705463495,2.627587228058227,64915.91948631606,33.51872706413269,33.790089499991154,18.972980624996126,52.76307012498728,20.629892826080322,20.898967291985173,19.059566541021923,39.958533833007095,"[""1033.csv"", ""1818.csv"", ""2502.csv"", ""2503.csv"", ""2634.csv"", ""2698.csv"", ""2816.csv"", ""545.csv"", ""665.csv"", ""690.csv"", ""1034.csv"", ""1045.csv"", ""1085.csv"", ""1130.csv"", ""1137.csv"", ""1146.csv"", ""1149.csv"", ""1150.csv"", ""1155.csv"", ""1157.csv"", ""1161.csv"", ""1164.csv"", ""1182.csv"", ""1184.csv"", ""1395.csv"", ""1397.csv"", ""1404.csv"", ""1406.csv"", ""1665.csv"", ""1666.csv"", ""1667.csv"", ""1675.csv"", ""172.csv"", ""1879.csv"", ""1889.csv"", ""1890.csv"", ""1891.csv"", ""1892.csv"", ""1895.csv"", ""1964.csv"", ""2033.csv"", ""2034.csv"", ""2078.csv"", ""2194.csv"", ""2213.csv"", ""2358.csv"", ""2359.csv"", ""2371.csv"", ""2373.csv"", ""2376.csv"", ""2381.csv"", ""2386.csv"", ""2392.csv"", ""2508.csv"", ""2517.csv"", ""2628.csv"", ""2635.csv"", ""2699.csv"", ""2704.csv"", ""2810.csv"", ""2811.csv"", ""2812.csv"", ""2814.csv"", ""2819.csv"", ""2836.csv"", ""2841.csv"", ""2842.csv"", ""2843.csv"", ""2847.csv"", ""2883.csv"", ""367.csv"", ""373.csv"", ""374.csv"", ""376.csv"", ""401.csv""]",94.86330254201312
100,2022-07-18,4,100,high,1e-08,3.12.2,2,2,75852.13069969114,75852.13069969114,75846.44773990048,64541.65899706349,11716.480242514417,406.0085398867623,-5.682959790656249,34.59186101575395,-5.682959790656249,63.50076224085164,0.9540988470082078,75862.80508267376,203.54918599128723,203.90980704201502,25.33974329099874,229.24955033301376,30.843599796295166,31.21039470899268,25.368468166008824,56.578862875001505,"[""1033.csv"", ""1818.csv"", ""2502.csv"", ""2503.csv"", ""2634.csv"", ""2698.csv"", ""2816.csv"", ""545.csv"", ""665.csv"", ""690.csv"", ""1034.csv"", ""1045.csv"", ""1085.csv"", ""1130.csv"", ""1137.csv"", ""1146.csv"", ""1149.csv"", ""1150.csv"", ""1155.csv"", ""1157.csv"", ""1161.csv"", ""1164.csv"", ""1182.csv"", ""1184.csv"", ""1395.csv"", ""1397.csv"", ""1404.csv"", ""1406.csv"", ""1665.csv"", ""1666.csv"", ""1667.csv"", ""1675.csv"", ""172.csv"", ""1879.csv"", ""1889.csv"", ""1890.csv"", ""1891.csv"", ""1892.csv"", ""1895.csv"", ""1964.csv"", ""2033.csv"", ""2034.csv"", ""2078.csv"", ""2194.csv"", ""2213.csv"", ""2358.csv"", ""2359.csv"", ""2371.csv"", ""2373.csv"", ""2376.csv"", ""2381.csv"", ""2386.csv"", ""2392.csv"", ""2508.csv"", ""2517.csv"", ""2628.csv"", ""2635.csv"", ""2699.csv"", ""2704.csv"", ""2810.csv"", ""2811.csv"", ""2812.csv"", ""2814.csv"", ""2819.csv"", ""2836.csv"", ""2841.csv"", ""2842.csv"", ""2843.csv"", ""2847.csv"", ""2883.csv"", ""367.csv"", ""373.csv"", ""374.csv"", ""376.csv"", ""401.csv"", ""424.csv"", ""450.csv"", ""453.csv"", ""504.csv"", ""524.csv"", ""542.csv"", ""557.csv"", ""561.csv"", ""566.csv"", ""596.csv"", ""608.csv"", ""666.csv"", ""674.csv"", ""709.csv"", ""712.csv"", ""713.csv"", ""747.csv"", ""748.csv"", ""749.csv"", ""907.csv"", ""911.csv"", ""912.csv"", ""913.csv"", ""933.csv"", ""935.csv""]",288.737953999982
10,2022-07-18,5,100,high,1e-08,3.12.2,2,2,6249.597792581289,6249.597792581289,6249.4869899265395,5208.173643089982,1238.2680282413403,196.8438787500333,-0.1108026547487332,0.5361776411652155,-0.1108026547487332,0.9615526275816977,0.013080137903274808,6249.826875590745,3.3325998783111572,3.3706347920233384,2.5441669579886366,5.914801750011975,2.5704798698425293,2.606224499992095,2.536912624986144,5.143137124978239,"[""1033.csv"", ""1818.csv"", ""2502.csv"", ""2503.csv"", ""2634.csv"", ""2698.csv"", ""2816.csv"", ""545.csv"", ""665.csv"", ""690.csv""]",11.375164458004292
30,2022-07-18,5,100,high,1e-08,3.12.2,2,2,21443.559679490336,21443.559679490336,21448.73817190798,17649.581937239127,4002.7908418978736,208.81309964666355,5.1784924176432385,11.46554199245595,5.1784924176432385,28.109576402555135,0.38538333503663547,21432.73128995944,12.397943019866943,12.51068954198854,7.6352088330022525,20.145898374990793,8.345749855041504,8.456433875020593,8.183470250020036,16.63990412504063,"[""1033.csv"", ""1818.csv"", ""2502.csv"", ""2503.csv"", ""2634.csv"", ""2698.csv"", ""2816.csv"", ""545.csv"", ""665.csv"", ""690.csv"", ""1034.csv"", ""1045.csv"", ""1085.csv"", ""1130.csv"", ""1137.csv"", ""1146.csv"", ""1149.csv"", ""1150.csv"", ""1155.csv"", ""1157.csv"", ""1161.csv"", ""1164.csv"", ""1182.csv"", ""1184.csv"", ""1395.csv"", ""1397.csv"", ""1404.csv"", ""1406.csv"", ""1665.csv"", ""1666.csv""]",37.65434912501951
50,2022-07-18,5,100,high,1e-08,3.12.2,2,2,43995.78425439056,43995.78425439056,44006.37728678254,37288.84353414296,7110.7833973209035,403.8426770733053,10.593032391983279,44.25606827663936,10.593032391983279,99.10516894526201,1.3999798631199067,43979.50384519833,22.584540843963623,22.765314209013013,12.581319333985448,35.34663354299846,12.936713218688965,13.115033917012624,12.832860958005767,25.94789487501839,"[""1033.csv"", ""1818.csv"", ""2502.csv"", ""2503.csv"", ""2634.csv"", ""2698.csv"", ""2816.csv"", ""545.csv"", ""665.csv"", ""690.csv"", ""1034.csv"", ""1045.csv"", ""1085.csv"", ""1130.csv"", ""1137.csv"", ""1146.csv"", ""1149.csv"", ""1150.csv"", ""1155.csv"", ""1157.csv"", ""1161.csv"", ""1164.csv"", ""1182.csv"", ""1184.csv"", ""1395.csv"", ""1397.csv"", ""1404.csv"", ""1406.csv"", ""1665.csv"", ""1666.csv"", ""1667.csv"", ""1675.csv"", ""172.csv"", ""1879.csv"", ""1889.csv"", ""1890.csv"", ""1891.csv"", ""1892.csv"", ""1895.csv"", ""1964.csv"", ""2033.csv"", ""2034.csv"", ""2078.csv"", ""2194.csv"", ""2213.csv"", ""2358.csv"", ""2359.csv"", ""2371.csv"", ""2373.csv"", ""2376.csv""]",62.74608854201506
75,2022-07-18,5,100,high,1e-08,3.12.2,2,2,66119.90803375075,66119.90803375075,66145.80653170025,55590.540346023576,10963.608286885952,434.24059915877456,25.898497949497255,72.30980070196294,25.898497949497255,170.5180993534231,2.414379619418161,66082.07142196831,35.909066915512085,36.1904524579877,18.695031832990935,54.88548429097864,20.924280166625977,21.19460029201582,18.960239000007277,40.1548392920231,"[""1033.csv"", ""1818.csv"", ""2502.csv"", ""2503.csv"", ""2634.csv"", ""2698.csv"", ""2816.csv"", ""545.csv"", ""665.csv"", ""690.csv"", ""1034.csv"", ""1045.csv"", ""1085.csv"", ""1130.csv"", ""1137.csv"", ""1146.csv"", ""1149.csv"", ""1150.csv"", ""1155.csv"", ""1157.csv"", ""1161.csv"", ""1164.csv"", ""1182.csv"", ""1184.csv"", ""1395.csv"", ""1397.csv"", ""1404.csv"", ""1406.csv"", ""1665.csv"", ""1666.csv"", ""1667.csv"", ""1675.csv"", ""172.csv"", ""1879.csv"", ""1889.csv"", ""1890.csv"", ""1891.csv"", ""1892.csv"", ""1895.csv"", ""1964.csv"", ""2033.csv"", ""2034.csv"", ""2078.csv"", ""2194.csv"", ""2213.csv"", ""2358.csv"", ""2359.csv"", ""2371.csv"", ""2373.csv"", ""2376.csv"", ""2381.csv"", ""2386.csv"", ""2392.csv"", ""2508.csv"", ""2517.csv"", ""2628.csv"", ""2635.csv"", ""2699.csv"", ""2704.csv"", ""2810.csv"", ""2811.csv"", ""2812.csv"", ""2814.csv"", ""2819.csv"", ""2836.csv"", ""2841.csv"", ""2842.csv"", ""2843.csv"", ""2847.csv"", ""2883.csv"", ""367.csv"", ""373.csv"", ""374.csv"", ""376.csv"", ""401.csv""]",97.13577708401135
100,2022-07-18,5,100,high,1e-08,3.12.2,2,2,77340.66129968895,77340.66129968895,77356.92540439511,64827.3229180116,12912.884692907646,399.54631123031334,16.2641047061629,77.79146708546611,16.2641047061629,171.84703887709512,2.4616295021919594,77322.64753038017,191.36577701568604,191.72619683400262,25.226432791998377,216.952629626001,33.45448708534241,33.81167345799622,25.51404412498232,59.32571758297854,"[""1033.csv"", ""1818.csv"", ""2502.csv"", ""2503.csv"", ""2634.csv"", ""2698.csv"", ""2816.csv"", ""545.csv"", ""665.csv"", ""690.csv"", ""1034.csv"", ""1045.csv"", ""1085.csv"", ""1130.csv"", ""1137.csv"", ""1146.csv"", ""1149.csv"", ""1150.csv"", ""1155.csv"", ""1157.csv"", ""1161.csv"", ""1164.csv"", ""1182.csv"", ""1184.csv"", ""1395.csv"", ""1397.csv"", ""1404.csv"", ""1406.csv"", ""1665.csv"", ""1666.csv"", ""1667.csv"", ""1675.csv"", ""172.csv"", ""1879.csv"", ""1889.csv"", ""1890.csv"", ""1891.csv"", ""1892.csv"", ""1895.csv"", ""1964.csv"", ""2033.csv"", ""2034.csv"", ""2078.csv"", ""2194.csv"", ""2213.csv"", ""2358.csv"", ""2359.csv"", ""2371.csv"", ""2373.csv"", ""2376.csv"", ""2381.csv"", ""2386.csv"", ""2392.csv"", ""2508.csv"", ""2517.csv"", ""2628.csv"", ""2635.csv"", ""2699.csv"", ""2704.csv"", ""2810.csv"", ""2811.csv"", ""2812.csv"", ""2814.csv"", ""2819.csv"", ""2836.csv"", ""2841.csv"", ""2842.csv"", ""2843.csv"", ""2847.csv"", ""2883.csv"", ""367.csv"", ""373.csv"", ""374.csv"", ""376.csv"", ""401.csv"", ""424.csv"", ""450.csv"", ""453.csv"", ""504.csv"", ""524.csv"", ""542.csv"", ""557.csv"", ""561.csv"", ""566.csv"", ""596.csv"", ""608.csv"", ""666.csv"", ""674.csv"", ""709.csv"", ""712.csv"", ""713.csv"", ""747.csv"", ""748.csv"", ""749.csv"", ""907.csv"", ""911.csv"", ""912.csv"", ""913.csv"", ""933.csv"", ""935.csv""]",279.1231090000074
10,2022-07-18,6,100,high,1e-08,3.12.2,2,2,6131.463889805012,6131.463889805012,6131.544286493921,5189.914911458472,1145.2486612241132,203.69968287757303,0.08039668890987861,0.5222571151787877,0.08039668890987861,1.124910919267454,0.015580701674305949,6131.433210430342,3.389328956604004,3.4256290000048466,2.4998369999811985,5.925465999986045,2.5381269454956055,2.572709332976956,2.5320726659847423,5.104781998961698,"[""1033.csv"", ""1818.csv"", ""2502.csv"", ""2503.csv"", ""2634.csv"", ""2698.csv"", ""2816.csv"", ""545.csv"", ""665.csv"", ""690.csv""]",11.322111458983272
30,2022-07-18,6,100,high,1e-08,3.12.2,2,2,21052.754815871584,21052.754815871584,21066.757234759032,17567.781166782923,3710.801415740616,225.82776665195476,14.002418887449956,23.670347397560974,14.002418887449956,61.34311368257191,0.8861811842832958,21030.26867827074,12.707979917526245,12.816937249997864,7.581661875010468,20.39859912500833,8.273823022842407,8.391258374991594,8.891361000016332,17.282619375007926,"[""1033.csv"", ""1818.csv"", ""2502.csv"", ""2503.csv"", ""2634.csv"", ""2698.csv"", ""2816.csv"", ""545.csv"", ""665.csv"", ""690.csv"", ""1034.csv"", ""1045.csv"", ""1085.csv"", ""1130.csv"", ""1137.csv"", ""1146.csv"", ""1149.csv"", ""1150.csv"", ""1155.csv"", ""1157.csv"", ""1161.csv"", ""1164.csv"", ""1182.csv"", ""1184.csv"", ""1395.csv"", ""1397.csv"", ""1404.csv"", ""1406.csv"", ""1665.csv"", ""1666.csv""]",38.564024833001895
50,2022-07-18,6,100,high,1e-08,3.12.2,2,2,43306.68289452882,43306.68289452882,43318.51792886584,37066.28259205386,6701.167330648665,460.76702817369994,11.835034337021485,58.72411199057166,11.835034337021485,129.2832583181648,1.915258971652301,43279.104808025084,21.363587141036987,21.541042500000913,12.610995166003704,34.15203766600462,14.117256164550781,14.303857667022385,13.088799082994228,27.392656750016613,"[""1033.csv"", ""1818.csv"", ""2502.csv"", ""2503.csv"", ""2634.csv"", ""2698.csv"", ""2816.csv"", ""545.csv"", ""665.csv"", ""690.csv"", ""1034.csv"", ""1045.csv"", ""1085.csv"", ""1130.csv"", ""1137.csv"", ""1146.csv"", ""1149.csv"", ""1150.csv"", ""1155.csv"", ""1157.csv"", ""1161.csv"", ""1164.csv"", ""1182.csv"", ""1184.csv"", ""1395.csv"", ""1397.csv"", ""1404.csv"", ""1406.csv"", ""1665.csv"", ""1666.csv"", ""1667.csv"", ""1675.csv"", ""172.csv"", ""1879.csv"", ""1889.csv"", ""1890.csv"", ""1891.csv"", ""1892.csv"", ""1895.csv"", ""1964.csv"", ""2033.csv"", ""2034.csv"", ""2078.csv"", ""2194.csv"", ""2213.csv"", ""2358.csv"", ""2359.csv"", ""2371.csv"", ""2373.csv"", ""2376.csv""]",62.937221707979916
75,2022-07-18,6,100,high,1e-08,3.12.2,2,2,65078.04657404209,65078.04657404209,65093.11093975996,55265.36165112186,10227.160498895068,414.4755759748362,15.064365717865957,46.54475257550915,15.064365717865957,108.15387086888425,1.5468395180295167,65050.96189056348,35.15342593193054,35.42474279101589,19.147804541978985,54.57254733299487,20.29625391960144,20.566413124994142,18.948446667025564,39.514859792019706,"[""1033.csv"", ""1818.csv"", ""2502.csv"", ""2503.csv"", ""2634.csv"", ""2698.csv"", ""2816.csv"", ""545.csv"", ""665.csv"", ""690.csv"", ""1034.csv"", ""1045.csv"", ""1085.csv"", ""1130.csv"", ""1137.csv"", ""1146.csv"", ""1149.csv"", ""1150.csv"", ""1155.csv"", ""1157.csv"", ""1161.csv"", ""1164.csv"", ""1182.csv"", ""1184.csv"", ""1395.csv"", ""1397.csv"", ""1404.csv"", ""1406.csv"", ""1665.csv"", ""1666.csv"", ""1667.csv"", ""1675.csv"", ""172.csv"", ""1879.csv"", ""1889.csv"", ""1890.csv"", ""1891.csv"", ""1892.csv"", ""1895.csv"", ""1964.csv"", ""2033.csv"", ""2034.csv"", ""2078.csv"", ""2194.csv"", ""2213.csv"", ""2358.csv"", ""2359.csv"", ""2371.csv"", ""2373.csv"", ""2376.csv"", ""2381.csv"", ""2386.csv"", ""2392.csv"", ""2508.csv"", ""2517.csv"", ""2628.csv"", ""2635.csv"", ""2699.csv"", ""2704.csv"", ""2810.csv"", ""2811.csv"", ""2812.csv"", ""2814.csv"", ""2819.csv"", ""2836.csv"", ""2841.csv"", ""2842.csv"", ""2843.csv"", ""2847.csv"", ""2883.csv"", ""367.csv"", ""373.csv"", ""374.csv"", ""376.csv"", ""401.csv""]",96.26994708299753
100,2022-07-18,6,100,high,1e-08,3.12.2,2,2,76083.99178202807,76083.99178202807,76100.29063481302,64578.101092203935,11918.818191581146,412.9275017570125,16.298852784957994,48.412616284385834,16.298852784957994,113.12408535372964,1.6353572175060465,76062.19075870582,194.8403980731964,195.20141849998618,25.21503799999482,220.416456499981,32.977916955947876,33.34074854198843,25.477081166987773,58.817829708976205,"[""1033.csv"", ""1818.csv"", ""2502.csv"", ""2503.csv"", ""2634.csv"", ""2698.csv"", ""2816.csv"", ""545.csv"", ""665.csv"", ""690.csv"", ""1034.csv"", ""1045.csv"", ""1085.csv"", ""1130.csv"", ""1137.csv"", ""1146.csv"", ""1149.csv"", ""1150.csv"", ""1155.csv"", ""1157.csv"", ""1161.csv"", ""1164.csv"", ""1182.csv"", ""1184.csv"", ""1395.csv"", ""1397.csv"", ""1404.csv"", ""1406.csv"", ""1665.csv"", ""1666.csv"", ""1667.csv"", ""1675.csv"", ""172.csv"", ""1879.csv"", ""1889.csv"", ""1890.csv"", ""1891.csv"", ""1892.csv"", ""1895.csv"", ""1964.csv"", ""2033.csv"", ""2034.csv"", ""2078.csv"", ""2194.csv"", ""2213.csv"", ""2358.csv"", ""2359.csv"", ""2371.csv"", ""2373.csv"", ""2376.csv"", ""2381.csv"", ""2386.csv"", ""2392.csv"", ""2508.csv"", ""2517.csv"", ""2628.csv"", ""2635.csv"", ""2699.csv"", ""2704.csv"", ""2810.csv"", ""2811.csv"", ""2812.csv"", ""2814.csv"", ""2819.csv"", ""2836.csv"", ""2841.csv"", ""2842.csv"", ""2843.csv"", ""2847.csv"", ""2883.csv"", ""367.csv"", ""373.csv"", ""374.csv"", ""376.csv"", ""401.csv"", ""424.csv"", ""450.csv"", ""453.csv"", ""504.csv"", ""524.csv"", ""542.csv"", ""557.csv"", ""561.csv"", ""566.csv"", ""596.csv"", ""608.csv"", ""666.csv"", ""674.csv"", ""709.csv"", ""712.csv"", ""713.csv"", ""747.csv"", ""748.csv"", ""749.csv"", ""907.csv"", ""911.csv"", ""912.csv"", ""913.csv"", ""933.csv"", ""935.csv""]",282.13668666701415
10,2022-07-18,7,100,high,1e-08,3.12.2,2,2,6123.725562093757,6123.725562093757,6122.00978261756,5185.674695809496,1173.3607674230686,235.30990113880873,-1.7157794761973113,11.712553873547385,-1.7157794761973113,21.70932827089746,0.2899733673062735,6128.447216324674,3.447835922241211,3.4868526670034043,2.542588790995069,6.029441457998473,2.483268976211548,2.521103208011482,2.656448583002202,5.177551791013684,"[""1033.csv"", ""1818.csv"", ""2502.csv"", ""2503.csv"", ""2634.csv"", ""2698.csv"", ""2816.csv"", ""545.csv"", ""665.csv"", ""690.csv""]",11.518890084000304
30,2022-07-18,7,100,high,1e-08,3.12.2,2,2,21215.9150903205,21215.9150903205,21224.00673723935,17883.99084772145,3583.318553494764,251.39431089571082,8.091646918850099,22.673148445204994,8.091646918850099,53.43794380926009,0.7286105218087596,21208.118753771945,14.664110898971558,14.775759957992705,7.671957749989815,22.44771770798252,8.478537797927856,8.584242959012045,7.562272040988319,16.146515000000363,"[""1033.csv"", ""1818.csv"", ""2502.csv"", ""2503.csv"", ""2634.csv"", ""2698.csv"", ""2816.csv"", ""545.csv"", ""665.csv"", ""690.csv"", ""1034.csv"", ""1045.csv"", ""1085.csv"", ""1130.csv"", ""1137.csv"", ""1146.csv"", ""1149.csv"", ""1150.csv"", ""1155.csv"", ""1157.csv"", ""1161.csv"", ""1164.csv"", ""1182.csv"", ""1184.csv"", ""1395.csv"", ""1397.csv"", ""1404.csv"", ""1406.csv"", ""1665.csv"", ""1666.csv""]",39.46181270800298
50,2022-07-18,7,100,high,1e-08,3.12.2,2,2,43747.02284070522,43747.02284070522,43761.65256779192,37601.04927151601,6540.165015734697,394.1914465454864,14.629727086700262,58.77989266395455,14.629727086700262,132.18951241460937,1.938976687656973,43721.03703169414,24.3005850315094,24.479389583022567,12.561519541981397,37.040909125003964,13.726264953613281,13.906044458999531,12.593263542017667,26.499308001017198,"[""1033.csv"", ""1818.csv"", ""2502.csv"", ""2503.csv"", ""2634.csv"", ""2698.csv"", ""2816.csv"", ""545.csv"", ""665.csv"", ""690.csv"", ""1034.csv"", ""1045.csv"", ""1085.csv"", ""1130.csv"", ""1137.csv"", ""1146.csv"", ""1149.csv"", ""1150.csv"", ""1155.csv"", ""1157.csv"", ""1161.csv"", ""1164.csv"", ""1182.csv"", ""1184.csv"", ""1395.csv"", ""1397.csv"", ""1404.csv"", ""1406.csv"", ""1665.csv"", ""1666.csv"", ""1667.csv"", ""1675.csv"", ""172.csv"", ""1879.csv"", ""1889.csv"", ""1890.csv"", ""1891.csv"", ""1892.csv"", ""1895.csv"", ""1964.csv"", ""2033.csv"", ""2034.csv"", ""2078.csv"", ""2194.csv"", ""2213.csv"", ""2358.csv"", ""2359.csv"", ""2371.csv"", ""2373.csv"", ""2376.csv""]",64.94297691699467
75,2022-07-18,7,100,high,1e-08,3.12.2,2,2,65653.0447250168,65653.0447250168,65678.47803638894,55881.57171866855,10185.303176395122,413.8301700468596,25.433311372131975,86.30427231295039,25.433311372131975,198.0418559980328,2.751343071047752,65617.34454463059,33.32362508773804,33.62577304200386,18.918622458993923,52.54439550099778,21.265639066696167,21.53534154201043,19.02093933400465,40.55628087601508,"[""1033.csv"", ""1818.csv"", ""2502.csv"", ""2503.csv"", ""2634.csv"", ""2698.csv"", ""2816.csv"", ""545.csv"", ""665.csv"", ""690.csv"", ""1034.csv"", ""1045.csv"", ""1085.csv"", ""1130.csv"", ""1137.csv"", ""1146.csv"", ""1149.csv"", ""1150.csv"", ""1155.csv"", ""1157.csv"", ""1161.csv"", ""1164.csv"", ""1182.csv"", ""1184.csv"", ""1395.csv"", ""1397.csv"", ""1404.csv"", ""1406.csv"", ""1665.csv"", ""1666.csv"", ""1667.csv"", ""1675.csv"", ""172.csv"", ""1879.csv"", ""1889.csv"", ""1890.csv"", ""1891.csv"", ""1892.csv"", ""1895.csv"", ""1964.csv"", ""2033.csv"", ""2034.csv"", ""2078.csv"", ""2194.csv"", ""2213.csv"", ""2358.csv"", ""2359.csv"", ""2371.csv"", ""2373.csv"", ""2376.csv"", ""2381.csv"", ""2386.csv"", ""2392.csv"", ""2508.csv"", ""2517.csv"", ""2628.csv"", ""2635.csv"", ""2699.csv"", ""2704.csv"", ""2810.csv"", ""2811.csv"", ""2812.csv"", ""2814.csv"", ""2819.csv"", ""2836.csv"", ""2841.csv"", ""2842.csv"", ""2843.csv"", ""2847.csv"", ""2883.csv"", ""367.csv"", ""373.csv"", ""374.csv"", ""376.csv"", ""401.csv""]",95.27182808300131
100,2022-07-18,7,100,high,1e-08,3.12.2,2,2,76622.26151776915,76622.26151776915,76630.5022481703,65084.166459771266,11949.601465876744,411.5064078788522,8.240730401150836,37.042192174740826,8.240730401150836,82.3251147506325,1.1629844308416681,76611.93770780935,214.2253439426422,214.59035045900964,25.207985333981924,239.79833579299157,33.047489166259766,33.41074237501016,25.81026554098935,59.22100791599951,"[""1033.csv"", ""1818.csv"", ""2502.csv"", ""2503.csv"", ""2634.csv"", ""2698.csv"", ""2816.csv"", ""545.csv"", ""665.csv"", ""690.csv"", ""1034.csv"", ""1045.csv"", ""1085.csv"", ""1130.csv"", ""1137.csv"", ""1146.csv"", ""1149.csv"", ""1150.csv"", ""1155.csv"", ""1157.csv"", ""1161.csv"", ""1164.csv"", ""1182.csv"", ""1184.csv"", ""1395.csv"", ""1397.csv"", ""1404.csv"", ""1406.csv"", ""1665.csv"", ""1666.csv"", ""1667.csv"", ""1675.csv"", ""172.csv"", ""1879.csv"", ""1889.csv"", ""1890.csv"", ""1891.csv"", ""1892.csv"", ""1895.csv"", ""1964.csv"", ""2033.csv"", ""2034.csv"", ""2078.csv"", ""2194.csv"", ""2213.csv"", ""2358.csv"", ""2359.csv"", ""2371.csv"", ""2373.csv"", ""2376.csv"", ""2381.csv"", ""2386.csv"", ""2392.csv"", ""2508.csv"", ""2517.csv"", ""2628.csv"", ""2635.csv"", ""2699.csv"", ""2704.csv"", ""2810.csv"", ""2811.csv"", ""2812.csv"", ""2814.csv"", ""2819.csv"", ""2836.csv"", ""2841.csv"", ""2842.csv"", ""2843.csv"", ""2847.csv"", ""2883.csv"", ""367.csv"", ""373.csv"", ""374.csv"", ""376.csv"", ""401.csv"", ""424.csv"", ""450.csv"", ""453.csv"", ""504.csv"", ""524.csv"", ""542.csv"", ""557.csv"", ""561.csv"", ""566.csv"", ""596.csv"", ""608.csv"", ""666.csv"", ""674.csv"", ""709.csv"", ""712.csv"", ""713.csv"", ""747.csv"", ""748.csv"", ""749.csv"", ""907.csv"", ""911.csv"", ""912.csv"", ""913.csv"", ""933.csv"", ""935.csv""]",301.96338891700725
10,2022-07-18,8,100,high,1e-08,3.12.2,2,2,6111.555705392608,6111.555705392608,6109.4812845730285,5205.417111925754,1155.5929641326577,249.45437066580456,-2.07442081957957,12.591113489523828,-2.07442081957957,23.107806159468087,0.3245679060080233,6116.217425951648,3.4949710369110107,3.5355358330125455,2.568399249983486,6.103935082996031,2.4941389560699463,2.5298437500023283,2.5592521250073332,5.0890958750096615,"[""1033.csv"", ""1818.csv"", ""2502.csv"", ""2503.csv"", ""2634.csv"", ""2698.csv"", ""2816.csv"", ""545.csv"", ""665.csv"", ""690.csv""]",11.506445291015552
30,2022-07-18,8,100,high,1e-08,3.12.2,2,2,21066.804536738444,21066.804536738444,21093.299289139155,17707.08439763979,3623.4163157751927,263.69617667653824,26.494752400710087,42.3859651711965,26.494752400710087,111.26668274310308,1.496842795259332,21033.292561207556,11.772730827331543,11.879730917018605,7.534159125003498,19.413890042022103,9.361991882324219,9.468076125020161,7.652032958983909,17.12010908400407,"[""1033.csv"", ""1818.csv"", ""2502.csv"", ""2503.csv"", ""2634.csv"", ""2698.csv"", ""2816.csv"", ""545.csv"", ""665.csv"", ""690.csv"", ""1034.csv"", ""1045.csv"", ""1085.csv"", ""1130.csv"", ""1137.csv"", ""1146.csv"", ""1149.csv"", ""1150.csv"", ""1155.csv"", ""1157.csv"", ""1161.csv"", ""1164.csv"", ""1182.csv"", ""1184.csv"", ""1395.csv"", ""1397.csv"", ""1404.csv"", ""1406.csv"", ""1665.csv"", ""1666.csv""]",37.40581950001069
50,2022-07-18,8,100,high,1e-08,3.12.2,2,2,43321.27533270569,43321.27533270569,43339.41396509397,37189.88113446678,6526.346218827952,394.95202058903556,18.13863238827856,56.043759182022725,18.13863238827856,130.226150752324,1.8493346337213084,43299.602264082685,24.332154989242554,24.51428158400813,12.65861662500538,37.17289820901351,14.91413402557373,15.09620366699528,12.728356500010705,27.824560167005984,"[""1033.csv"", ""1818.csv"", ""2502.csv"", ""2503.csv"", ""2634.csv"", ""2698.csv"", ""2816.csv"", ""545.csv"", ""665.csv"", ""690.csv"", ""1034.csv"", ""1045.csv"", ""1085.csv"", ""1130.csv"", ""1137.csv"", ""1146.csv"", ""1149.csv"", ""1150.csv"", ""1155.csv"", ""1157.csv"", ""1161.csv"", ""1164.csv"", ""1182.csv"", ""1184.csv"", ""1395.csv"", ""1397.csv"", ""1404.csv"", ""1406.csv"", ""1665.csv"", ""1666.csv"", ""1667.csv"", ""1675.csv"", ""172.csv"", ""1879.csv"", ""1889.csv"", ""1890.csv"", ""1891.csv"", ""1892.csv"", ""1895.csv"", ""1964.csv"", ""2033.csv"", ""2034.csv"", ""2078.csv"", ""2194.csv"", ""2213.csv"", ""2358.csv"", ""2359.csv"", ""2371.csv"", ""2373.csv"", ""2376.csv""]",66.48766824998893
75,2022-07-18,8,100,high,1e-08,3.12.2,2,2,65024.01044283529,65024.01044283529,65030.64367817246,55204.72369675705,10167.24008100145,347.95333492321,6.633235337166395,21.431924384498988,6.633235337166395,49.497084106164365,0.6945498529234603,65016.421323126255,34.18078398704529,34.45508191600675,18.819265666999854,53.2743475830066,19.463209867477417,19.73192612497951,18.94599754101364,38.67792366599315,"[""1033.csv"", ""1818.csv"", ""2502.csv"", ""2503.csv"", ""2634.csv"", ""2698.csv"", ""2816.csv"", ""545.csv"", ""665.csv"", ""690.csv"", ""1034.csv"", ""1045.csv"", ""1085.csv"", ""1130.csv"", ""1137.csv"", ""1146.csv"", ""1149.csv"", ""1150.csv"", ""1155.csv"", ""1157.csv"", ""1161.csv"", ""1164.csv"", ""1182.csv"", ""1184.csv"", ""1395.csv"", ""1397.csv"", ""1404.csv"", ""1406.csv"", ""1665.csv"", ""1666.csv"", ""1667.csv"", ""1675.csv"", ""172.csv"", ""1879.csv"", ""1889.csv"", ""1890.csv"", ""1891.csv"", ""1892.csv"", ""1895.csv"", ""1964.csv"", ""2033.csv"", ""2034.csv"", ""2078.csv"", ""2194.csv"", ""2213.csv"", ""2358.csv"", ""2359.csv"", ""2371.csv"", ""2373.csv"", ""2376.csv"", ""2381.csv"", ""2386.csv"", ""2392.csv"", ""2508.csv"", ""2517.csv"", ""2628.csv"", ""2635.csv"", ""2699.csv"", ""2704.csv"", ""2810.csv"", ""2811.csv"", ""2812.csv"", ""2814.csv"", ""2819.csv"", ""2836.csv"", ""2841.csv"", ""2842.csv"", ""2843.csv"", ""2847.csv"", ""2883.csv"", ""367.csv"", ""373.csv"", ""374.csv"", ""376.csv"", ""401.csv""]",94.11972516702372
100,2022-07-18,8,100,high,1e-08,3.12.2,2,2,76027.25404313706,76027.25404313706,76037.73108488193,64494.9873428669,11891.337555009772,359.07085473961814,10.477041744873102,26.28680971997138,10.477041744873102,63.050661184815866,0.8937651334397467,76015.065159767,181.09294199943542,181.4605609170103,25.134241666994058,206.59480258400436,31.500883102416992,31.881465957994806,25.59883116700803,57.480297125002835,"[""1033.csv"", ""1818.csv"", ""2502.csv"", ""2503.csv"", ""2634.csv"", ""2698.csv"", ""2816.csv"", ""545.csv"", ""665.csv"", ""690.csv"", ""1034.csv"", ""1045.csv"", ""1085.csv"", ""1130.csv"", ""1137.csv"", ""1146.csv"", ""1149.csv"", ""1150.csv"", ""1155.csv"", ""1157.csv"", ""1161.csv"", ""1164.csv"", ""1182.csv"", ""1184.csv"", ""1395.csv"", ""1397.csv"", ""1404.csv"", ""1406.csv"", ""1665.csv"", ""1666.csv"", ""1667.csv"", ""1675.csv"", ""172.csv"", ""1879.csv"", ""1889.csv"", ""1890.csv"", ""1891.csv"", ""1892.csv"", ""1895.csv"", ""1964.csv"", ""2033.csv"", ""2034.csv"", ""2078.csv"", ""2194.csv"", ""2213.csv"", ""2358.csv"", ""2359.csv"", ""2371.csv"", ""2373.csv"", ""2376.csv"", ""2381.csv"", ""2386.csv"", ""2392.csv"", ""2508.csv"", ""2517.csv"", ""2628.csv"", ""2635.csv"", ""2699.csv"", ""2704.csv"", ""2810.csv"", ""2811.csv"", ""2812.csv"", ""2814.csv"", ""2819.csv"", ""2836.csv"", ""2841.csv"", ""2842.csv"", ""2843.csv"", ""2847.csv"", ""2883.csv"", ""367.csv"", ""373.csv"", ""374.csv"", ""376.csv"", ""401.csv"", ""424.csv"", ""450.csv"", ""453.csv"", ""504.csv"", ""524.csv"", ""542.csv"", ""557.csv"", ""561.csv"", ""566.csv"", ""596.csv"", ""608.csv"", ""666.csv"", ""674.csv"", ""709.csv"", ""712.csv"", ""713.csv"", ""747.csv"", ""748.csv"", ""749.csv"", ""907.csv"", ""911.csv"", ""912.csv"", ""913.csv"", ""933.csv"", ""935.csv""]",267.1519302079978
10,2022-07-18,9,100,high,1e-08,3.12.2,2,2,6183.444358280485,6183.444358280485,6182.817479061651,5248.429314215107,1200.464561511008,265.4495174456293,-0.626879218833642,5.129945668045194,-0.626879218833642,9.633012117256744,0.1290995443878783,6185.328456297173,3.2396461963653564,3.2763971670065075,2.5468301249784417,5.823227291984949,2.399435043334961,2.4352653750102036,2.562861958023859,4.998127333034063,"[""1033.csv"", ""1818.csv"", ""2502.csv"", ""2503.csv"", ""2634.csv"", ""2698.csv"", ""2816.csv"", ""545.csv"", ""665.csv"", ""690.csv""]",11.120749916997738
30,2022-07-18,9,100,high,1e-08,3.12.2,2,2,21314.467989654942,21314.467989654942,21330.18457844647,17762.37148469373,3764.0393809474444,211.94287598622947,15.716588791529478,36.06633295151083,15.716588791529478,87.84925469455114,1.1952173407902977,21289.47623052751,12.236591100692749,12.346730457997182,7.6216758329828735,19.968406290980056,8.42286205291748,8.529138249985408,7.670027542015305,16.199165792000713,"[""1033.csv"", ""1818.csv"", ""2502.csv"", ""2503.csv"", ""2634.csv"", ""2698.csv"", ""2816.csv"", ""545.csv"", ""665.csv"", ""690.csv"", ""1034.csv"", ""1045.csv"", ""1085.csv"", ""1130.csv"", ""1137.csv"", ""1146.csv"", ""1149.csv"", ""1150.csv"", ""1155.csv"", ""1157.csv"", ""1161.csv"", ""1164.csv"", ""1182.csv"", ""1184.csv"", ""1395.csv"", ""1397.csv"", ""1404.csv"", ""1406.csv"", ""1665.csv"", ""1666.csv""]",37.02195704099722
50,2022-07-18,9,100,high,1e-08,3.12.2,2,2,43824.159610823444,43824.159610823444,43900.94254433878,37382.67108451197,6769.41095738903,327.92243107755064,76.78293351533779,96.55280755442678,76.78293351533779,269.88854862419134,3.759954588030459,43703.51727677493,21.138569831848145,21.318670832988573,12.633371749980142,33.952042582968716,12.701083898544312,12.878643250005553,12.660105749993818,25.53874899999937,"[""1033.csv"", ""1818.csv"", ""2502.csv"", ""2503.csv"", ""2634.csv"", ""2698.csv"", ""2816.csv"", ""545.csv"", ""665.csv"", ""690.csv"", ""1034.csv"", ""1045.csv"", ""1085.csv"", ""1130.csv"", ""1137.csv"", ""1146.csv"", ""1149.csv"", ""1150.csv"", ""1155.csv"", ""1157.csv"", ""1161.csv"", ""1164.csv"", ""1182.csv"", ""1184.csv"", ""1395.csv"", ""1397.csv"", ""1404.csv"", ""1406.csv"", ""1665.csv"", ""1666.csv"", ""1667.csv"", ""1675.csv"", ""172.csv"", ""1879.csv"", ""1889.csv"", ""1890.csv"", ""1891.csv"", ""1892.csv"", ""1895.csv"", ""1964.csv"", ""2033.csv"", ""2034.csv"", ""2078.csv"", ""2194.csv"", ""2213.csv"", ""2358.csv"", ""2359.csv"", ""2371.csv"", ""2373.csv"", ""2376.csv""]",60.882600082986755
75,2022-07-18,9,100,high,1e-08,3.12.2,2,2,65548.23895730037,65548.23895730037,65563.3984100689,55634.669335641345,10281.537385852807,367.96776419377187,15.15945276851619,91.75316536739788,15.15945276851619,198.66578350331199,2.8217968812054504,65529.755137783206,35.66875886917114,35.9434002499911,18.95969070799765,54.90309095798875,20.882033824920654,21.161624375003157,19.077710459008813,40.23933483401197,"[""1033.csv"", ""1818.csv"", ""2502.csv"", ""2503.csv"", ""2634.csv"", ""2698.csv"", ""2816.csv"", ""545.csv"", ""665.csv"", ""690.csv"", ""1034.csv"", ""1045.csv"", ""1085.csv"", ""1130.csv"", ""1137.csv"", ""1146.csv"", ""1149.csv"", ""1150.csv"", ""1155.csv"", ""1157.csv"", ""1161.csv"", ""1164.csv"", ""1182.csv"", ""1184.csv"", ""1395.csv"", ""1397.csv"", ""1404.csv"", ""1406.csv"", ""1665.csv"", ""1666.csv"", ""1667.csv"", ""1675.csv"", ""172.csv"", ""1879.csv"", ""1889.csv"", ""1890.csv"", ""1891.csv"", ""1892.csv"", ""1895.csv"", ""1964.csv"", ""2033.csv"", ""2034.csv"", ""2078.csv"", ""2194.csv"", ""2213.csv"", ""2358.csv"", ""2359.csv"", ""2371.csv"", ""2373.csv"", ""2376.csv"", ""2381.csv"", ""2386.csv"", ""2392.csv"", ""2508.csv"", ""2517.csv"", ""2628.csv"", ""2635.csv"", ""2699.csv"", ""2704.csv"", ""2810.csv"", ""2811.csv"", ""2812.csv"", ""2814.csv"", ""2819.csv"", ""2836.csv"", ""2841.csv"", ""2842.csv"", ""2843.csv"", ""2847.csv"", ""2883.csv"", ""367.csv"", ""373.csv"", ""374.csv"", ""376.csv"", ""401.csv""]",97.35554620900075
100,2022-07-18,9,100,high,1e-08,3.12.2,2,2,76602.80490878482,76602.80490878482,76591.11601866508,65093.86912949964,11955.879532784302,446.94375349911,-11.68889011973856,92.191120775389,-11.68889011973856,172.69335143103945,2.563550955686071,76630.13665395367,204.36913895606995,204.7499185000197,25.357909666985506,230.1078281670052,33.63595509529114,34.00384358401061,25.49709329099278,59.50093687500339,"[""1033.csv"", ""1818.csv"", ""2502.csv"", ""2503.csv"", ""2634.csv"", ""2698.csv"", ""2816.csv"", ""545.csv"", ""665.csv"", ""690.csv"", ""1034.csv"", ""1045.csv"", ""1085.csv"", ""1130.csv"", ""1137.csv"", ""1146.csv"", ""1149.csv"", ""1150.csv"", ""1155.csv"", ""1157.csv"", ""1161.csv"", ""1164.csv"", ""1182.csv"", ""1184.csv"", ""1395.csv"", ""1397.csv"", ""1404.csv"", ""1406.csv"", ""1665.csv"", ""1666.csv"", ""1667.csv"", ""1675.csv"", ""172.csv"", ""1879.csv"", ""1889.csv"", ""1890.csv"", ""1891.csv"", ""1892.csv"", ""1895.csv"", ""1964.csv"", ""2033.csv"", ""2034.csv"", ""2078.csv"", ""2194.csv"", ""2213.csv"", ""2358.csv"", ""2359.csv"", ""2371.csv"", ""2373.csv"", ""2376.csv"", ""2381.csv"", ""2386.csv"", ""2392.csv"", ""2508.csv"", ""2517.csv"", ""2628.csv"", ""2635.csv"", ""2699.csv"", ""2704.csv"", ""2810.csv"", ""2811.csv"", ""2812.csv"", ""2814.csv"", ""2819.csv"", ""2836.csv"", ""2841.csv"", ""2842.csv"", ""2843.csv"", ""2847.csv"", ""2883.csv"", ""367.csv"", ""373.csv"", ""374.csv"", ""376.csv"", ""401.csv"", ""424.csv"", ""450.csv"", ""453.csv"", ""504.csv"", ""524.csv"", ""542.csv"", ""557.csv"", ""561.csv"", ""566.csv"", ""596.csv"", ""608.csv"", ""666.csv"", ""674.csv"", ""709.csv"", ""712.csv"", ""713.csv"", ""747.csv"", ""748.csv"", ""749.csv"", ""907.csv"", ""911.csv"", ""912.csv"", ""913.csv"", ""933.csv"", ""935.csv""]",292.5434978750127
10,2022-07-18,25,100,high,1e-08,3.12.2,2,2,6210.977713673606,6210.977713673606,6209.386178933988,5199.489845613649,1194.8954163978156,183.40754833785883,-1.591534739617885,6.312226441440476,-1.591534739617885,11.032918143263068,0.15623911170297305,6214.487266908474,3.34956693649292,3.387282082985621,2.5704667500103824,5.957748832996003,2.5702590942382812,2.606753291998757,2.5843951250135433,5.1911484170123,"[""1033.csv"", ""1818.csv"", ""2502.csv"", ""2503.csv"", ""2634.csv"", ""2698.csv"", ""2816.csv"", ""545.csv"", ""665.csv"", ""690.csv""]",11.455820500006666
30,2022-07-18,25,100,high,1e-08,3.12.2,2,2,21220.791705460328,21220.791705460328,21237.306835123665,17669.260433247695,3727.6849580647336,176.15368585209785,16.51512966333682,34.28400630429864,16.51512966333682,85.08314227193412,1.18021949979805,21198.527235908943,13.771651029586792,13.879970375011908,7.62787912497879,21.507849499990698,9.007761001586914,9.11708312499104,7.684906709007919,16.80198983399896,"[""1033.csv"", ""1818.csv"", ""2502.csv"", ""2503.csv"", ""2634.csv"", ""2698.csv"", ""2816.csv"", ""545.csv"", ""665.csv"", ""690.csv"", ""1034.csv"", ""1045.csv"", ""1085.csv"", ""1130.csv"", ""1137.csv"", ""1146.csv"", ""1149.csv"", ""1150.csv"", ""1155.csv"", ""1157.csv"", ""1161.csv"", ""1164.csv"", ""1182.csv"", ""1184.csv"", ""1395.csv"", ""1397.csv"", ""1404.csv"", ""1406.csv"", ""1665.csv"", ""1666.csv""]",39.17161258298438
50,2022-07-18,25,100,high,1e-08,3.12.2,2,2,43457.50125909404,43457.50125909404,43458.28951492998,37160.381126353845,6697.920583334945,400.8004505947509,0.7882558359449598,12.117858336868824,0.7882558359449598,25.023972509682615,0.3681437566265749,43454.24879604813,22.454751014709473,22.63390287500806,12.56979362500715,35.20369650001521,13.014639139175415,13.198399707995122,12.626002166012768,25.82440187400789,"[""1033.csv"", ""1818.csv"", ""2502.csv"", ""2503.csv"", ""2634.csv"", ""2698.csv"", ""2816.csv"", ""545.csv"", ""665.csv"", ""690.csv"", ""1034.csv"", ""1045.csv"", ""1085.csv"", ""1130.csv"", ""1137.csv"", ""1146.csv"", ""1149.csv"", ""1150.csv"", ""1155.csv"", ""1157.csv"", ""1161.csv"", ""1164.csv"", ""1182.csv"", ""1184.csv"", ""1395.csv"", ""1397.csv"", ""1404.csv"", ""1406.csv"", ""1665.csv"", ""1666.csv"", ""1667.csv"", ""1675.csv"", ""172.csv"", ""1879.csv"", ""1889.csv"", ""1890.csv"", ""1891.csv"", ""1892.csv"", ""1895.csv"", ""1964.csv"", ""2033.csv"", ""2034.csv"", ""2078.csv"", ""2194.csv"", ""2213.csv"", ""2358.csv"", ""2359.csv"", ""2371.csv"", ""2373.csv"", ""2376.csv""]",62.45258816698333
75,2022-07-18,25,100,high,1e-08,3.12.2,2,2,65166.158907376695,65166.158907376695,65181.14586400285,55307.59249858093,10290.785035499164,432.2186267034002,14.986956626152523,72.16386947208156,14.986956626152523,159.31469557031565,2.317152676219916,65137.9867017549,33.84577798843384,34.116906125011155,18.935679874994094,53.05258600000525,22.60995602607727,22.89877204198274,19.80543012500857,42.70420216699131,"[""1033.csv"", ""1818.csv"", ""2502.csv"", ""2503.csv"", ""2634.csv"", ""2698.csv"", ""2816.csv"", ""545.csv"", ""665.csv"", ""690.csv"", ""1034.csv"", ""1045.csv"", ""1085.csv"", ""1130.csv"", ""1137.csv"", ""1146.csv"", ""1149.csv"", ""1150.csv"", ""1155.csv"", ""1157.csv"", ""1161.csv"", ""1164.csv"", ""1182.csv"", ""1184.csv"", ""1395.csv"", ""1397.csv"", ""1404.csv"", ""1406.csv"", ""1665.csv"", ""1666.csv"", ""1667.csv"", ""1675.csv"", ""172.csv"", ""1879.csv"", ""1889.csv"", ""1890.csv"", ""1891.csv"", ""1892.csv"", ""1895.csv"", ""1964.csv"", ""2033.csv"", ""2034.csv"", ""2078.csv"", ""2194.csv"", ""2213.csv"", ""2358.csv"", ""2359.csv"", ""2371.csv"", ""2373.csv"", ""2376.csv"", ""2381.csv"", ""2386.csv"", ""2392.csv"", ""2508.csv"", ""2517.csv"", ""2628.csv"", ""2635.csv"", ""2699.csv"", ""2704.csv"", ""2810.csv"", ""2811.csv"", ""2812.csv"", ""2814.csv"", ""2819.csv"", ""2836.csv"", ""2841.csv"", ""2842.csv"", ""2843.csv"", ""2847.csv"", ""2883.csv"", ""367.csv"", ""373.csv"", ""374.csv"", ""376.csv"", ""401.csv""]",97.91482220802573
100,2022-07-18,25,100,high,1e-08,3.12.2,2,2,76225.81859306387,76225.81859306387,76243.66481285967,64575.793280665675,12040.827782623026,390.8024702248333,17.846219795803737,55.97496523683928,17.846219795803737,129.7961502694823,1.8519062681634477,76205.5358654985,200.41902089118958,200.80713166599162,26.383754542010138,227.19088620800176,34.11136484146118,34.47618991698255,25.65847366701928,60.13466358400183,"[""1033.csv"", ""1818.csv"", ""2502.csv"", ""2503.csv"", ""2634.csv"", ""2698.csv"", ""2816.csv"", ""545.csv"", ""665.csv"", ""690.csv"", ""1034.csv"", ""1045.csv"", ""1085.csv"", ""1130.csv"", ""1137.csv"", ""1146.csv"", ""1149.csv"", ""1150.csv"", ""1155.csv"", ""1157.csv"", ""1161.csv"", ""1164.csv"", ""1182.csv"", ""1184.csv"", ""1395.csv"", ""1397.csv"", ""1404.csv"", ""1406.csv"", ""1665.csv"", ""1666.csv"", ""1667.csv"", ""1675.csv"", ""172.csv"", ""1879.csv"", ""1889.csv"", ""1890.csv"", ""1891.csv"", ""1892.csv"", ""1895.csv"", ""1964.csv"", ""2033.csv"", ""2034.csv"", ""2078.csv"", ""2194.csv"", ""2213.csv"", ""2358.csv"", ""2359.csv"", ""2371.csv"", ""2373.csv"", ""2376.csv"", ""2381.csv"", ""2386.csv"", ""2392.csv"", ""2508.csv"", ""2517.csv"", ""2628.csv"", ""2635.csv"", ""2699.csv"", ""2704.csv"", ""2810.csv"", ""2811.csv"", ""2812.csv"", ""2814.csv"", ""2819.csv"", ""2836.csv"", ""2841.csv"", ""2842.csv"", ""2843.csv"", ""2847.csv"", ""2883.csv"", ""367.csv"", ""373.csv"", ""374.csv"", ""376.csv"", ""401.csv"", ""424.csv"", ""450.csv"", ""453.csv"", ""504.csv"", ""524.csv"", ""542.csv"", ""557.csv"", ""561.csv"", ""566.csv"", ""596.csv"", ""608.csv"", ""666.csv"", ""674.csv"", ""709.csv"", ""712.csv"", ""713.csv"", ""747.csv"", ""748.csv"", ""749.csv"", ""907.csv"", ""911.csv"", ""912.csv"", ""913.csv"", ""933.csv"", ""935.csv""]",290.33487133399467
