generator,time,scenario,value
0,0,0,0.0
0,0,1,0.0
0,0,2,0.0
0,0,3,0.0
0,0,4,0.0
0,0,5,0.0
0,0,6,0.0
0,0,7,0.0
0,0,8,0.0
0,0,9,0.0
0,0,10,0.0
0,0,11,0.0
0,0,12,0.0
0,0,13,0.0
0,0,14,0.0
0,0,15,0.0
0,0,16,0.0
0,0,17,0.0
0,0,18,0.0
0,0,19,0.0
0,1,0,0.0
0,1,1,0.0
0,1,2,0.0
0,1,3,0.0
0,1,4,0.0
0,1,5,0.0
0,1,6,0.0
0,1,7,0.0
0,1,8,0.0
0,1,9,0.0
0,1,10,0.0
0,1,11,0.0
0,1,12,0.0
0,1,13,0.0
0,1,14,0.0
0,1,15,0.0
0,1,16,0.0
0,1,17,0.0
0,1,18,0.0
0,1,19,0.0
0,2,0,0.0
0,2,1,0.0
0,2,2,0.0
0,2,3,0.0
0,2,4,0.0
0,2,5,0.0
0,2,6,0.0
0,2,7,0.0
0,2,8,0.0
0,2,9,0.0
0,2,10,0.0
0,2,11,0.0
0,2,12,0.0
0,2,13,0.0
0,2,14,0.0
0,2,15,0.0
0,2,16,0.0
0,2,17,0.0
0,2,18,0.0
0,2,19,0.0
0,3,0,0.0
0,3,1,0.0
0,3,2,0.0
0,3,3,0.0
0,3,4,0.0
0,3,5,0.0
0,3,6,0.0
0,3,7,0.0
0,3,8,0.0
0,3,9,0.0
0,3,10,0.0
0,3,11,0.0
0,3,12,0.0
0,3,13,0.0
0,3,14,0.0
0,3,15,0.0
0,3,16,0.0
0,3,17,0.0
0,3,18,0.0
0,3,19,0.0
0,4,0,0.0
0,4,1,0.0
0,4,2,0.0
0,4,3,0.0
0,4,4,0.0
0,4,5,0.0
0,4,6,0.0
0,4,7,0.0
0,4,8,0.0
0,4,9,0.0
0,4,10,0.0
0,4,11,0.0
0,4,12,0.0
0,4,13,0.0
0,4,14,0.0
0,4,15,0.0
0,4,16,0.0
0,4,17,0.0
0,4,18,0.0
0,4,19,0.0
0,5,0,0.0
0,5,1,0.0
0,5,2,0.0
0,5,3,0.0
0,5,4,0.0
0,5,5,0.0
0,5,6,0.0
0,5,7,0.0
0,5,8,0.0
0,5,9,0.0
0,5,10,0.0
0,5,11,0.0
0,5,12,0.0
0,5,13,0.0
0,5,14,0.0
0,5,15,0.0
0,5,16,0.0
0,5,17,0.0
0,5,18,0.0
0,5,19,0.0
0,6,0,0.0
0,6,1,0.0
0,6,2,0.0
0,6,3,0.0
0,6,4,0.0
0,6,5,0.0
0,6,6,0.0
0,6,7,0.0
0,6,8,0.0
0,6,9,0.0
0,6,10,0.0
0,6,11,0.0
0,6,12,0.0
0,6,13,0.0
0,6,14,0.0
0,6,15,0.0
0,6,16,0.0
0,6,17,0.0
0,6,18,0.0
0,6,19,0.0
0,7,0,0.0
0,7,1,0.0
0,7,2,0.0
0,7,3,0.0
0,7,4,0.0
0,7,5,0.0
0,7,6,0.0
0,7,7,0.0
0,7,8,0.0
0,7,9,0.0
0,7,10,0.0
0,7,11,0.0
0,7,12,0.0
0,7,13,0.0
0,7,14,0.0
0,7,15,0.0
0,7,16,0.0
0,7,17,0.0
0,7,18,0.0
0,7,19,0.0
0,8,0,0.0
0,8,1,0.0
0,8,2,1.1813836975634358
0,8,3,0.0
0,8,4,1.9731073197620852
0,8,5,0.0
0,8,6,0.0
0,8,7,0.0
0,8,8,0.0
0,8,9,0.5673287305014656
0,8,10,0.0
0,8,11,0.0
0,8,12,2.546958937725041
0,8,13,0.0
0,8,14,0.11252834187656102
0,8,15,0.0
0,8,16,0.04694103109124592
0,8,17,0.0
0,8,18,0.0
0,8,19,1.3117954036251023
0,9,0,3.188986342625233
0,9,1,0.35577638202830864
0,9,2,6.119115775637996
0,9,3,1.8377931114668993
0,9,4,0.0
0,9,5,3.57180431124333
0,9,6,0.8151828877052179
0,9,7,0.19403096678015608
0,9,8,7.527804012923143
0,9,9,6.916109915466219
0,9,10,0.0
0,9,11,0.713351216249904
0,9,12,1.6680027733958467
0,9,13,0.7985550544118132
0,9,14,1.7094916295909366
0,9,15,0.17388200778809448
0,9,16,4.996296279005327
0,9,17,0.37860822999404053
0,9,18,1.1668072510715959
0,9,19,3.006455518102753
0,10,0,7.980699127047396
0,10,1,0.0
0,10,2,4.719367280623706
0,10,3,14.060723403306467
0,10,4,3.639368123909299
0,10,5,1.1017427446849624
0,10,6,3.890357437238184
0,10,7,5.918433686440485
0,10,8,3.511416895307743
0,10,9,0.0
0,10,10,12.657255548179723
0,10,11,13.277990268648217
0,10,12,0.6659810928375585
0,10,13,5.64689568479078
0,10,14,0.0
0,10,15,14.289314811335768
0,10,16,9.37015348413231
0,10,17,8.359157158426205
0,10,18,5.565347073433631
0,10,19,0.0
0,11,0,6.159092971346062
0,11,1,0.8907980136424518
0,11,2,5.313588965813828
0,11,3,2.5955161153404536
0,11,4,12.284986970658288
0,11,5,2.3119757639241403
0,11,6,7.886714507487076
0,11,7,0.0
0,11,8,12.099315471569343
0,11,9,9.178951759490985
0,11,10,10.887727491645919
0,11,11,2.5127617510184814
0,11,12,12.270785402518838
0,11,13,0.7723575634704631
0,11,14,8.21973022719323
0,11,15,9.909236368541254
0,11,16,3.5085392947915564
0,11,17,4.393151836103461
0,11,18,8.879263796683585
0,11,19,1.5487572451873302
0,12,0,11.598523086679023
0,12,1,1.4032075686147216
0,12,2,12.037771720050216
0,12,3,14.034284419704058
0,12,4,0.5351796451212474
0,12,5,11.20277892931995
0,12,6,0.2371510624590556
0,12,7,9.895820618315735
0,12,8,11.309067363140294
0,12,9,5.983354887076461
0,12,10,13.281806302053326
0,12,11,0.0
0,12,12,7.938175709214942
0,12,13,0.7438270060872068
0,12,14,0.0
0,12,15,14.928829633485483
0,12,16,7.322578644054994
0,12,17,13.363207744171765
0,12,18,5.026153676066345
0,12,19,1.2207939349899517
0,13,0,13.364289458881565
0,13,1,0.0
0,13,2,0.0
0,13,3,12.77149559970668
0,13,4,2.220718308169248
0,13,5,3.248655838167057
0,13,6,13.631818450010893
0,13,7,5.629269224427674
0,13,8,12.662096070623987
0,13,9,7.661704405881451
0,13,10,4.184147492349971
0,13,11,0.08625037484249853
0,13,12,0.0
0,13,13,17.686426844762398
0,13,14,7.665311099875307
0,13,15,0.0
0,13,16,2.733620548731599
0,13,17,10.124553067910522
0,13,18,1.2145287310580821
0,13,19,10.930039149721022
0,14,0,3.350164111776137
0,14,1,10.69070339391299
0,14,2,0.9143847501985558
0,14,3,0.0
0,14,4,9.447671760815048
0,14,5,6.451226915757123
0,14,6,6.331903307433995
0,14,7,6.160558645678352
0,14,8,0.9249543163117777
0,14,9,0.0
0,14,10,0.0
0,14,11,1.759880081386529
0,14,12,0.0
0,14,13,0.3012378211671818
0,14,14,11.609541717374878
0,14,15,0.0
0,14,16,9.575809932455266
0,14,17,0.0
0,14,18,1.8667749391811306
0,14,19,8.22056669526379
0,15,0,5.847513198919813
0,15,1,0.0
0,15,2,0.0
0,15,3,8.229209679587822
0,15,4,0.0
0,15,5,2.4030513557552062
0,15,6,0.0
0,15,7,7.207640856800721
0,15,8,3.4334723951379953
0,15,9,0.0
0,15,10,4.52868987559058
0,15,11,10.682371007870811
0,15,12,13.210150309417134
0,15,13,11.980187611606585
0,15,14,10.043085438966083
0,15,15,0.0
0,15,16,0.0
0,15,17,2.1883889947125406
0,15,18,3.1786544986381324
0,15,19,5.485384417202102
0,16,0,1.0109720555442303
0,16,1,0.0
0,16,2,0.0
0,16,3,0.6141852404099843
0,16,4,0.0
0,16,5,0.0
0,16,6,0.0
0,16,7,0.0
0,16,8,7.523889867590503
0,16,9,0.0
0,16,10,4.8116922202589
0,16,11,0.0
0,16,12,0.0
0,16,13,5.108693486282037
0,16,14,0.0
0,16,15,2.9204401719278428
0,16,16,0.0
0,16,17,0.0
0,16,18,0.0
0,16,19,3.152436350366029
0,17,0,0.0
0,17,1,0.0
0,17,2,0.0
0,17,3,0.0
0,17,4,0.0
0,17,5,0.0
0,17,6,0.0
0,17,7,0.0
0,17,8,0.0
0,17,9,0.0
0,17,10,0.0
0,17,11,0.0
0,17,12,0.0
0,17,13,0.0
0,17,14,0.06923300124616727
0,17,15,0.0
0,17,16,0.0
0,17,17,0.0
0,17,18,2.7835399306027275
0,17,19,0.0
0,18,0,0.0
0,18,1,0.0
0,18,2,0.0
0,18,3,0.0
0,18,4,0.0
0,18,5,0.0
0,18,6,0.0
0,18,7,0.0
0,18,8,0.0
0,18,9,0.0
0,18,10,0.0
0,18,11,0.0
0,18,12,0.0
0,18,13,0.0
0,18,14,0.0
0,18,15,0.0
0,18,16,0.0
0,18,17,0.0
0,18,18,0.0
0,18,19,0.0
0,19,0,0.0
0,19,1,0.0
0,19,2,0.0
0,19,3,0.0
0,19,4,0.0
0,19,5,0.0
0,19,6,0.0
0,19,7,0.0
0,19,8,0.0
0,19,9,0.0
0,19,10,0.0
0,19,11,0.0
0,19,12,0.0
0,19,13,0.0
0,19,14,0.0
0,19,15,0.0
0,19,16,0.0
0,19,17,0.0
0,19,18,0.0
0,19,19,0.0
0,20,0,0.0
0,20,1,0.0
0,20,2,0.0
0,20,3,0.0
0,20,4,0.0
0,20,5,0.0
0,20,6,0.0
0,20,7,0.0
0,20,8,0.0
0,20,9,0.0
0,20,10,0.0
0,20,11,0.0
0,20,12,0.0
0,20,13,0.0
0,20,14,0.0
0,20,15,0.0
0,20,16,0.0
0,20,17,0.0
0,20,18,0.0
0,20,19,0.0
0,21,0,0.0
0,21,1,0.0
0,21,2,0.0
0,21,3,0.0
0,21,4,0.0
0,21,5,0.0
0,21,6,0.0
0,21,7,0.0
0,21,8,0.0
0,21,9,0.0
0,21,10,0.0
0,21,11,0.0
0,21,12,0.0
0,21,13,0.0
0,21,14,0.0
0,21,15,0.0
0,21,16,0.0
0,21,17,0.0
0,21,18,0.0
0,21,19,0.0
0,22,0,0.0
0,22,1,0.0
0,22,2,0.0
0,22,3,0.0
0,22,4,0.0
0,22,5,0.0
0,22,6,0.0
0,22,7,0.0
0,22,8,0.0
0,22,9,0.0
0,22,10,0.0
0,22,11,0.0
0,22,12,0.0
0,22,13,0.0
0,22,14,0.0
0,22,15,0.0
0,22,16,0.0
0,22,17,0.0
0,22,18,0.0
0,22,19,0.0
0,23,0,0.0
0,23,1,0.0
0,23,2,0.0
0,23,3,0.0
0,23,4,0.0
0,23,5,0.0
0,23,6,0.0
0,23,7,0.0
0,23,8,0.0
0,23,9,0.0
0,23,10,0.0
0,23,11,0.0
0,23,12,0.0
0,23,13,0.0
0,23,14,0.0
0,23,15,0.0
0,23,16,0.0
0,23,17,0.0
0,23,18,0.0
0,23,19,0.0
1,0,0,0.0
1,0,1,0.0
1,0,2,0.0
1,0,3,0.0
1,0,4,0.0
1,0,5,0.0
1,0,6,0.0
1,0,7,0.0
1,0,8,0.0
1,0,9,0.0
1,0,10,0.0
1,0,11,0.0
1,0,12,0.0
1,0,13,0.0
1,0,14,0.0
1,0,15,0.0
1,0,16,0.0
1,0,17,0.0
1,0,18,0.0
1,0,19,0.0
1,1,0,0.0
1,1,1,0.0
1,1,2,0.0
1,1,3,0.0
1,1,4,0.0
1,1,5,0.0
1,1,6,0.0
1,1,7,0.0
1,1,8,0.0
1,1,9,0.0
1,1,10,0.0
1,1,11,0.0
1,1,12,0.0
1,1,13,0.0
1,1,14,0.0
1,1,15,0.0
1,1,16,0.0
1,1,17,0.0
1,1,18,0.0
1,1,19,0.0
1,2,0,0.0
1,2,1,0.0
1,2,2,0.0
1,2,3,0.0
1,2,4,0.0
1,2,5,0.0
1,2,6,0.0
1,2,7,0.0
1,2,8,0.0
1,2,9,0.0
1,2,10,0.0
1,2,11,0.0
1,2,12,0.0
1,2,13,0.0
1,2,14,0.0
1,2,15,0.0
1,2,16,0.0
1,2,17,0.0
1,2,18,0.0
1,2,19,0.0
1,3,0,0.0
1,3,1,0.0
1,3,2,0.0
1,3,3,0.0
1,3,4,0.0
1,3,5,0.0
1,3,6,0.0
1,3,7,0.0
1,3,8,0.0
1,3,9,0.0
1,3,10,0.0
1,3,11,0.0
1,3,12,0.0
1,3,13,0.0
1,3,14,0.0
1,3,15,0.0
1,3,16,0.0
1,3,17,0.0
1,3,18,0.0
1,3,19,0.0
1,4,0,0.0
1,4,1,0.0
1,4,2,0.0
1,4,3,0.0
1,4,4,0.0
1,4,5,0.0
1,4,6,0.0
1,4,7,0.0
1,4,8,0.0
1,4,9,0.0
1,4,10,0.0
1,4,11,0.0
1,4,12,0.0
1,4,13,0.0
1,4,14,0.0
1,4,15,0.0
1,4,16,0.0
1,4,17,0.0
1,4,18,0.0
1,4,19,0.0
1,5,0,0.0
1,5,1,0.0
1,5,2,0.0
1,5,3,0.0
1,5,4,0.0
1,5,5,0.0
1,5,6,0.0
1,5,7,0.0
1,5,8,0.0
1,5,9,0.0
1,5,10,0.0
1,5,11,0.0
1,5,12,0.0
1,5,13,0.0
1,5,14,0.0
1,5,15,0.0
1,5,16,0.0
1,5,17,0.0
1,5,18,0.0
1,5,19,0.0
1,6,0,0.0
1,6,1,0.0
1,6,2,0.0
1,6,3,0.0
1,6,4,0.0
1,6,5,0.0
1,6,6,0.0
1,6,7,0.0
1,6,8,0.0
1,6,9,0.0
1,6,10,0.0
1,6,11,0.0
1,6,12,0.0
1,6,13,0.0
1,6,14,0.0
1,6,15,0.0
1,6,16,0.0
1,6,17,0.0
1,6,18,0.0
1,6,19,0.0
1,7,0,0.0
1,7,1,0.0
1,7,2,0.0
1,7,3,0.0
1,7,4,0.0
1,7,5,0.0
1,7,6,0.0
1,7,7,0.0
1,7,8,0.0
1,7,9,0.0
1,7,10,0.0
1,7,11,0.0
1,7,12,0.0
1,7,13,0.0
1,7,14,0.0
1,7,15,0.0
1,7,16,0.0
1,7,17,0.0
1,7,18,0.0
1,7,19,0.0
1,8,0,0.0
1,8,1,0.0
1,8,2,0.0
1,8,3,0.0
1,8,4,1.127213421314908
1,8,5,0.0
1,8,6,0.0
1,8,7,0.0
1,8,8,0.0
1,8,9,0.0
1,8,10,0.0991228387299583
1,8,11,0.0
1,8,12,0.0
1,8,13,0.01580060530941818
1,8,14,0.0
1,8,15,0.0
1,8,16,0.0
1,8,17,0.0
1,8,18,0.0
1,8,19,0.0
1,9,0,0.0
1,9,1,0.0
1,9,2,1.9898380561211275
1,9,3,0.860225201659178
1,9,4,0.0
1,9,5,0.0
1,9,6,1.4185283674876694
1,9,7,0.0
1,9,8,0.8719753296473489
1,9,9,0.0
1,9,10,0.8224291750302735
1,9,11,0.0
1,9,12,0.0
1,9,13,0.0
1,9,14,0.0
1,9,15,0.0
1,9,16,0.0
1,9,17,2.9405735346931143
1,9,18,0.0
1,9,19,0.0
1,10,0,0.0
1,10,1,0.0
1,10,2,2.064808092317345
1,10,3,0.4567808653679917
1,10,4,7.460592693548913
1,10,5,3.5907231407575972
1,10,6,0.0
1,10,7,0.6469185928080265
1,10,8,5.623524582045222
1,10,9,4.809442497753403
1,10,10,0.0
1,10,11,4.604537119175021
1,10,12,2.277584554093992
1,10,13,7.119193518294931
1,10,14,3.1421150232710344
1,10,15,4.800471230608189
1,10,16,5.10710902972175
1,10,17,7.259942044375194
1,10,18,0.0
1,10,19,0.0
1,11,0,0.0
1,11,1,8.522075014831852
1,11,2,0.0
1,11,3,2.8869819743556375
1,11,4,3.4713404745425454
1,11,5,9.113351495368065
1,11,6,1.5522638249890468
1,11,7,0.4959473357874611
1,11,8,5.013082597507369
1,11,9,0.0
1,11,10,4.642481319700156
1,11,11,6.284689483310613
1,11,12,0.0
1,11,13,11.024856933111316
1,11,14,3.473739847967911
1,11,15,0.0
1,11,16,5.550852088610753
1,11,17,0.0
1,11,18,0.0
1,11,19,7.23264548716025
1,12,0,0.0
1,12,1,9.642681631043953
1,12,2,0.0
1,12,3,4.617940711267471
1,12,4,7.630983736608824
1,12,5,0.0
1,12,6,0.0
1,12,7,9.862178800075444
1,12,8,6.703770846283461
1,12,9,0.0
1,12,10,1.8924634445259718
1,12,11,8.69770058072537
1,12,12,1.5322463555581267
1,12,13,11.827322664398086
1,12,14,0.0
1,12,15,7.668655478096509
1,12,16,7.858236182129385
1,12,17,4.772804184158395
1,12,18,5.406748364214476
1,12,19,12.552378057686258
1,13,0,11.124381454791443
1,13,1,14.72063281053791
1,13,2,10.894323432201249
1,13,3,0.9665697744422292
1,13,4,8.204293477091873
1,13,5,5.772678700319142
1,13,6,5.242330064875672
1,13,7,0.0
1,13,8,4.273385986747503
1,13,9,7.074487488863312
1,13,10,0.0
1,13,11,5.292622131474802
1,13,12,0.0
1,13,13,1.76115087484271
1,13,14,2.3156099165189232
1,13,15,7.9856114581839215
1,13,16,2.5848061918275382
1,13,17,0.0
1,13,18,6.884746756559135
1,13,19,7.452229214569034
1,14,0,2.8936295086383392
1,14,1,0.0
1,14,2,0.1710095356429555
1,14,3,8.775245131752868
1,14,4,5.742142605672072
1,14,5,0.0
1,14,6,9.081068202496034
1,14,7,0.0
1,14,8,0.0
1,14,9,3.762446160396044
1,14,10,11.05483540116849
1,14,11,11.114018126048745
1,14,12,3.4703450080330294
1,14,13,11.311234337467589
1,14,14,0.0
1,14,15,2.3544474750235187
1,14,16,0.0
1,14,17,4.248116749852238
1,14,18,0.0
1,14,19,4.6087435785458934
1,15,0,2.349904050114482
1,15,1,1.8526003367537456
1,15,2,4.5604485947962585
1,15,3,0.0
1,15,4,10.219353150826871
1,15,5,1.711086047282257
1,15,6,5.904488723079819
1,15,7,5.0690187967851905
1,15,8,8.002390257584523
1,15,9,0.7485439148783222
1,15,10,0.7046981630795353
1,15,11,2.1011810715136345
1,15,12,0.0
1,15,13,0.0
1,15,14,0.7286313534152917
1,15,15,7.98335761665085
1,15,16,2.4876079437451537
1,15,17,8.578946641477737
1,15,18,2.8997311125356173
1,15,19,0.0
1,16,0,0.0
1,16,1,0.0
1,16,2,0.0
1,16,3,1.256072155029198
1,16,4,0.4270730534480123
1,16,5,0.0
1,16,6,0.0
1,16,7,0.0
1,16,8,5.169310909835995
1,16,9,0.0
1,16,10,0.0
1,16,11,5.208473500206699
1,16,12,0.840913156696149
1,16,13,0.0
1,16,14,0.0
1,16,15,0.0
1,16,16,1.2040024947051169
1,16,17,3.0190144156934213
1,16,18,5.4508515885349
1,16,19,0.0
1,17,0,0.0
1,17,1,3.2544120084509554
1,17,2,0.0
1,17,3,0.0
1,17,4,0.0
1,17,5,0.0
1,17,6,0.0
1,17,7,0.0
1,17,8,0.0
1,17,9,0.0
1,17,10,0.0
1,17,11,0.0
1,17,12,0.0
1,17,13,0.0
1,17,14,0.0
1,17,15,0.0
1,17,16,0.0
1,17,17,0.0
1,17,18,0.6783591830906728
1,17,19,0.0
1,18,0,0.0
1,18,1,0.0
1,18,2,0.0
1,18,3,0.0
1,18,4,0.0
1,18,5,0.0
1,18,6,0.0
1,18,7,0.0
1,18,8,0.0
1,18,9,0.0
1,18,10,0.0
1,18,11,0.0
1,18,12,0.0
1,18,13,0.0
1,18,14,0.0
1,18,15,0.0
1,18,16,0.0
1,18,17,0.0
1,18,18,0.0
1,18,19,0.0
1,19,0,0.0
1,19,1,0.0
1,19,2,0.0
1,19,3,0.0
1,19,4,0.0
1,19,5,0.0
1,19,6,0.0
1,19,7,0.0
1,19,8,0.0
1,19,9,0.0
1,19,10,0.0
1,19,11,0.0
1,19,12,0.0
1,19,13,0.0
1,19,14,0.0
1,19,15,0.0
1,19,16,0.0
1,19,17,0.0
1,19,18,0.0
1,19,19,0.0
1,20,0,0.0
1,20,1,0.0
1,20,2,0.0
1,20,3,0.0
1,20,4,0.0
1,20,5,0.0
1,20,6,0.0
1,20,7,0.0
1,20,8,0.0
1,20,9,0.0
1,20,10,0.0
1,20,11,0.0
1,20,12,0.0
1,20,13,0.0
1,20,14,0.0
1,20,15,0.0
1,20,16,0.0
1,20,17,0.0
1,20,18,0.0
1,20,19,0.0
1,21,0,0.0
1,21,1,0.0
1,21,2,0.0
1,21,3,0.0
1,21,4,0.0
1,21,5,0.0
1,21,6,0.0
1,21,7,0.0
1,21,8,0.0
1,21,9,0.0
1,21,10,0.0
1,21,11,0.0
1,21,12,0.0
1,21,13,0.0
1,21,14,0.0
1,21,15,0.0
1,21,16,0.0
1,21,17,0.0
1,21,18,0.0
1,21,19,0.0
1,22,0,0.0
1,22,1,0.0
1,22,2,0.0
1,22,3,0.0
1,22,4,0.0
1,22,5,0.0
1,22,6,0.0
1,22,7,0.0
1,22,8,0.0
1,22,9,0.0
1,22,10,0.0
1,22,11,0.0
1,22,12,0.0
1,22,13,0.0
1,22,14,0.0
1,22,15,0.0
1,22,16,0.0
1,22,17,0.0
1,22,18,0.0
1,22,19,0.0
1,23,0,0.0
1,23,1,0.0
1,23,2,0.0
1,23,3,0.0
1,23,4,0.0
1,23,5,0.0
1,23,6,0.0
1,23,7,0.0
1,23,8,0.0
1,23,9,0.0
1,23,10,0.0
1,23,11,0.0
1,23,12,0.0
1,23,13,0.0
1,23,14,0.0
1,23,15,0.0
1,23,16,0.0
1,23,17,0.0
1,23,18,0.0
1,23,19,0.0
2,0,0,0.0
2,0,1,0.0
2,0,2,0.0
2,0,3,0.0
2,0,4,0.0
2,0,5,0.0
2,0,6,0.0
2,0,7,0.0
2,0,8,0.0
2,0,9,0.0
2,0,10,0.0
2,0,11,0.0
2,0,12,0.0
2,0,13,0.0
2,0,14,0.0
2,0,15,0.0
2,0,16,0.0
2,0,17,0.0
2,0,18,0.0
2,0,19,0.0
2,1,0,0.0
2,1,1,0.0
2,1,2,0.0
2,1,3,0.0
2,1,4,0.0
2,1,5,0.0
2,1,6,0.0
2,1,7,0.0
2,1,8,0.0
2,1,9,0.0
2,1,10,0.0
2,1,11,0.0
2,1,12,0.0
2,1,13,0.0
2,1,14,0.0
2,1,15,0.0
2,1,16,0.0
2,1,17,0.0
2,1,18,0.0
2,1,19,0.0
2,2,0,0.0
2,2,1,0.0
2,2,2,0.0
2,2,3,0.0
2,2,4,0.0
2,2,5,0.0
2,2,6,0.0
2,2,7,0.0
2,2,8,0.0
2,2,9,0.0
2,2,10,0.0
2,2,11,0.0
2,2,12,0.0
2,2,13,0.0
2,2,14,0.0
2,2,15,0.0
2,2,16,0.0
2,2,17,0.0
2,2,18,0.0
2,2,19,0.0
2,3,0,0.0
2,3,1,0.0
2,3,2,0.0
2,3,3,0.0
2,3,4,0.0
2,3,5,0.0
2,3,6,0.0
2,3,7,0.0
2,3,8,0.0
2,3,9,0.0
2,3,10,0.0
2,3,11,0.0
2,3,12,0.0
2,3,13,0.0
2,3,14,0.0
2,3,15,0.0
2,3,16,0.0
2,3,17,0.0
2,3,18,0.0
2,3,19,0.0
2,4,0,0.0
2,4,1,0.0
2,4,2,0.0
2,4,3,0.0
2,4,4,0.0
2,4,5,0.0
2,4,6,0.0
2,4,7,0.0
2,4,8,0.0
2,4,9,0.0
2,4,10,0.0
2,4,11,0.0
2,4,12,0.0
2,4,13,0.0
2,4,14,0.0
2,4,15,0.0
2,4,16,0.0
2,4,17,0.0
2,4,18,0.0
2,4,19,0.0
2,5,0,0.0
2,5,1,0.0
2,5,2,0.0
2,5,3,0.0
2,5,4,0.0
2,5,5,0.0
2,5,6,0.0
2,5,7,0.0
2,5,8,0.0
2,5,9,0.0
2,5,10,0.0
2,5,11,0.0
2,5,12,0.0
2,5,13,0.0
2,5,14,0.0
2,5,15,0.0
2,5,16,0.0
2,5,17,0.0
2,5,18,0.0
2,5,19,0.0
2,6,0,0.0
2,6,1,0.0
2,6,2,0.0
2,6,3,0.0
2,6,4,0.0
2,6,5,0.0
2,6,6,0.0
2,6,7,0.0
2,6,8,0.0
2,6,9,0.0
2,6,10,0.0
2,6,11,0.0
2,6,12,0.0
2,6,13,0.0
2,6,14,0.0
2,6,15,0.0
2,6,16,0.0
2,6,17,0.0
2,6,18,0.0
2,6,19,0.0
2,7,0,0.0
2,7,1,0.0
2,7,2,0.0
2,7,3,0.0
2,7,4,0.0
2,7,5,0.0
2,7,6,0.0
2,7,7,0.0
2,7,8,0.0
2,7,9,0.0
2,7,10,0.0
2,7,11,0.0
2,7,12,0.0
2,7,13,0.0
2,7,14,0.0
2,7,15,0.0
2,7,16,0.0
2,7,17,0.0
2,7,18,0.0
2,7,19,0.0
2,8,0,0.0
2,8,1,0.0
2,8,2,1.1349731512141867
2,8,3,2.0940074656002174
2,8,4,0.0
2,8,5,0.0
2,8,6,0.0
2,8,7,0.0
2,8,8,0.0
2,8,9,1.904728184492765
2,8,10,0.0
2,8,11,0.0
2,8,12,0.0
2,8,13,0.0
2,8,14,0.14564751916070096
2,8,15,0.0
2,8,16,0.0
2,8,17,0.587877846314213
2,8,18,0.40220688355359735
2,8,19,0.0
2,9,0,1.6411610085632486
2,9,1,0.13038670857116053
2,9,2,4.207910261551207
2,9,3,1.9348436076849485
2,9,4,0.0
2,9,5,0.0
2,9,6,0.0
2,9,7,0.0
2,9,8,1.9378590912775744
2,9,9,1.2201578682378038
2,9,10,1.0621906080925232
2,9,11,6.821851500522758
2,9,12,0.8823361115949542
2,9,13,0.0
2,9,14,0.4368632325154449
2,9,15,1.449216074625065
2,9,16,1.6129153157654148
2,9,17,2.4703881496503826
2,9,18,3.1222821281344944
2,9,19,2.1578827643177774
2,10,0,3.6393279200432063
2,10,1,0.0
2,10,2,0.5886140858184143
2,10,3,2.8383895066219123
2,10,4,0.0492531816125803
2,10,5,7.6989881094131976
2,10,6,0.0
2,10,7,0.0
2,10,8,7.825604423226163
2,10,9,7.42319209008095
2,10,10,4.806735581446842
2,10,11,9.299356449943176
2,10,12,1.4813045990599165
2,10,13,2.4390597134863174
2,10,14,6.338324048289378
2,10,15,0.0
2,10,16,6.387413021665478
2,10,17,6.610990137925607
2,10,18,8.089040210208832
2,10,19,10.528037543030896
2,11,0,0.0
2,11,1,3.4859136876829906
2,11,2,10.45466013756328
2,11,3,9.252610774410392
2,11,4,7.379827802870955
2,11,5,9.955416054219711
2,11,6,4.249255787582041
2,11,7,4.1809756125625075
2,11,8,1.5366054935928537
2,11,9,10.152832459733819
2,11,10,1.6282858509297027
2,11,11,15.345927420024115
2,11,12,0.49741642441943124
2,11,13,13.198983201423484
2,11,14,7.698611781332888
2,11,15,0.18128140194873277
2,11,16,9.415380649933889
2,11,17,8.394258962453979
2,11,18,6.838988854021827
2,11,19,9.578723003601898
2,12,0,7.80850900713328
2,12,1,12.758716417939219
2,12,2,2.409364595358423
2,12,3,15.682215754362693
2,12,4,4.3854600252136935
2,12,5,1.4516042933648228
2,12,6,12.783365274344268
2,12,7,2.2225065257848566
2,12,8,8.806665497483673
2,12,9,11.83021378638162
2,12,10,11.831509916827436
2,12,11,0.8629067029799149
2,12,12,0.0
2,12,13,7.032184989557643
2,12,14,11.027834322126377
2,12,15,12.838887912592732
2,12,16,0.0
2,12,17,12.87173131475119
2,12,18,9.060110950688124
2,12,19,14.211836034438626
2,13,0,9.326705009512061
2,13,1,8.284170261954095
2,13,2,5.678265521522882
2,13,3,12.059063252715505
2,13,4,2.6510895279151336
2,13,5,8.682516849695297
2,13,6,10.140695883665979
2,13,7,14.665596940450957
2,13,8,0.20565789606490448
2,13,9,1.0249254326611839
2,13,10,14.59227583547539
2,13,11,13.656909005548215
2,13,12,3.4489213972462913
2,13,13,4.318794166894177
2,13,14,13.497098303710004
2,13,15,9.82897646862433
2,13,16,9.78778945089336
2,13,17,0.0
2,13,18,0.0
2,13,19,0.0
2,14,0,2.0312642354362698
2,14,1,0.0
2,14,2,7.102572468069614
2,14,3,9.269064105175055
2,14,4,2.393214644304633
2,14,5,15.128792836847085
2,14,6,0.0
2,14,7,1.7310666670281836
2,14,8,3.1466806141880586
2,14,9,9.165619421232652
2,14,10,1.5705070504207108
2,14,11,10.137635587992715
2,14,12,10.407960577980269
2,14,13,7.530608219546139
2,14,14,4.867250388411188
2,14,15,10.303343301781027
2,14,16,0.0
2,14,17,5.721698697112022
2,14,18,10.456241849986618
2,14,19,2.5984868634563707
2,15,0,2.6736139200702844
2,15,1,0.0
2,15,2,1.0541825722423326
2,15,3,9.541578531091105
2,15,4,3.833671575455824
2,15,5,9.114009024267117
2,15,6,0.0
2,15,7,0.0
2,15,8,3.059823722769512
2,15,9,4.202950480761775
2,15,10,0.0
2,15,11,0.0
2,15,12,0.0
2,15,13,2.189463410273671
2,15,14,1.2953369910087904
2,15,15,4.794605434990954
2,15,16,0.0
2,15,17,0.0
2,15,18,11.165407442996246
2,15,19,0.0
2,16,0,3.107971296052323
2,16,1,3.3681558380376764
2,16,2,0.0
2,16,3,0.0
2,16,4,0.0
2,16,5,0.0
2,16,6,5.31727920159295
2,16,7,0.0
2,16,8,0.0
2,16,9,0.0
2,16,10,0.0
2,16,11,4.8926607388379315
2,16,12,0.0
2,16,13,0.0
2,16,14,0.0
2,16,15,0.0
2,16,16,0.0
2,16,17,0.0
2,16,18,0.0
2,16,19,0.0
2,17,0,0.0
2,17,1,0.0
2,17,2,0.0
2,17,3,0.0
2,17,4,0.0
2,17,5,1.6930879388275173
2,17,6,0.0
2,17,7,0.0
2,17,8,0.0
2,17,9,0.0
2,17,10,0.0
2,17,11,0.0
2,17,12,0.0
2,17,13,0.0
2,17,14,0.0
2,17,15,0.0
2,17,16,0.0
2,17,17,0.0
2,17,18,0.0
2,17,19,0.5039030260811446
2,18,0,0.0
2,18,1,0.0
2,18,2,0.0
2,18,3,0.0
2,18,4,0.0
2,18,5,0.0
2,18,6,0.0
2,18,7,0.0
2,18,8,0.0
2,18,9,0.0
2,18,10,0.0
2,18,11,0.0
2,18,12,0.0
2,18,13,0.0
2,18,14,0.0
2,18,15,0.0
2,18,16,0.0
2,18,17,0.0
2,18,18,0.0
2,18,19,0.0
2,19,0,0.0
2,19,1,0.0
2,19,2,0.0
2,19,3,0.0
2,19,4,0.0
2,19,5,0.0
2,19,6,0.0
2,19,7,0.0
2,19,8,0.0
2,19,9,0.0
2,19,10,0.0
2,19,11,0.0
2,19,12,0.0
2,19,13,0.0
2,19,14,0.0
2,19,15,0.0
2,19,16,0.0
2,19,17,0.0
2,19,18,0.0
2,19,19,0.0
2,20,0,0.0
2,20,1,0.0
2,20,2,0.0
2,20,3,0.0
2,20,4,0.0
2,20,5,0.0
2,20,6,0.0
2,20,7,0.0
2,20,8,0.0
2,20,9,0.0
2,20,10,0.0
2,20,11,0.0
2,20,12,0.0
2,20,13,0.0
2,20,14,0.0
2,20,15,0.0
2,20,16,0.0
2,20,17,0.0
2,20,18,0.0
2,20,19,0.0
2,21,0,0.0
2,21,1,0.0
2,21,2,0.0
2,21,3,0.0
2,21,4,0.0
2,21,5,0.0
2,21,6,0.0
2,21,7,0.0
2,21,8,0.0
2,21,9,0.0
2,21,10,0.0
2,21,11,0.0
2,21,12,0.0
2,21,13,0.0
2,21,14,0.0
2,21,15,0.0
2,21,16,0.0
2,21,17,0.0
2,21,18,0.0
2,21,19,0.0
2,22,0,0.0
2,22,1,0.0
2,22,2,0.0
2,22,3,0.0
2,22,4,0.0
2,22,5,0.0
2,22,6,0.0
2,22,7,0.0
2,22,8,0.0
2,22,9,0.0
2,22,10,0.0
2,22,11,0.0
2,22,12,0.0
2,22,13,0.0
2,22,14,0.0
2,22,15,0.0
2,22,16,0.0
2,22,17,0.0
2,22,18,0.0
2,22,19,0.0
2,23,0,0.0
2,23,1,0.0
2,23,2,0.0
2,23,3,0.0
2,23,4,0.0
2,23,5,0.0
2,23,6,0.0
2,23,7,0.0
2,23,8,0.0
2,23,9,0.0
2,23,10,0.0
2,23,11,0.0
2,23,12,0.0
2,23,13,0.0
2,23,14,0.0
2,23,15,0.0
2,23,16,0.0
2,23,17,0.0
2,23,18,0.0
2,23,19,0.0
3,0,0,0.0
3,0,1,0.0
3,0,2,0.0
3,0,3,0.0
3,0,4,0.0
3,0,5,0.0
3,0,6,0.0
3,0,7,0.0
3,0,8,0.0
3,0,9,0.0
3,0,10,0.0
3,0,11,0.0
3,0,12,0.0
3,0,13,0.0
3,0,14,0.0
3,0,15,0.0
3,0,16,0.0
3,0,17,0.0
3,0,18,0.0
3,0,19,0.0
3,1,0,0.0
3,1,1,0.0
3,1,2,0.0
3,1,3,0.0
3,1,4,0.0
3,1,5,0.0
3,1,6,0.0
3,1,7,0.0
3,1,8,0.0
3,1,9,0.0
3,1,10,0.0
3,1,11,0.0
3,1,12,0.0
3,1,13,0.0
3,1,14,0.0
3,1,15,0.0
3,1,16,0.0
3,1,17,0.0
3,1,18,0.0
3,1,19,0.0
3,2,0,0.0
3,2,1,0.0
3,2,2,0.0
3,2,3,0.0
3,2,4,0.0
3,2,5,0.0
3,2,6,0.0
3,2,7,0.0
3,2,8,0.0
3,2,9,0.0
3,2,10,0.0
3,2,11,0.0
3,2,12,0.0
3,2,13,0.0
3,2,14,0.0
3,2,15,0.0
3,2,16,0.0
3,2,17,0.0
3,2,18,0.0
3,2,19,0.0
3,3,0,0.0
3,3,1,0.0
3,3,2,0.0
3,3,3,0.0
3,3,4,0.0
3,3,5,0.0
3,3,6,0.0
3,3,7,0.0
3,3,8,0.0
3,3,9,0.0
3,3,10,0.0
3,3,11,0.0
3,3,12,0.0
3,3,13,0.0
3,3,14,0.0
3,3,15,0.0
3,3,16,0.0
3,3,17,0.0
3,3,18,0.0
3,3,19,0.0
3,4,0,0.0
3,4,1,0.0
3,4,2,0.0
3,4,3,0.0
3,4,4,0.0
3,4,5,0.0
3,4,6,0.0
3,4,7,0.0
3,4,8,0.0
3,4,9,0.0
3,4,10,0.0
3,4,11,0.0
3,4,12,0.0
3,4,13,0.0
3,4,14,0.0
3,4,15,0.0
3,4,16,0.0
3,4,17,0.0
3,4,18,0.0
3,4,19,0.0
3,5,0,0.0
3,5,1,0.0
3,5,2,0.0
3,5,3,0.0
3,5,4,0.0
3,5,5,0.0
3,5,6,0.0
3,5,7,0.0
3,5,8,0.0
3,5,9,0.0
3,5,10,0.0
3,5,11,0.0
3,5,12,0.0
3,5,13,0.0
3,5,14,0.0
3,5,15,0.0
3,5,16,0.0
3,5,17,0.0
3,5,18,0.0
3,5,19,0.0
3,6,0,0.0
3,6,1,0.0
3,6,2,0.0
3,6,3,0.0
3,6,4,0.0
3,6,5,0.0
3,6,6,0.0
3,6,7,0.0
3,6,8,0.0
3,6,9,0.0
3,6,10,0.0
3,6,11,0.0
3,6,12,0.0
3,6,13,0.0
3,6,14,0.0
3,6,15,0.0
3,6,16,0.0
3,6,17,0.0
3,6,18,0.0
3,6,19,0.0
3,7,0,0.0
3,7,1,0.0
3,7,2,0.0
3,7,3,0.0
3,7,4,0.0
3,7,5,0.0
3,7,6,0.0
3,7,7,0.0
3,7,8,0.0
3,7,9,0.0
3,7,10,0.0
3,7,11,0.0
3,7,12,0.0
3,7,13,0.0
3,7,14,0.0
3,7,15,0.0
3,7,16,0.0
3,7,17,0.0
3,7,18,0.0
3,7,19,0.0
3,8,0,0.0
3,8,1,1.3282753244558814
3,8,2,0.0
3,8,3,1.277550167541846
3,8,4,0.0
3,8,5,0.0
3,8,6,0.0
3,8,7,0.0
3,8,8,0.0
3,8,9,0.0
3,8,10,0.0
3,8,11,0.7465309752455593
3,8,12,0.05635663199301533
3,8,13,2.08991804051244
3,8,14,0.0
3,8,15,0.0
3,8,16,0.0
3,8,17,0.0
3,8,18,0.8263866616281086
3,8,19,0.0
3,9,0,3.159429102892123
3,9,1,2.81203805601052
3,9,2,0.7038603222419706
3,9,3,3.5752025336757414
3,9,4,2.8681704711014557
3,9,5,8.656522131311464
3,9,6,0.32076763669478936
3,9,7,0.0
3,9,8,2.5307337202051343
3,9,9,2.4805731899938737
3,9,10,7.444709582330129
3,9,11,0.38573904492362976
3,9,12,1.560578863135162
3,9,13,7.530595595071363
3,9,14,0.0
3,9,15,7.127698480250948
3,9,16,1.9574961886088085
3,9,17,3.8212317743368995
3,9,18,3.0071350567775257
3,9,19,1.438549935534862
3,10,0,8.917580129519315
3,10,1,9.515471889646188
3,10,2,5.089258521541
3,10,3,2.561186737614517
3,10,4,10.949025233048491
3,10,5,0.0
3,10,6,4.968077932879457
3,10,7,0.0
3,10,8,0.0
3,10,9,7.02903520532059
3,10,10,0.0
3,10,11,5.178057206030362
3,10,12,2.075406209325873
3,10,13,0.0
3,10,14,10.338597279943096
3,10,15,0.10485735231509885
3,10,16,0.0
3,10,17,5.43220389800482
3,10,18,0.05002975582736369
3,10,19,4.37977163326187
3,11,0,0.0
3,11,1,16.810804966284934
3,11,2,0.0
3,11,3,1.6471364403030941
3,11,4,6.724734721274667
3,11,5,9.169254457397695
3,11,6,0.0
3,11,7,0.0
3,11,8,8.696448887395857
3,11,9,15.177415027845298
3,11,10,3.2010124657887644
3,11,11,11.345494733279754
3,11,12,0.8162327181342226
3,11,13,15.334359271338197
3,11,14,0.8337287787988383
3,11,15,11.84596591746911
3,11,16,7.398488681361943
3,11,17,4.188953219170786
3,11,18,6.292967355312477
3,11,19,7.009776977814615
3,12,0,0.0
3,12,1,0.0
3,12,2,10.444612313799183
3,12,3,4.860267470834821
3,12,4,2.266968030190327
3,12,5,4.143442517506916
3,12,6,0.0
3,12,7,0.0
3,12,8,6.8519401992349565
3,12,9,0.0
3,12,10,5.6802819011520675
3,12,11,8.920532423664417
3,12,12,6.188101519372189
3,12,13,9.296433017413236
3,12,14,5.410279229528786
3,12,15,13.76312935574346
3,12,16,6.298415584365756
3,12,17,4.419751996254236
3,12,18,18.40729158019666
3,12,19,0.0
3,13,0,9.574275886057164
3,13,1,3.5949646809139253
3,13,2,0.0
3,13,3,13.527132656474086
3,13,4,11.57439394834244
3,13,5,7.142794057011388
3,13,6,0.0
3,13,7,3.0394791893684556
3,13,8,17.138800929620697
3,13,9,18.7753858121748
3,13,10,0.0
3,13,11,0.6101806704691164
3,13,12,5.654837198862806
3,13,13,13.673908114132466
3,13,14,9.199319917764
3,13,15,8.76385470930362
3,13,16,9.464050706017279
3,13,17,12.782589063662943
3,13,18,0.10225024027976337
3,13,19,8.03150164165889
3,14,0,13.000978601707482
3,14,1,5.409825426230258
3,14,2,4.113410697094926
3,14,3,0.0
3,14,4,8.083402797593639
3,14,5,0.0
3,14,6,12.666796988959566
3,14,7,12.767294663105984
3,14,8,0.0
3,14,9,0.0
3,14,10,0.0
3,14,11,4.027234635948124
3,14,12,10.680430587739789
3,14,13,3.881882852977933
3,14,14,16.884898647437165
3,14,15,3.893492995502919
3,14,16,2.385877334218973
3,14,17,5.03877769214506
3,14,18,0.5715646362047169
3,14,19,0.0
3,15,0,2.3698703192184123
3,15,1,0.0
3,15,2,8.326400010836235
3,15,3,0.0
3,15,4,3.5119872355293644
3,15,5,7.420695068672384
3,15,6,2.7139102161761928
3,15,7,0.0
3,15,8,1.6395070215862075
3,15,9,0.0
3,15,10,0.0
3,15,11,1.935854984861768
3,15,12,0.0
3,15,13,0.0
3,15,14,0.03921578465601305
3,15,15,0.0
3,15,16,0.0
3,15,17,0.0
3,15,18,0.0
3,15,19,0.0
3,16,0,0.9658219788375928
3,16,1,0.0
3,16,2,0.0
3,16,3,7.544539559050232
3,16,4,0.5935178075250587
3,16,5,0.9242942968287711
3,16,6,5.961407064525266
3,16,7,7.285793783920743
3,16,8,0.6186038866997308
3,16,9,6.001124897905915
3,16,10,2.064363834271636
3,16,11,0.0
3,16,12,1.1708118117627322
3,16,13,1.0788335262185473
3,16,14,4.788909016786284
3,16,15,0.0
3,16,16,0.0
3,16,17,0.0
3,16,18,1.6735232257954196
3,16,19,0.0
3,17,0,0.0
3,17,1,0.0
3,17,2,0.0
3,17,3,0.0
3,17,4,0.0
3,17,5,0.0
3,17,6,0.0
3,17,7,0.0
3,17,8,1.573904415083681
3,17,9,0.0
3,17,10,0.0
3,17,11,0.0
3,17,12,0.0
3,17,13,1.248143333140625
3,17,14,0.0
3,17,15,0.0
3,17,16,0.0
3,17,17,0.0
3,17,18,0.0
3,17,19,0.0
3,18,0,0.0
3,18,1,0.0
3,18,2,0.0
3,18,3,0.0
3,18,4,0.0
3,18,5,0.0
3,18,6,0.0
3,18,7,0.0
3,18,8,0.0
3,18,9,0.0
3,18,10,0.0
3,18,11,0.0
3,18,12,0.0
3,18,13,0.0
3,18,14,0.0
3,18,15,0.0
3,18,16,0.0
3,18,17,0.0
3,18,18,0.0
3,18,19,0.0
3,19,0,0.0
3,19,1,0.0
3,19,2,0.0
3,19,3,0.0
3,19,4,0.0
3,19,5,0.0
3,19,6,0.0
3,19,7,0.0
3,19,8,0.0
3,19,9,0.0
3,19,10,0.0
3,19,11,0.0
3,19,12,0.0
3,19,13,0.0
3,19,14,0.0
3,19,15,0.0
3,19,16,0.0
3,19,17,0.0
3,19,18,0.0
3,19,19,0.0
3,20,0,0.0
3,20,1,0.0
3,20,2,0.0
3,20,3,0.0
3,20,4,0.0
3,20,5,0.0
3,20,6,0.0
3,20,7,0.0
3,20,8,0.0
3,20,9,0.0
3,20,10,0.0
3,20,11,0.0
3,20,12,0.0
3,20,13,0.0
3,20,14,0.0
3,20,15,0.0
3,20,16,0.0
3,20,17,0.0
3,20,18,0.0
3,20,19,0.0
3,21,0,0.0
3,21,1,0.0
3,21,2,0.0
3,21,3,0.0
3,21,4,0.0
3,21,5,0.0
3,21,6,0.0
3,21,7,0.0
3,21,8,0.0
3,21,9,0.0
3,21,10,0.0
3,21,11,0.0
3,21,12,0.0
3,21,13,0.0
3,21,14,0.0
3,21,15,0.0
3,21,16,0.0
3,21,17,0.0
3,21,18,0.0
3,21,19,0.0
3,22,0,0.0
3,22,1,0.0
3,22,2,0.0
3,22,3,0.0
3,22,4,0.0
3,22,5,0.0
3,22,6,0.0
3,22,7,0.0
3,22,8,0.0
3,22,9,0.0
3,22,10,0.0
3,22,11,0.0
3,22,12,0.0
3,22,13,0.0
3,22,14,0.0
3,22,15,0.0
3,22,16,0.0
3,22,17,0.0
3,22,18,0.0
3,22,19,0.0
3,23,0,0.0
3,23,1,0.0
3,23,2,0.0
3,23,3,0.0
3,23,4,0.0
3,23,5,0.0
3,23,6,0.0
3,23,7,0.0
3,23,8,0.0
3,23,9,0.0
3,23,10,0.0
3,23,11,0.0
3,23,12,0.0
3,23,13,0.0
3,23,14,0.0
3,23,15,0.0
3,23,16,0.0
3,23,17,0.0
3,23,18,0.0
3,23,19,0.0
4,0,0,0.0
4,0,1,0.0
4,0,2,0.0
4,0,3,0.0
4,0,4,0.0
4,0,5,0.0
4,0,6,0.0
4,0,7,0.0
4,0,8,0.0
4,0,9,0.0
4,0,10,0.0
4,0,11,0.0
4,0,12,0.0
4,0,13,0.0
4,0,14,0.0
4,0,15,0.0
4,0,16,0.0
4,0,17,0.0
4,0,18,0.0
4,0,19,0.0
4,1,0,0.0
4,1,1,0.0
4,1,2,0.0
4,1,3,0.0
4,1,4,0.0
4,1,5,0.0
4,1,6,0.0
4,1,7,0.0
4,1,8,0.0
4,1,9,0.0
4,1,10,0.0
4,1,11,0.0
4,1,12,0.0
4,1,13,0.0
4,1,14,0.0
4,1,15,0.0
4,1,16,0.0
4,1,17,0.0
4,1,18,0.0
4,1,19,0.0
4,2,0,0.0
4,2,1,0.0
4,2,2,0.0
4,2,3,0.0
4,2,4,0.0
4,2,5,0.0
4,2,6,0.0
4,2,7,0.0
4,2,8,0.0
4,2,9,0.0
4,2,10,0.0
4,2,11,0.0
4,2,12,0.0
4,2,13,0.0
4,2,14,0.0
4,2,15,0.0
4,2,16,0.0
4,2,17,0.0
4,2,18,0.0
4,2,19,0.0
4,3,0,0.0
4,3,1,0.0
4,3,2,0.0
4,3,3,0.0
4,3,4,0.0
4,3,5,0.0
4,3,6,0.0
4,3,7,0.0
4,3,8,0.0
4,3,9,0.0
4,3,10,0.0
4,3,11,0.0
4,3,12,0.0
4,3,13,0.0
4,3,14,0.0
4,3,15,0.0
4,3,16,0.0
4,3,17,0.0
4,3,18,0.0
4,3,19,0.0
4,4,0,0.0
4,4,1,0.0
4,4,2,0.0
4,4,3,0.0
4,4,4,0.0
4,4,5,0.0
4,4,6,0.0
4,4,7,0.0
4,4,8,0.0
4,4,9,0.0
4,4,10,0.0
4,4,11,0.0
4,4,12,0.0
4,4,13,0.0
4,4,14,0.0
4,4,15,0.0
4,4,16,0.0
4,4,17,0.0
4,4,18,0.0
4,4,19,0.0
4,5,0,0.0
4,5,1,0.0
4,5,2,0.0
4,5,3,0.0
4,5,4,0.0
4,5,5,0.0
4,5,6,0.0
4,5,7,0.0
4,5,8,0.0
4,5,9,0.0
4,5,10,0.0
4,5,11,0.0
4,5,12,0.0
4,5,13,0.0
4,5,14,0.0
4,5,15,0.0
4,5,16,0.0
4,5,17,0.0
4,5,18,0.0
4,5,19,0.0
4,6,0,0.0
4,6,1,0.0
4,6,2,0.0
4,6,3,0.0
4,6,4,0.0
4,6,5,0.0
4,6,6,0.0
4,6,7,0.0
4,6,8,0.0
4,6,9,0.0
4,6,10,0.0
4,6,11,0.0
4,6,12,0.0
4,6,13,0.0
4,6,14,0.0
4,6,15,0.0
4,6,16,0.0
4,6,17,0.0
4,6,18,0.0
4,6,19,0.0
4,7,0,0.0
4,7,1,0.0
4,7,2,0.0
4,7,3,0.0
4,7,4,0.0
4,7,5,0.0
4,7,6,0.0
4,7,7,0.0
4,7,8,0.0
4,7,9,0.0
4,7,10,0.0
4,7,11,0.0
4,7,12,0.0
4,7,13,0.0
4,7,14,0.0
4,7,15,0.0
4,7,16,0.0
4,7,17,0.0
4,7,18,0.0
4,7,19,0.0
4,8,0,0.0
4,8,1,0.0
4,8,2,1.3591409904778273
4,8,3,0.0
4,8,4,0.0
4,8,5,1.5478833271156436
4,8,6,0.0
4,8,7,0.0
4,8,8,0.0
4,8,9,0.0
4,8,10,0.0
4,8,11,0.0
4,8,12,0.0
4,8,13,0.0
4,8,14,0.0
4,8,15,0.0
4,8,16,0.0
4,8,17,0.0
4,8,18,0.0
4,8,19,0.0
4,9,0,0.0
4,9,1,0.0
4,9,2,0.0
4,9,3,0.0
4,9,4,1.7212166562578606
4,9,5,0.0
4,9,6,2.6483308936021
4,9,7,0.0
4,9,8,0.0
4,9,9,0.0
4,9,10,0.23851585979609002
4,9,11,0.0
4,9,12,2.6706087176538924
4,9,13,0.0
4,9,14,0.0
4,9,15,0.0
4,9,16,3.6495107423621103
4,9,17,0.0
4,9,18,0.9139533439760728
4,9,19,1.006375658011681
4,10,0,0.0
4,10,1,4.691352982820634
4,10,2,2.9370814318625387
4,10,3,5.074901887262836
4,10,4,0.0
4,10,5,2.5780789138769937
4,10,6,0.0
4,10,7,8.012092920005816
4,10,8,3.119867295985279
4,10,9,5.694276570689078
4,10,10,8.226254776841596
4,10,11,3.4407205572625106
4,10,12,5.75387489608692
4,10,13,4.744108386647513
4,10,14,0.0
4,10,15,3.0977711713423934
4,10,16,2.216199675158413
4,10,17,0.0
4,10,18,1.5736954244197499
4,10,19,1.6257849949388685
4,11,0,8.751120082179671
4,11,1,0.0
4,11,2,12.658719866295101
4,11,3,0.0
4,11,4,5.661579169359017
4,11,5,0.0
4,11,6,5.072929899668223
4,11,7,0.0
4,11,8,6.501034723246924
4,11,9,6.478563771987414
4,11,10,0.7474390701353997
4,11,11,3.847427528355694
4,11,12,2.654963087799146
4,11,13,0.0
4,11,14,0.0
4,11,15,0.1523269004957215
4,11,16,0.0
4,11,17,6.963656914034694
4,11,18,2.98028525404114
4,11,19,3.6192556321469596
4,12,0,9.78013832632878
4,12,1,6.614496322603272
4,12,2,4.044853745438882
4,12,3,0.0
4,12,4,8.497753309056288
4,12,5,2.636922976273123
4,12,6,9.465541503084816
4,12,7,0.0
4,12,8,0.0
4,12,9,1.233127164083224
4,12,10,5.3798485747377685
4,12,11,0.0
4,12,12,7.060976653650843
4,12,13,0.0
4,12,14,5.573878844393515
4,12,15,0.0
4,12,16,9.825125574334493
4,12,17,7.826412744721917
4,12,18,0.0
4,12,19,4.135728697596797
4,13,0,0.0
4,13,1,11.391142934264073
4,13,2,0.0
4,13,3,6.442148867793724
4,13,4,0.0
4,13,5,1.7540064852672295
4,13,6,0.0
4,13,7,0.2708798633084406
4,13,8,0.0
4,13,9,0.0
4,13,10,1.540448581488409
4,13,11,3.5940963553960525
4,13,12,0.0
4,13,13,0.0
4,13,14,0.0
4,13,15,0.0
4,13,16,3.363976006441069
4,13,17,14.546973450537163
4,13,18,14.66245942209598
4,13,19,5.895216470168521
4,14,0,0.0
4,14,1,0.9929327579015066
4,14,2,0.0
4,14,3,2.848325325499978
4,14,4,11.68857561248985
4,14,5,4.867546287552169
4,14,6,5.779205483783512
4,14,7,1.3798081710985333
4,14,8,0.0
4,14,9,1.49825272886127
4,14,10,10.147416716997
4,14,11,0.0
4,14,12,0.0
4,14,13,1.3282379343510815
4,14,14,2.2961785840556495
4,14,15,0.0
4,14,16,3.867679358831497
4,14,17,0.0
4,14,18,3.839174552242076
4,14,19,0.0
4,15,0,2.06495274559472
4,15,1,2.062914390082627
4,15,2,1.3198266986558287
4,15,3,0.0
4,15,4,0.39143453375255177
4,15,5,0.0
4,15,6,0.0
4,15,7,4.175470679254611
4,15,8,0.0
4,15,9,3.3430623392942174
4,15,10,2.516370361985227
4,15,11,0.0
4,15,12,0.0
4,15,13,7.190003290778934
4,15,14,0.0
4,15,15,0.0
4,15,16,0.0
4,15,17,0.0
4,15,18,1.2008980112527907
4,15,19,5.628867214805177
4,16,0,0.0
4,16,1,3.5857488054633246
4,16,2,5.858633092633307
4,16,3,0.0
4,16,4,4.171064061601937
4,16,5,0.0
4,16,6,3.9496689016494035
4,16,7,1.9867723972567166
4,16,8,1.0557054292925265
4,16,9,0.0
4,16,10,0.0
4,16,11,0.0
4,16,12,0.0
4,16,13,5.130270500620141
4,16,14,10.050778279104222
4,16,15,0.0
4,16,16,0.0
4,16,17,1.3899528140183453
4,16,18,4.837129656499779
4,16,19,0.0
4,17,0,0.0
4,17,1,0.0
4,17,2,0.0
4,17,3,0.0
4,17,4,0.0
4,17,5,0.0
4,17,6,0.0
4,17,7,0.0
4,17,8,0.0
4,17,9,0.0
4,17,10,3.864898215536332
4,17,11,0.0
4,17,12,1.3755548579741244
4,17,13,0.0
4,17,14,0.0
4,17,15,0.0
4,17,16,2.3603462964810453
4,17,17,0.0
4,17,18,0.0
4,17,19,0.0
4,18,0,0.0
4,18,1,0.0
4,18,2,0.0
4,18,3,0.0
4,18,4,0.0
4,18,5,0.0
4,18,6,0.0
4,18,7,0.0
4,18,8,0.0
4,18,9,0.0
4,18,10,0.0
4,18,11,0.061349287024494714
4,18,12,0.0
4,18,13,0.0
4,18,14,0.0
4,18,15,0.0
4,18,16,0.0
4,18,17,0.0
4,18,18,0.0
4,18,19,0.0
4,19,0,0.0
4,19,1,0.0
4,19,2,0.0
4,19,3,0.0
4,19,4,0.0
4,19,5,0.0
4,19,6,0.0
4,19,7,0.0
4,19,8,0.0
4,19,9,0.0
4,19,10,0.0
4,19,11,0.0
4,19,12,0.0
4,19,13,0.0
4,19,14,0.0
4,19,15,0.0
4,19,16,0.0
4,19,17,0.0
4,19,18,0.0
4,19,19,0.0
4,20,0,0.0
4,20,1,0.0
4,20,2,0.0
4,20,3,0.0
4,20,4,0.0
4,20,5,0.0
4,20,6,0.0
4,20,7,0.0
4,20,8,0.0
4,20,9,0.0
4,20,10,0.0
4,20,11,0.0
4,20,12,0.0
4,20,13,0.0
4,20,14,0.0
4,20,15,0.0
4,20,16,0.0
4,20,17,0.0
4,20,18,0.0
4,20,19,0.0
4,21,0,0.0
4,21,1,0.0
4,21,2,0.0
4,21,3,0.0
4,21,4,0.0
4,21,5,0.0
4,21,6,0.0
4,21,7,0.0
4,21,8,0.0
4,21,9,0.0
4,21,10,0.0
4,21,11,0.0
4,21,12,0.0
4,21,13,0.0
4,21,14,0.0
4,21,15,0.0
4,21,16,0.0
4,21,17,0.0
4,21,18,0.0
4,21,19,0.0
4,22,0,0.0
4,22,1,0.0
4,22,2,0.0
4,22,3,0.0
4,22,4,0.0
4,22,5,0.0
4,22,6,0.0
4,22,7,0.0
4,22,8,0.0
4,22,9,0.0
4,22,10,0.0
4,22,11,0.0
4,22,12,0.0
4,22,13,0.0
4,22,14,0.0
4,22,15,0.0
4,22,16,0.0
4,22,17,0.0
4,22,18,0.0
4,22,19,0.0
4,23,0,0.0
4,23,1,0.0
4,23,2,0.0
4,23,3,0.0
4,23,4,0.0
4,23,5,0.0
4,23,6,0.0
4,23,7,0.0
4,23,8,0.0
4,23,9,0.0
4,23,10,0.0
4,23,11,0.0
4,23,12,0.0
4,23,13,0.0
4,23,14,0.0
4,23,15,0.0
4,23,16,0.0
4,23,17,0.0
4,23,18,0.0
4,23,19,0.0
5,0,0,0.0
5,0,1,0.0
5,0,2,0.0
5,0,3,0.0
5,0,4,0.0
5,0,5,0.0
5,0,6,0.0
5,0,7,0.0
5,0,8,0.0
5,0,9,0.0
5,0,10,0.0
5,0,11,0.0
5,0,12,0.0
5,0,13,0.0
5,0,14,0.0
5,0,15,0.0
5,0,16,0.0
5,0,17,0.0
5,0,18,0.0
5,0,19,0.0
5,1,0,0.0
5,1,1,0.0
5,1,2,0.0
5,1,3,0.0
5,1,4,0.0
5,1,5,0.0
5,1,6,0.0
5,1,7,0.0
5,1,8,0.0
5,1,9,0.0
5,1,10,0.0
5,1,11,0.0
5,1,12,0.0
5,1,13,0.0
5,1,14,0.0
5,1,15,0.0
5,1,16,0.0
5,1,17,0.0
5,1,18,0.0
5,1,19,0.0
5,2,0,0.0
5,2,1,0.0
5,2,2,0.0
5,2,3,0.0
5,2,4,0.0
5,2,5,0.0
5,2,6,0.0
5,2,7,0.0
5,2,8,0.0
5,2,9,0.0
5,2,10,0.0
5,2,11,0.0
5,2,12,0.0
5,2,13,0.0
5,2,14,0.0
5,2,15,0.0
5,2,16,0.0
5,2,17,0.0
5,2,18,0.0
5,2,19,0.0
5,3,0,0.0
5,3,1,0.0
5,3,2,0.0
5,3,3,0.0
5,3,4,0.0
5,3,5,0.0
5,3,6,0.0
5,3,7,0.0
5,3,8,0.0
5,3,9,0.0
5,3,10,0.0
5,3,11,0.0
5,3,12,0.0
5,3,13,0.0
5,3,14,0.0
5,3,15,0.0
5,3,16,0.0
5,3,17,0.0
5,3,18,0.0
5,3,19,0.0
5,4,0,0.0
5,4,1,0.0
5,4,2,0.0
5,4,3,0.0
5,4,4,0.0
5,4,5,0.0
5,4,6,0.0
5,4,7,0.0
5,4,8,0.0
5,4,9,0.0
5,4,10,0.0
5,4,11,0.0
5,4,12,0.0
5,4,13,0.0
5,4,14,0.0
5,4,15,0.0
5,4,16,0.0
5,4,17,0.0
5,4,18,0.0
5,4,19,0.0
5,5,0,0.0
5,5,1,0.0
5,5,2,0.0
5,5,3,0.0
5,5,4,0.0
5,5,5,0.0
5,5,6,0.0
5,5,7,0.0
5,5,8,0.0
5,5,9,0.0
5,5,10,0.0
5,5,11,0.0
5,5,12,0.0
5,5,13,0.0
5,5,14,0.0
5,5,15,0.0
5,5,16,0.0
5,5,17,0.0
5,5,18,0.0
5,5,19,0.0
5,6,0,0.0
5,6,1,0.0
5,6,2,0.0
5,6,3,0.0
5,6,4,0.0
5,6,5,0.0
5,6,6,0.0
5,6,7,0.0
5,6,8,0.0
5,6,9,0.0
5,6,10,0.0
5,6,11,0.0
5,6,12,0.0
5,6,13,0.0
5,6,14,0.0
5,6,15,0.0
5,6,16,0.0
5,6,17,0.0
5,6,18,0.0
5,6,19,0.0
5,7,0,0.0
5,7,1,0.0
5,7,2,0.0
5,7,3,0.0
5,7,4,0.0
5,7,5,0.0
5,7,6,0.0
5,7,7,0.0
5,7,8,0.0
5,7,9,0.0
5,7,10,0.0
5,7,11,0.0
5,7,12,0.0
5,7,13,0.0
5,7,14,0.0
5,7,15,0.0
5,7,16,0.0
5,7,17,0.0
5,7,18,0.0
5,7,19,0.0
5,8,0,0.0
5,8,1,0.0
5,8,2,0.0
5,8,3,0.0
5,8,4,0.0
5,8,5,0.0
5,8,6,0.0
5,8,7,0.0
5,8,8,0.0
5,8,9,0.0
5,8,10,0.0
5,8,11,0.0
5,8,12,0.0
5,8,13,0.0
5,8,14,0.3198804648226765
5,8,15,0.0
5,8,16,0.0
5,8,17,0.0
5,8,18,0.0
5,8,19,0.0
5,9,0,0.0
5,9,1,0.0
5,9,2,0.42090871384408723
5,9,3,0.0
5,9,4,0.0
5,9,5,0.0
5,9,6,0.0
5,9,7,0.0
5,9,8,0.0
5,9,9,0.0
5,9,10,0.0
5,9,11,0.0
5,9,12,0.0
5,9,13,0.0
5,9,14,0.6791297961830054
5,9,15,0.0
5,9,16,0.0
5,9,17,0.0
5,9,18,0.0
5,9,19,0.0
5,10,0,0.0
5,10,1,0.0
5,10,2,0.0
5,10,3,1.2740805934599755
5,10,4,0.0
5,10,5,0.0
5,10,6,0.7714132397628548
5,10,7,0.5879795132116121
5,10,8,1.985114644723002
5,10,9,0.0
5,10,10,0.6867060401992404
5,10,11,0.0
5,10,12,0.0
5,10,13,0.0
5,10,14,2.7199082196218853
5,10,15,0.0
5,10,16,0.0
5,10,17,0.0
5,10,18,0.0
5,10,19,1.4959602194934458
5,11,0,3.8968377359913573
5,11,1,5.033519804813028
5,11,2,0.0
5,11,3,1.3784341160655753
5,11,4,10.746380932134766
5,11,5,3.775668727453067
5,11,6,0.0
5,11,7,0.0
5,11,8,0.0
5,11,9,0.4620996375747408
5,11,10,0.0
5,11,11,0.21974059746964425
5,11,12,1.054220218149998
5,11,13,2.307320501571842
5,11,14,4.475325239190612
5,11,15,1.8997416276397425
5,11,16,4.457312484896969
5,11,17,0.0
5,11,18,0.5787707301949752
5,11,19,1.5355484238029007
5,12,0,4.635061311137398
5,12,1,3.3169468418316708
5,12,2,11.309416760825846
5,12,3,9.109627402218072
5,12,4,0.03878901122108491
5,12,5,0.0
5,12,6,0.0
5,12,7,0.0
5,12,8,8.031888403170004
5,12,9,6.675708598391607
5,12,10,6.996736851053513
5,12,11,1.7640184847709648
5,12,12,7.847351055748881
5,12,13,2.477542027648691
5,12,14,5.4020554852165805
5,12,15,5.487984436144008
5,12,16,7.945392971461736
5,12,17,6.512107754656379
5,12,18,4.356029218952592
5,12,19,3.98987366009864
5,13,0,8.133800805374815
5,13,1,0.5666656715610996
5,13,2,6.519095213684736
5,13,3,10.02203089489493
5,13,4,2.752401878733732
5,13,5,0.37586772151349823
5,13,6,6.876825414564249
5,13,7,0.594623127580586
5,13,8,3.3521925417561778
5,13,9,0.0
5,13,10,3.9570189599266197
5,13,11,0.0
5,13,12,14.134056529660574
5,13,13,8.493780422655064
5,13,14,5.849863121862007
5,13,15,0.0
5,13,16,12.670248051738708
5,13,17,3.0717371927673707
5,13,18,0.0
5,13,19,9.162454443062703
5,14,0,4.412871304771182
5,14,1,10.019151305487522
5,14,2,7.346318977280609
5,14,3,13.226128119345091
5,14,4,6.572421636766878
5,14,5,10.308297110477987
5,14,6,4.562100777930739
5,14,7,0.0
5,14,8,9.92282963841117
5,14,9,7.58714055000545
5,14,10,15.733348132116843
5,14,11,9.427873686680694
5,14,12,7.1498196528581675
5,14,13,4.07556843001111
5,14,14,1.9119434269562827
5,14,15,7.228508526930476
5,14,16,10.566333636413274
5,14,17,3.6227338456863443
5,14,18,0.0
5,14,19,0.0
5,15,0,0.0
5,15,1,0.0
5,15,2,8.39295418167002
5,15,3,0.0
5,15,4,5.671879660631815
5,15,5,12.858267493037307
5,15,6,11.18344807444901
5,15,7,8.31118593152105
5,15,8,2.364565698109427
5,15,9,13.733351767042237
5,15,10,0.0
5,15,11,7.510835349487371
5,15,12,8.976692995918576
5,15,13,0.8475067904971976
5,15,14,4.9292730103683855
5,15,15,0.0
5,15,16,0.0
5,15,17,2.9720242768068426
5,15,18,0.0
5,15,19,0.0
5,16,0,4.406174801369446
5,16,1,2.4844226615557954
5,16,2,0.3299997629124207
5,16,3,4.362122843106295
5,16,4,0.0
5,16,5,0.0
5,16,6,10.861742129505146
5,16,7,0.0
5,16,8,0.0
5,16,9,0.531883625972096
5,16,10,0.0
5,16,11,0.0
5,16,12,0.9706814597419662
5,16,13,6.515590439286001
5,16,14,0.0
5,16,15,2.5136697110273793
5,16,16,0.0
5,16,17,0.0
5,16,18,5.500131026470433
5,16,19,0.0
5,17,0,0.0
5,17,1,0.0
5,17,2,0.0
5,17,3,0.0
5,17,4,0.0
5,17,5,0.0
5,17,6,0.8631491953891848
5,17,7,0.0
5,17,8,0.0
5,17,9,0.0
5,17,10,0.0
5,17,11,0.0
5,17,12,0.0
5,17,13,0.0
5,17,14,0.0
5,17,15,0.0
5,17,16,0.4765474026677614
5,17,17,0.0
5,17,18,3.26476835160712
5,17,19,5.293800489313887
5,18,0,0.0
5,18,1,0.0
5,18,2,0.0
5,18,3,0.0
5,18,4,0.0
5,18,5,0.0
5,18,6,0.0
5,18,7,0.0
5,18,8,0.0
5,18,9,0.0
5,18,10,0.0
5,18,11,0.0
5,18,12,0.0
5,18,13,0.0
5,18,14,0.0
5,18,15,0.0
5,18,16,0.0
5,18,17,0.0
5,18,18,0.0
5,18,19,0.0
5,19,0,0.0
5,19,1,0.0
5,19,2,0.0
5,19,3,0.0
5,19,4,0.0
5,19,5,0.0
5,19,6,0.0
5,19,7,0.0
5,19,8,0.0
5,19,9,0.0
5,19,10,0.0
5,19,11,0.0
5,19,12,0.0
5,19,13,0.0
5,19,14,0.0
5,19,15,0.0
5,19,16,0.0
5,19,17,0.0
5,19,18,0.0
5,19,19,0.0
5,20,0,0.0
5,20,1,0.0
5,20,2,0.0
5,20,3,0.0
5,20,4,0.0
5,20,5,0.0
5,20,6,0.0
5,20,7,0.0
5,20,8,0.0
5,20,9,0.0
5,20,10,0.0
5,20,11,0.0
5,20,12,0.0
5,20,13,0.0
5,20,14,0.0
5,20,15,0.0
5,20,16,0.0
5,20,17,0.0
5,20,18,0.0
5,20,19,0.0
5,21,0,0.0
5,21,1,0.0
5,21,2,0.0
5,21,3,0.0
5,21,4,0.0
5,21,5,0.0
5,21,6,0.0
5,21,7,0.0
5,21,8,0.0
5,21,9,0.0
5,21,10,0.0
5,21,11,0.0
5,21,12,0.0
5,21,13,0.0
5,21,14,0.0
5,21,15,0.0
5,21,16,0.0
5,21,17,0.0
5,21,18,0.0
5,21,19,0.0
5,22,0,0.0
5,22,1,0.0
5,22,2,0.0
5,22,3,0.0
5,22,4,0.0
5,22,5,0.0
5,22,6,0.0
5,22,7,0.0
5,22,8,0.0
5,22,9,0.0
5,22,10,0.0
5,22,11,0.0
5,22,12,0.0
5,22,13,0.0
5,22,14,0.0
5,22,15,0.0
5,22,16,0.0
5,22,17,0.0
5,22,18,0.0
5,22,19,0.0
5,23,0,0.0
5,23,1,0.0
5,23,2,0.0
5,23,3,0.0
5,23,4,0.0
5,23,5,0.0
5,23,6,0.0
5,23,7,0.0
5,23,8,0.0
5,23,9,0.0
5,23,10,0.0
5,23,11,0.0
5,23,12,0.0
5,23,13,0.0
5,23,14,0.0
5,23,15,0.0
5,23,16,0.0
5,23,17,0.0
5,23,18,0.0
5,23,19,0.0
6,0,0,0.0
6,0,1,0.0
6,0,2,0.0
6,0,3,0.0
6,0,4,0.0
6,0,5,0.0
6,0,6,0.0
6,0,7,0.0
6,0,8,0.0
6,0,9,0.0
6,0,10,0.0
6,0,11,0.0
6,0,12,0.0
6,0,13,0.0
6,0,14,0.0
6,0,15,0.0
6,0,16,0.0
6,0,17,0.0
6,0,18,0.0
6,0,19,0.0
6,1,0,0.0
6,1,1,0.0
6,1,2,0.0
6,1,3,0.0
6,1,4,0.0
6,1,5,0.0
6,1,6,0.0
6,1,7,0.0
6,1,8,0.0
6,1,9,0.0
6,1,10,0.0
6,1,11,0.0
6,1,12,0.0
6,1,13,0.0
6,1,14,0.0
6,1,15,0.0
6,1,16,0.0
6,1,17,0.0
6,1,18,0.0
6,1,19,0.0
6,2,0,0.0
6,2,1,0.0
6,2,2,0.0
6,2,3,0.0
6,2,4,0.0
6,2,5,0.0
6,2,6,0.0
6,2,7,0.0
6,2,8,0.0
6,2,9,0.0
6,2,10,0.0
6,2,11,0.0
6,2,12,0.0
6,2,13,0.0
6,2,14,0.0
6,2,15,0.0
6,2,16,0.0
6,2,17,0.0
6,2,18,0.0
6,2,19,0.0
6,3,0,0.0
6,3,1,0.0
6,3,2,0.0
6,3,3,0.0
6,3,4,0.0
6,3,5,0.0
6,3,6,0.0
6,3,7,0.0
6,3,8,0.0
6,3,9,0.0
6,3,10,0.0
6,3,11,0.0
6,3,12,0.0
6,3,13,0.0
6,3,14,0.0
6,3,15,0.0
6,3,16,0.0
6,3,17,0.0
6,3,18,0.0
6,3,19,0.0
6,4,0,0.0
6,4,1,0.0
6,4,2,0.0
6,4,3,0.0
6,4,4,0.0
6,4,5,0.0
6,4,6,0.0
6,4,7,0.0
6,4,8,0.0
6,4,9,0.0
6,4,10,0.0
6,4,11,0.0
6,4,12,0.0
6,4,13,0.0
6,4,14,0.0
6,4,15,0.0
6,4,16,0.0
6,4,17,0.0
6,4,18,0.0
6,4,19,0.0
6,5,0,0.0
6,5,1,0.0
6,5,2,0.0
6,5,3,0.0
6,5,4,0.0
6,5,5,0.0
6,5,6,0.0
6,5,7,0.0
6,5,8,0.0
6,5,9,0.0
6,5,10,0.0
6,5,11,0.0
6,5,12,0.0
6,5,13,0.0
6,5,14,0.0
6,5,15,0.0
6,5,16,0.0
6,5,17,0.0
6,5,18,0.0
6,5,19,0.0
6,6,0,0.0
6,6,1,0.0
6,6,2,0.0
6,6,3,0.0
6,6,4,0.0
6,6,5,0.0
6,6,6,0.0
6,6,7,0.0
6,6,8,0.0
6,6,9,0.0
6,6,10,0.0
6,6,11,0.0
6,6,12,0.0
6,6,13,0.0
6,6,14,0.0
6,6,15,0.0
6,6,16,0.0
6,6,17,0.0
6,6,18,0.0
6,6,19,0.0
6,7,0,0.0
6,7,1,0.0
6,7,2,0.0
6,7,3,0.0
6,7,4,0.0
6,7,5,0.0
6,7,6,0.0
6,7,7,0.0
6,7,8,0.0
6,7,9,0.0
6,7,10,0.0
6,7,11,0.0
6,7,12,0.0
6,7,13,0.0
6,7,14,0.0
6,7,15,0.0
6,7,16,0.0
6,7,17,0.0
6,7,18,0.0
6,7,19,0.0
6,8,0,0.3175684640753309
6,8,1,0.0
6,8,2,0.0
6,8,3,1.652839196066894
6,8,4,0.0
6,8,5,1.4568429970642622
6,8,6,0.0
6,8,7,0.0
6,8,8,0.21632104446558964
6,8,9,0.0
6,8,10,0.0
6,8,11,0.0
6,8,12,0.0
6,8,13,0.0
6,8,14,0.41406980346674027
6,8,15,0.0
6,8,16,0.0
6,8,17,0.0
6,8,18,0.27465989338649877
6,8,19,1.420473976159188
6,9,0,4.741840895154264
6,9,1,0.6597101117425068
6,9,2,0.0
6,9,3,0.0
6,9,4,0.0
6,9,5,5.193428571126246
6,9,6,0.0
6,9,7,1.6907350203673275
6,9,8,0.0
6,9,9,0.0
6,9,10,2.6553360769907517
6,9,11,5.250963115031771
6,9,12,2.5806730569328025
6,9,13,0.0
6,9,14,0.0
6,9,15,1.064203046985694
6,9,16,2.108032834437424
6,9,17,4.221854792708951
6,9,18,3.189488479211444
6,9,19,2.4826628517292595
6,10,0,4.964444669751666
6,10,1,7.727101299639164
6,10,2,10.36894978849589
6,10,3,8.600612666080417
6,10,4,4.874774821623737
6,10,5,5.602660764643155
6,10,6,8.260968314487865
6,10,7,2.0675517311548823
6,10,8,6.84400212165113
6,10,9,1.6400539481673553
6,10,10,0.7605940599358707
6,10,11,0.0
6,10,12,0.0
6,10,13,0.0
6,10,14,2.4621729978760447
6,10,15,3.379006437066754
6,10,16,8.12717273876677
6,10,17,7.804776428315188
6,10,18,9.349182145621016
6,10,19,3.78898773024925
6,11,0,8.437784277248316
6,11,1,8.451756610338498
6,11,2,7.846242868783047
6,11,3,10.255273736292544
6,11,4,4.176043528921669
6,11,5,14.478239482905028
6,11,6,0.0
6,11,7,0.0
6,11,8,8.530650801751941
6,11,9,3.3374453274280054
6,11,10,9.713735038520891
6,11,11,5.268601927002261
6,11,12,2.5940086874695547
6,11,13,9.656417334763562
6,11,14,10.215020412568677
6,11,15,0.0
6,11,16,13.04710785946422
6,11,17,0.5961915183822626
6,11,18,9.031576461847978
6,11,19,11.903971335976617
6,12,0,12.140248547302452
6,12,1,8.882964884496305
6,12,2,13.11171244607343
6,12,3,10.473744483002497
6,12,4,0.463585618699911
6,12,5,17.473809435785704
6,12,6,11.617369960490425
6,12,7,3.9381654570055087
6,12,8,8.078586754928123
6,12,9,2.907094791677577
6,12,10,11.700772897155522
6,12,11,9.682186462135455
6,12,12,0.0
6,12,13,6.9023962502362055
6,12,14,1.2151144653806387
6,12,15,11.909324317165169
6,12,16,0.6113897453771742
6,12,17,12.112110601469492
6,12,18,11.305269329522902
6,12,19,6.533894247475529
6,13,0,8.078515006979384
6,13,1,4.123296112092242
6,13,2,0.0
6,13,3,3.1837766671539827
6,13,4,15.880234175010509
6,13,5,1.5816559445134732
6,13,6,10.021861077600953
6,13,7,4.478456234926985
6,13,8,0.0
6,13,9,3.9567681739218097
6,13,10,18.34453771159935
6,13,11,2.465119076962048
6,13,12,3.084718526585756
6,13,13,11.652368522171784
6,13,14,4.389377479491038
6,13,15,1.4677076716023318
6,13,16,6.440231046587542
6,13,17,14.143374571715686
6,13,18,0.0
6,13,19,1.4402933009252212
6,14,0,8.007605329952948
6,14,1,2.636213910361152
6,14,2,1.5999047850753594
6,14,3,5.408816012217087
6,14,4,17.246147735051494
6,14,5,17.2818684690158
6,14,6,14.688721121589872
6,14,7,2.6463649202534274
6,14,8,11.709050708885062
6,14,9,0.0
6,14,10,4.339516099871124
6,14,11,10.57514507474829
6,14,12,7.9502937081191885
6,14,13,15.963259662333584
6,14,14,13.520507633936665
6,14,15,4.854474876761646
6,14,16,11.205543213825521
6,14,17,13.756030959380986
6,14,18,0.0
6,14,19,2.3765410558854505
6,15,0,2.4383679934973967
6,15,1,11.30002327558218
6,15,2,13.59045182861737
6,15,3,0.0
6,15,4,12.0066750494926
6,15,5,0.0
6,15,6,4.541122620571041
6,15,7,0.0
6,15,8,8.812950645133812
6,15,9,14.334182975825147
6,15,10,9.88209458681256
6,15,11,0.0
6,15,12,1.1045222925796905
6,15,13,12.350792691236729
6,15,14,5.104609844391664
6,15,15,10.949755384407164
6,15,16,9.071050222626077
6,15,17,11.534997564932972
6,15,18,9.033973143582646
6,15,19,9.75842845341563
6,16,0,1.547552330096151
6,16,1,7.476666550597135
6,16,2,7.201115504508759
6,16,3,8.888999938078722
6,16,4,0.6335460574502232
6,16,5,1.3071590833777855
6,16,6,1.0762259556902274
6,16,7,8.104296136576874
6,16,8,2.841750257972419
6,16,9,9.01712566055014
6,16,10,0.0
6,16,11,0.0
6,16,12,1.8232781219475989
6,16,13,10.821595925193073
6,16,14,0.0
6,16,15,0.0
6,16,16,2.1254957798359313
6,16,17,2.071889921987032
6,16,18,3.140746843850352
6,16,19,2.1759994969373784
6,17,0,0.0
6,17,1,0.0
6,17,2,3.487927795627912
6,17,3,0.6753753078906453
6,17,4,5.257967131889726
6,17,5,0.0
6,17,6,0.8562297092805764
6,17,7,0.6641076569016438
6,17,8,0.0
6,17,9,0.0
6,17,10,0.7519907900275782
6,17,11,2.6439054318893067
6,17,12,2.691759020258569
6,17,13,5.764450272606692
6,17,14,0.0
6,17,15,2.7054233900481743
6,17,16,2.9241820246325725
6,17,17,0.0
6,17,18,3.097772463475168
6,17,19,0.5726325630325872
6,18,0,0.46174262555384593
6,18,1,0.0
6,18,2,0.0
6,18,3,0.0
6,18,4,0.0
6,18,5,0.0
6,18,6,0.0
6,18,7,0.0
6,18,8,0.762708135674536
6,18,9,0.0
6,18,10,0.0
6,18,11,0.7643578699990989
6,18,12,0.4139635660145582
6,18,13,0.0
6,18,14,0.3342665629414179
6,18,15,0.0
6,18,16,0.0
6,18,17,0.0
6,18,18,1.1628439904974999
6,18,19,0.0
6,19,0,0.0
6,19,1,0.0
6,19,2,0.0
6,19,3,0.0
6,19,4,0.0
6,19,5,0.0
6,19,6,0.0
6,19,7,0.0
6,19,8,0.0
6,19,9,0.0
6,19,10,0.0
6,19,11,0.0
6,19,12,0.0
6,19,13,0.0
6,19,14,0.0
6,19,15,0.0
6,19,16,0.0
6,19,17,0.0
6,19,18,0.0
6,19,19,0.0
6,20,0,0.0
6,20,1,0.0
6,20,2,0.0
6,20,3,0.0
6,20,4,0.0
6,20,5,0.0
6,20,6,0.0
6,20,7,0.0
6,20,8,0.0
6,20,9,0.0
6,20,10,0.0
6,20,11,0.0
6,20,12,0.0
6,20,13,0.0
6,20,14,0.0
6,20,15,0.0
6,20,16,0.0
6,20,17,0.0
6,20,18,0.0
6,20,19,0.0
6,21,0,0.0
6,21,1,0.0
6,21,2,0.0
6,21,3,0.0
6,21,4,0.0
6,21,5,0.0
6,21,6,0.0
6,21,7,0.0
6,21,8,0.0
6,21,9,0.0
6,21,10,0.0
6,21,11,0.0
6,21,12,0.0
6,21,13,0.0
6,21,14,0.0
6,21,15,0.0
6,21,16,0.0
6,21,17,0.0
6,21,18,0.0
6,21,19,0.0
6,22,0,0.0
6,22,1,0.0
6,22,2,0.0
6,22,3,0.0
6,22,4,0.0
6,22,5,0.0
6,22,6,0.0
6,22,7,0.0
6,22,8,0.0
6,22,9,0.0
6,22,10,0.0
6,22,11,0.0
6,22,12,0.0
6,22,13,0.0
6,22,14,0.0
6,22,15,0.0
6,22,16,0.0
6,22,17,0.0
6,22,18,0.0
6,22,19,0.0
6,23,0,0.0
6,23,1,0.0
6,23,2,0.0
6,23,3,0.0
6,23,4,0.0
6,23,5,0.0
6,23,6,0.0
6,23,7,0.0
6,23,8,0.0
6,23,9,0.0
6,23,10,0.0
6,23,11,0.0
6,23,12,0.0
6,23,13,0.0
6,23,14,0.0
6,23,15,0.0
6,23,16,0.0
6,23,17,0.0
6,23,18,0.0
6,23,19,0.0
7,0,0,0.0
7,0,1,0.0
7,0,2,0.0
7,0,3,0.0
7,0,4,0.0
7,0,5,0.0
7,0,6,0.0
7,0,7,0.0
7,0,8,0.0
7,0,9,0.0
7,0,10,0.0
7,0,11,0.0
7,0,12,0.0
7,0,13,0.0
7,0,14,0.0
7,0,15,0.0
7,0,16,0.0
7,0,17,0.0
7,0,18,0.0
7,0,19,0.0
7,1,0,0.0
7,1,1,0.0
7,1,2,0.0
7,1,3,0.0
7,1,4,0.0
7,1,5,0.0
7,1,6,0.0
7,1,7,0.0
7,1,8,0.0
7,1,9,0.0
7,1,10,0.0
7,1,11,0.0
7,1,12,0.0
7,1,13,0.0
7,1,14,0.0
7,1,15,0.0
7,1,16,0.0
7,1,17,0.0
7,1,18,0.0
7,1,19,0.0
7,2,0,0.0
7,2,1,0.0
7,2,2,0.0
7,2,3,0.0
7,2,4,0.0
7,2,5,0.0
7,2,6,0.0
7,2,7,0.0
7,2,8,0.0
7,2,9,0.0
7,2,10,0.0
7,2,11,0.0
7,2,12,0.0
7,2,13,0.0
7,2,14,0.0
7,2,15,0.0
7,2,16,0.0
7,2,17,0.0
7,2,18,0.0
7,2,19,0.0
7,3,0,0.0
7,3,1,0.0
7,3,2,0.0
7,3,3,0.0
7,3,4,0.0
7,3,5,0.0
7,3,6,0.0
7,3,7,0.0
7,3,8,0.0
7,3,9,0.0
7,3,10,0.0
7,3,11,0.0
7,3,12,0.0
7,3,13,0.0
7,3,14,0.0
7,3,15,0.0
7,3,16,0.0
7,3,17,0.0
7,3,18,0.0
7,3,19,0.0
7,4,0,0.0
7,4,1,0.0
7,4,2,0.0
7,4,3,0.0
7,4,4,0.0
7,4,5,0.0
7,4,6,0.0
7,4,7,0.0
7,4,8,0.0
7,4,9,0.0
7,4,10,0.0
7,4,11,0.0
7,4,12,0.0
7,4,13,0.0
7,4,14,0.0
7,4,15,0.0
7,4,16,0.0
7,4,17,0.0
7,4,18,0.0
7,4,19,0.0
7,5,0,0.0
7,5,1,0.0
7,5,2,0.0
7,5,3,0.0
7,5,4,0.0
7,5,5,0.0
7,5,6,0.0
7,5,7,0.0
7,5,8,0.0
7,5,9,0.0
7,5,10,0.0
7,5,11,0.0
7,5,12,0.0
7,5,13,0.0
7,5,14,0.0
7,5,15,0.0
7,5,16,0.0
7,5,17,0.0
7,5,18,0.0
7,5,19,0.0
7,6,0,0.0
7,6,1,0.0
7,6,2,0.0
7,6,3,0.0
7,6,4,0.0
7,6,5,0.0
7,6,6,0.0
7,6,7,0.0
7,6,8,0.0
7,6,9,0.0
7,6,10,0.0
7,6,11,0.0
7,6,12,0.0
7,6,13,0.0
7,6,14,0.0
7,6,15,0.0
7,6,16,0.0
7,6,17,0.0
7,6,18,0.0
7,6,19,0.0
7,7,0,0.0
7,7,1,0.0
7,7,2,0.0
7,7,3,0.0
7,7,4,0.0
7,7,5,0.0
7,7,6,0.0
7,7,7,0.0
7,7,8,0.0
7,7,9,0.0
7,7,10,0.0
7,7,11,0.0
7,7,12,0.0
7,7,13,0.0
7,7,14,0.0
7,7,15,0.0
7,7,16,0.0
7,7,17,0.0
7,7,18,0.0
7,7,19,0.0
7,8,0,0.0
7,8,1,0.0
7,8,2,0.0
7,8,3,0.0
7,8,4,0.0
7,8,5,0.0
7,8,6,0.0
7,8,7,0.0
7,8,8,0.0
7,8,9,0.0
7,8,10,0.0
7,8,11,0.0
7,8,12,0.6048043995999715
7,8,13,0.0
7,8,14,0.0
7,8,15,1.0216630776912745
7,8,16,1.1775183436381227
7,8,17,0.0
7,8,18,0.0
7,8,19,0.19696532682942935
7,9,0,1.5074247196336086
7,9,1,0.12802324667151854
7,9,2,1.6053827592671954
7,9,3,0.0
7,9,4,0.7434480797432899
7,9,5,0.320374938439417
7,9,6,1.4288355082983593
7,9,7,0.0
7,9,8,1.4032752621275857
7,9,9,0.4988073414610583
7,9,10,0.0
7,9,11,3.7212515190099014
7,9,12,0.0
7,9,13,0.0
7,9,14,2.8370073867398595
7,9,15,0.17344950020890781
7,9,16,0.7019098901832007
7,9,17,0.0
7,9,18,0.0
7,9,19,0.0
7,10,0,4.335657925454356
7,10,1,0.0
7,10,2,0.023949012115138224
7,10,3,6.3428869562693215
7,10,4,0.5693291733251469
7,10,5,0.0
7,10,6,0.0
7,10,7,6.128545990628988
7,10,8,0.0
7,10,9,0.39313851839894376
7,10,10,0.5143174303070333
7,10,11,5.969857897302631
7,10,12,1.7709142353294176
7,10,13,5.533394346288425
7,10,14,7.167618375402821
7,10,15,4.2059812497962845
7,10,16,1.8428149681212393
7,10,17,1.995426217740762
7,10,18,7.102188376004353
7,10,19,4.500995085246215
7,11,0,5.040870138706163
7,11,1,8.446855809775053
7,11,2,0.9440415453275177
7,11,3,6.19189303104505
7,11,4,5.706746280309199
7,11,5,3.7539920691862916
7,11,6,7.44471882299804
7,11,7,0.0
7,11,8,0.12576502832163117
7,11,9,9.00535524149175
7,11,10,9.157197046197497
7,11,11,3.54371004625932
7,11,12,3.3917395381086255
7,11,13,3.127873788585719
7,11,14,6.834755018744442
7,11,15,1.3828232923926755
7,11,16,5.550935591054092
7,11,17,7.0234774851743325
7,11,18,2.2554614177382653
7,11,19,9.365433977157899
7,12,0,0.8482490530866329
7,12,1,8.836968586246249
7,12,2,3.5205100791457844
7,12,3,6.6611004015687065
7,12,4,7.006058391418197
7,12,5,2.884861228121065
7,12,6,6.888785965859788
7,12,7,9.386748832712689
7,12,8,4.111678167818261
7,12,9,3.184538733240582
7,12,10,0.0
7,12,11,3.400702180554388
7,12,12,4.6097948621935965
7,12,13,0.0
7,12,14,12.781907792406868
7,12,15,0.0
7,12,16,7.244409299662264
7,12,17,0.0
7,12,18,3.6495824085822504
7,12,19,10.617970431663428
7,13,0,5.121703351354416
7,13,1,12.361063813410746
7,13,2,11.566876507408082
7,13,3,2.7575010699289333
7,13,4,0.0
7,13,5,10.859714310788036
7,13,6,9.369829413991692
7,13,7,3.0401698256110086
7,13,8,0.0
7,13,9,12.045393062625678
7,13,10,8.066772469761776
7,13,11,2.7245747626472827
7,13,12,2.436307853743263
7,13,13,4.386291274653025
7,13,14,11.739528319841735
7,13,15,0.0
7,13,16,6.445961995669843
7,13,17,0.8246048594059943
7,13,18,8.164895769956132
7,13,19,3.7642295042535565
7,14,0,8.361699087906192
7,14,1,0.10356313864275268
7,14,2,8.716725598569795
7,14,3,12.686867822538437
7,14,4,5.575939140008672
7,14,5,6.003374739862098
7,14,6,10.639208421800125
7,14,7,0.0
7,14,8,0.0
7,14,9,9.214373619894012
7,14,10,7.841062312143377
7,14,11,8.91010898699056
7,14,12,0.0
7,14,13,10.937832042251717
7,14,14,9.667810267819245
7,14,15,0.0
7,14,16,5.538406513518001
7,14,17,14.074072863763188
7,14,18,4.335621970308008
7,14,19,13.965879838878248
7,15,0,11.777333392411373
7,15,1,8.319582828933617
7,15,2,2.7937498165146355
7,15,3,1.179169627240631
7,15,4,0.0995089161398921
7,15,5,6.789799032287809
7,15,6,0.0
7,15,7,2.2014826324303183
7,15,8,3.535337399563156
7,15,9,11.629349108473416
7,15,10,7.074347445907876
7,15,11,3.979110097466555
7,15,12,3.1471934087258795
7,15,13,5.13799253716692
7,15,14,3.6116430080503736
7,15,15,0.0
7,15,16,0.0
7,15,17,4.593584294238822
7,15,18,3.7211553308680254
7,15,19,0.0
7,16,0,0.0
7,16,1,0.0
7,16,2,1.464395825484388
7,16,3,0.0
7,16,4,0.0
7,16,5,6.888835775640908
7,16,6,0.0
7,16,7,0.7079249034250905
7,16,8,3.427273778144812
7,16,9,0.0
7,16,10,4.890010443124021
7,16,11,3.0898639891331854
7,16,12,5.724685167603957
7,16,13,7.120497351931629
7,16,14,3.8581737464464156
7,16,15,0.0
7,16,16,2.7669887272831764
7,16,17,0.0
7,16,18,4.311913686237988
7,16,19,0.0
7,17,0,1.2545214584297089
7,17,1,0.0
7,17,2,1.9211522848716678
7,17,3,3.0253659271566313
7,17,4,4.154478406137085
7,17,5,0.0
7,17,6,0.0
7,17,7,0.38282732908702144
7,17,8,0.0
7,17,9,0.0
7,17,10,0.0
7,17,11,4.589886340698406
7,17,12,0.0
7,17,13,0.0
7,17,14,0.0
7,17,15,1.7737627874150386
7,17,16,0.0
7,17,17,1.8073945604505557
7,17,18,0.0
7,17,19,0.0
7,18,0,0.0
7,18,1,0.5338639927503197
7,18,2,0.0
7,18,3,0.0
7,18,4,0.0
7,18,5,0.0
7,18,6,1.7294452312152018
7,18,7,0.7563577713304066
7,18,8,0.0
7,18,9,0.0
7,18,10,1.0248449468977723
7,18,11,0.0
7,18,12,0.0
7,18,13,0.0
7,18,14,0.0
7,18,15,0.0
7,18,16,0.5671165090335473
7,18,17,0.0
7,18,18,0.0
7,18,19,0.0
7,19,0,0.0
7,19,1,0.0
7,19,2,0.0
7,19,3,0.0
7,19,4,0.0
7,19,5,0.0
7,19,6,0.0
7,19,7,0.0
7,19,8,0.0
7,19,9,0.0
7,19,10,0.0
7,19,11,0.0
7,19,12,0.0
7,19,13,0.0
7,19,14,0.0
7,19,15,0.0
7,19,16,0.0
7,19,17,0.0
7,19,18,0.0
7,19,19,0.0
7,20,0,0.0
7,20,1,0.0
7,20,2,0.0
7,20,3,0.0
7,20,4,0.0
7,20,5,0.0
7,20,6,0.0
7,20,7,0.0
7,20,8,0.0
7,20,9,0.0
7,20,10,0.0
7,20,11,0.0
7,20,12,0.0
7,20,13,0.0
7,20,14,0.0
7,20,15,0.0
7,20,16,0.0
7,20,17,0.0
7,20,18,0.0
7,20,19,0.0
7,21,0,0.0
7,21,1,0.0
7,21,2,0.0
7,21,3,0.0
7,21,4,0.0
7,21,5,0.0
7,21,6,0.0
7,21,7,0.0
7,21,8,0.0
7,21,9,0.0
7,21,10,0.0
7,21,11,0.0
7,21,12,0.0
7,21,13,0.0
7,21,14,0.0
7,21,15,0.0
7,21,16,0.0
7,21,17,0.0
7,21,18,0.0
7,21,19,0.0
7,22,0,0.0
7,22,1,0.0
7,22,2,0.0
7,22,3,0.0
7,22,4,0.0
7,22,5,0.0
7,22,6,0.0
7,22,7,0.0
7,22,8,0.0
7,22,9,0.0
7,22,10,0.0
7,22,11,0.0
7,22,12,0.0
7,22,13,0.0
7,22,14,0.0
7,22,15,0.0
7,22,16,0.0
7,22,17,0.0
7,22,18,0.0
7,22,19,0.0
7,23,0,0.0
7,23,1,0.0
7,23,2,0.0
7,23,3,0.0
7,23,4,0.0
7,23,5,0.0
7,23,6,0.0
7,23,7,0.0
7,23,8,0.0
7,23,9,0.0
7,23,10,0.0
7,23,11,0.0
7,23,12,0.0
7,23,13,0.0
7,23,14,0.0
7,23,15,0.0
7,23,16,0.0
7,23,17,0.0
7,23,18,0.0
7,23,19,0.0
8,0,0,0.0
8,0,1,0.0
8,0,2,0.0
8,0,3,0.0
8,0,4,0.0
8,0,5,0.0
8,0,6,0.0
8,0,7,0.0
8,0,8,0.0
8,0,9,0.0
8,0,10,0.0
8,0,11,0.0
8,0,12,0.0
8,0,13,0.0
8,0,14,0.0
8,0,15,0.0
8,0,16,0.0
8,0,17,0.0
8,0,18,0.0
8,0,19,0.0
8,1,0,0.0
8,1,1,0.0
8,1,2,0.0
8,1,3,0.0
8,1,4,0.0
8,1,5,0.0
8,1,6,0.0
8,1,7,0.0
8,1,8,0.0
8,1,9,0.0
8,1,10,0.0
8,1,11,0.0
8,1,12,0.0
8,1,13,0.0
8,1,14,0.0
8,1,15,0.0
8,1,16,0.0
8,1,17,0.0
8,1,18,0.0
8,1,19,0.0
8,2,0,0.0
8,2,1,0.0
8,2,2,0.0
8,2,3,0.0
8,2,4,0.0
8,2,5,0.0
8,2,6,0.0
8,2,7,0.0
8,2,8,0.0
8,2,9,0.0
8,2,10,0.0
8,2,11,0.0
8,2,12,0.0
8,2,13,0.0
8,2,14,0.0
8,2,15,0.0
8,2,16,0.0
8,2,17,0.0
8,2,18,0.0
8,2,19,0.0
8,3,0,0.0
8,3,1,0.0
8,3,2,0.0
8,3,3,0.0
8,3,4,0.0
8,3,5,0.0
8,3,6,0.0
8,3,7,0.0
8,3,8,0.0
8,3,9,0.0
8,3,10,0.0
8,3,11,0.0
8,3,12,0.0
8,3,13,0.0
8,3,14,0.0
8,3,15,0.0
8,3,16,0.0
8,3,17,0.0
8,3,18,0.0
8,3,19,0.0
8,4,0,0.0
8,4,1,0.0
8,4,2,0.0
8,4,3,0.0
8,4,4,0.0
8,4,5,0.0
8,4,6,0.0
8,4,7,0.0
8,4,8,0.0
8,4,9,0.0
8,4,10,0.0
8,4,11,0.0
8,4,12,0.0
8,4,13,0.0
8,4,14,0.0
8,4,15,0.0
8,4,16,0.0
8,4,17,0.0
8,4,18,0.0
8,4,19,0.0
8,5,0,0.0
8,5,1,0.0
8,5,2,0.0
8,5,3,0.0
8,5,4,0.0
8,5,5,0.0
8,5,6,0.0
8,5,7,0.0
8,5,8,0.0
8,5,9,0.0
8,5,10,0.0
8,5,11,0.0
8,5,12,0.0
8,5,13,0.0
8,5,14,0.0
8,5,15,0.0
8,5,16,0.0
8,5,17,0.0
8,5,18,0.0
8,5,19,0.0
8,6,0,0.0
8,6,1,0.0
8,6,2,0.0
8,6,3,0.0
8,6,4,0.0
8,6,5,0.0
8,6,6,0.0
8,6,7,0.0
8,6,8,0.0
8,6,9,0.0
8,6,10,0.0
8,6,11,0.0
8,6,12,0.0
8,6,13,0.0
8,6,14,0.0
8,6,15,0.0
8,6,16,0.0
8,6,17,0.0
8,6,18,0.0
8,6,19,0.0
8,7,0,0.0
8,7,1,0.0
8,7,2,0.0
8,7,3,0.0
8,7,4,0.0
8,7,5,0.0
8,7,6,0.0
8,7,7,0.0
8,7,8,0.0
8,7,9,0.0
8,7,10,0.0
8,7,11,0.0
8,7,12,0.0
8,7,13,0.0
8,7,14,0.0
8,7,15,0.0
8,7,16,0.0
8,7,17,0.0
8,7,18,0.0
8,7,19,0.0
8,8,0,0.37407896117589523
8,8,1,0.0
8,8,2,0.0
8,8,3,0.11085919582467785
8,8,4,0.4910908876268947
8,8,5,0.0
8,8,6,0.8163695558840568
8,8,7,0.0
8,8,8,0.0
8,8,9,0.0
8,8,10,0.7873434586026113
8,8,11,1.1020740115886265
8,8,12,0.0
8,8,13,0.0
8,8,14,0.0
8,8,15,0.0
8,8,16,0.0
8,8,17,1.1169852725499325
8,8,18,1.244898906868091
8,8,19,0.0
8,9,0,2.6487811232772795
8,9,1,2.410178701103909
8,9,2,0.0
8,9,3,0.0
8,9,4,2.483401026571848
8,9,5,0.0
8,9,6,0.0
8,9,7,0.0
8,9,8,0.0
8,9,9,0.3217702650499681
8,9,10,1.6605418781870172
8,9,11,0.0
8,9,12,2.41476997945293
8,9,13,0.0
8,9,14,0.0
8,9,15,0.0
8,9,16,0.0
8,9,17,1.0583959487129042
8,9,18,1.7767801544466821
8,9,19,0.9688897138794235
8,10,0,2.278011633341826
8,10,1,3.2608565336442243
8,10,2,2.9680014609278977
8,10,3,0.0
8,10,4,0.0
8,10,5,3.6339808190380687
8,10,6,0.2396642262569284
8,10,7,0.0
8,10,8,0.8294157044461157
8,10,9,3.4334421345192307
8,10,10,6.512476224798519
8,10,11,0.0
8,10,12,5.946799118138165
8,10,13,0.5743454570185431
8,10,14,1.1308141249387573
8,10,15,0.3832631275826044
8,10,16,0.0
8,10,17,1.2466949437945272
8,10,18,0.0
8,10,19,5.708785305518659
8,11,0,0.0
8,11,1,0.0
8,11,2,2.866787951087267
8,11,3,3.705958335376816
8,11,4,0.0
8,11,5,0.1840616703606388
8,11,6,1.7529109519324715
8,11,7,0.0
8,11,8,2.715365987795196
8,11,9,1.6498596577140752
8,11,10,0.0
8,11,11,3.2830941128880737
8,11,12,0.763039704249083
8,11,13,0.0
8,11,14,0.0
8,11,15,3.1138100619239437
8,11,16,3.677457824559604
8,11,17,0.0
8,11,18,0.0
8,11,19,5.905807642065762
8,12,0,4.465473710048651
8,12,1,0.0
8,12,2,0.0
8,12,3,0.0
8,12,4,6.643140561379886
8,12,5,2.2327752447048854
8,12,6,2.90043711888464
8,12,7,1.8806590057583836
8,12,8,6.390122255706364
8,12,9,0.0
8,12,10,1.1520220784432684
8,12,11,3.71578818448675
8,12,12,1.6996609018088478
8,12,13,0.0
8,12,14,9.844053695503392
8,12,15,7.5743782907011505
8,12,16,0.0
8,12,17,1.0316119836853792
8,12,18,5.159424978443916
8,12,19,0.0
8,13,0,1.072171360460798
8,13,1,1.812159787922447
8,13,2,6.660849669313037
8,13,3,9.28761949245088
8,13,4,1.4870057068964053
8,13,5,12.190553337859566
8,13,6,2.3923465997099393
8,13,7,3.281422108789201
8,13,8,2.377027354230994
8,13,9,2.081440644702348
8,13,10,4.468213821708896
8,13,11,4.206485005591504
8,13,12,10.467352678265405
8,13,13,1.9334845843807855
8,13,14,0.8774493269821395
8,13,15,0.0
8,13,16,8.714371855134527
8,13,17,7.287700467136274
8,13,18,7.219740313771204
8,13,19,0.0
8,14,0,10.856990709359058
8,14,1,0.0
8,14,2,1.0015125591133387
8,14,3,0.0
8,14,4,5.8568560500547076
8,14,5,3.9613448717130932
8,14,6,0.5986548643343088
8,14,7,3.988931456833237
8,14,8,10.222436101619168
8,14,9,7.961349138303151
8,14,10,0.0
8,14,11,0.0
8,14,12,0.0
8,14,13,0.3273116016425739
8,14,14,0.0
8,14,15,2.383637589186284
8,14,16,3.736808303869851
8,14,17,9.940911027966811
8,14,18,8.685699561685244
8,14,19,1.6373338520855145
8,15,0,0.0
8,15,1,5.68105692278001
8,15,2,0.0
8,15,3,3.87328335983136
8,15,4,1.1415964038436295
8,15,5,5.08879264105302
8,15,6,0.0
8,15,7,0.49973496888098623
8,15,8,6.522579976374689
8,15,9,0.0
8,15,10,0.0
8,15,11,5.973606906089963
8,15,12,11.439942650174531
8,15,13,0.4303824263908398
8,15,14,0.0
8,15,15,8.236156800145174
8,15,16,2.857154222172146
8,15,17,6.46727317757722
8,15,18,1.4160998121528028
8,15,19,0.0
8,16,0,0.0
8,16,1,0.0
8,16,2,7.618903747695659
8,16,3,3.5054797790207193
8,16,4,0.0
8,16,5,0.0
8,16,6,1.9914380370925748
8,16,7,4.690157669591866
8,16,8,0.6951983776102431
8,16,9,0.0
8,16,10,5.665876314035749
8,16,11,0.0
8,16,12,4.147210034330506
8,16,13,0.2595034319855962
8,16,14,0.35566502127941924
8,16,15,0.0
8,16,16,6.927324933714653
8,16,17,0.0
8,16,18,0.948020903789323
8,16,19,0.9035688123492456
8,17,0,0.0
8,17,1,1.1037630566010574
8,17,2,1.5553941749352793
8,17,3,0.0
8,17,4,0.0
8,17,5,0.33650510379185405
8,17,6,0.554147221489397
8,17,7,0.0
8,17,8,0.0
8,17,9,1.087044502803212
8,17,10,2.9631626910360342
8,17,11,0.0
8,17,12,0.0
8,17,13,1.9780169994518921
8,17,14,0.0
8,17,15,0.0
8,17,16,0.3656401830065885
8,17,17,0.0
8,17,18,0.0
8,17,19,0.0
8,18,0,0.0
8,18,1,0.0
8,18,2,0.0
8,18,3,0.0
8,18,4,0.0
8,18,5,0.0
8,18,6,0.0
8,18,7,0.0
8,18,8,0.0
8,18,9,0.0
8,18,10,0.0
8,18,11,0.0
8,18,12,0.0
8,18,13,0.0
8,18,14,0.0
8,18,15,0.0
8,18,16,0.0
8,18,17,0.0
8,18,18,0.0
8,18,19,0.0
8,19,0,0.0
8,19,1,0.0
8,19,2,0.0
8,19,3,0.0
8,19,4,0.0
8,19,5,0.0
8,19,6,0.0
8,19,7,0.0
8,19,8,0.0
8,19,9,0.0
8,19,10,0.0
8,19,11,0.0
8,19,12,0.0
8,19,13,0.0
8,19,14,0.0
8,19,15,0.0
8,19,16,0.0
8,19,17,0.0
8,19,18,0.0
8,19,19,0.0
8,20,0,0.0
8,20,1,0.0
8,20,2,0.0
8,20,3,0.0
8,20,4,0.0
8,20,5,0.0
8,20,6,0.0
8,20,7,0.0
8,20,8,0.0
8,20,9,0.0
8,20,10,0.0
8,20,11,0.0
8,20,12,0.0
8,20,13,0.0
8,20,14,0.0
8,20,15,0.0
8,20,16,0.0
8,20,17,0.0
8,20,18,0.0
8,20,19,0.0
8,21,0,0.0
8,21,1,0.0
8,21,2,0.0
8,21,3,0.0
8,21,4,0.0
8,21,5,0.0
8,21,6,0.0
8,21,7,0.0
8,21,8,0.0
8,21,9,0.0
8,21,10,0.0
8,21,11,0.0
8,21,12,0.0
8,21,13,0.0
8,21,14,0.0
8,21,15,0.0
8,21,16,0.0
8,21,17,0.0
8,21,18,0.0
8,21,19,0.0
8,22,0,0.0
8,22,1,0.0
8,22,2,0.0
8,22,3,0.0
8,22,4,0.0
8,22,5,0.0
8,22,6,0.0
8,22,7,0.0
8,22,8,0.0
8,22,9,0.0
8,22,10,0.0
8,22,11,0.0
8,22,12,0.0
8,22,13,0.0
8,22,14,0.0
8,22,15,0.0
8,22,16,0.0
8,22,17,0.0
8,22,18,0.0
8,22,19,0.0
8,23,0,0.0
8,23,1,0.0
8,23,2,0.0
8,23,3,0.0
8,23,4,0.0
8,23,5,0.0
8,23,6,0.0
8,23,7,0.0
8,23,8,0.0
8,23,9,0.0
8,23,10,0.0
8,23,11,0.0
8,23,12,0.0
8,23,13,0.0
8,23,14,0.0
8,23,15,0.0
8,23,16,0.0
8,23,17,0.0
8,23,18,0.0
8,23,19,0.0
9,0,0,0.0
9,0,1,0.0
9,0,2,0.0
9,0,3,0.0
9,0,4,0.0
9,0,5,0.0
9,0,6,0.0
9,0,7,0.0
9,0,8,0.0
9,0,9,0.0
9,0,10,0.0
9,0,11,0.0
9,0,12,0.0
9,0,13,0.0
9,0,14,0.0
9,0,15,0.0
9,0,16,0.0
9,0,17,0.0
9,0,18,0.0
9,0,19,0.0
9,1,0,0.0
9,1,1,0.0
9,1,2,0.0
9,1,3,0.0
9,1,4,0.0
9,1,5,0.0
9,1,6,0.0
9,1,7,0.0
9,1,8,0.0
9,1,9,0.0
9,1,10,0.0
9,1,11,0.0
9,1,12,0.0
9,1,13,0.0
9,1,14,0.0
9,1,15,0.0
9,1,16,0.0
9,1,17,0.0
9,1,18,0.0
9,1,19,0.0
9,2,0,0.0
9,2,1,0.0
9,2,2,0.0
9,2,3,0.0
9,2,4,0.0
9,2,5,0.0
9,2,6,0.0
9,2,7,0.0
9,2,8,0.0
9,2,9,0.0
9,2,10,0.0
9,2,11,0.0
9,2,12,0.0
9,2,13,0.0
9,2,14,0.0
9,2,15,0.0
9,2,16,0.0
9,2,17,0.0
9,2,18,0.0
9,2,19,0.0
9,3,0,0.0
9,3,1,0.0
9,3,2,0.0
9,3,3,0.0
9,3,4,0.0
9,3,5,0.0
9,3,6,0.0
9,3,7,0.0
9,3,8,0.0
9,3,9,0.0
9,3,10,0.0
9,3,11,0.0
9,3,12,0.0
9,3,13,0.0
9,3,14,0.0
9,3,15,0.0
9,3,16,0.0
9,3,17,0.0
9,3,18,0.0
9,3,19,0.0
9,4,0,0.0
9,4,1,0.0
9,4,2,0.0
9,4,3,0.0
9,4,4,0.0
9,4,5,0.0
9,4,6,0.0
9,4,7,0.0
9,4,8,0.0
9,4,9,0.0
9,4,10,0.0
9,4,11,0.0
9,4,12,0.0
9,4,13,0.0
9,4,14,0.0
9,4,15,0.0
9,4,16,0.0
9,4,17,0.0
9,4,18,0.0
9,4,19,0.0
9,5,0,0.0
9,5,1,0.0
9,5,2,0.0
9,5,3,0.0
9,5,4,0.0
9,5,5,0.0
9,5,6,0.0
9,5,7,0.0
9,5,8,0.0
9,5,9,0.0
9,5,10,0.0
9,5,11,0.0
9,5,12,0.0
9,5,13,0.0
9,5,14,0.0
9,5,15,0.0
9,5,16,0.0
9,5,17,0.0
9,5,18,0.0
9,5,19,0.0
9,6,0,0.0
9,6,1,0.0
9,6,2,0.0
9,6,3,0.0
9,6,4,0.0
9,6,5,0.0
9,6,6,0.0
9,6,7,0.0
9,6,8,0.0
9,6,9,0.0
9,6,10,0.0
9,6,11,0.0
9,6,12,0.0
9,6,13,0.0
9,6,14,0.0
9,6,15,0.0
9,6,16,0.0
9,6,17,0.0
9,6,18,0.0
9,6,19,0.0
9,7,0,0.0
9,7,1,0.0
9,7,2,0.0
9,7,3,0.0
9,7,4,0.0
9,7,5,0.0
9,7,6,0.0
9,7,7,0.0
9,7,8,0.0
9,7,9,0.0
9,7,10,0.0
9,7,11,0.0
9,7,12,0.0
9,7,13,0.0
9,7,14,0.0
9,7,15,0.0
9,7,16,0.0
9,7,17,0.0
9,7,18,0.0
9,7,19,0.0
9,8,0,0.0
9,8,1,0.0
9,8,2,0.0
9,8,3,0.0
9,8,4,0.0
9,8,5,0.0
9,8,6,0.0
9,8,7,0.0
9,8,8,0.0
9,8,9,0.0
9,8,10,0.0
9,8,11,0.0
9,8,12,0.0
9,8,13,0.34454059812510196
9,8,14,0.0
9,8,15,0.0
9,8,16,0.0
9,8,17,0.0
9,8,18,0.0
9,8,19,0.0
9,9,0,0.0
9,9,1,1.9599309672061165
9,9,2,0.0
9,9,3,0.6017686897695205
9,9,4,1.6030203423160132
9,9,5,0.0
9,9,6,1.082766560600719
9,9,7,1.5296330598589263
9,9,8,4.796812995449175
9,9,9,0.0
9,9,10,1.9878047145004787
9,9,11,0.21865185902352668
9,9,12,2.491827974861632
9,9,13,0.0
9,9,14,0.0
9,9,15,0.0
9,9,16,0.0
9,9,17,2.2393921728555277
9,9,18,0.0
9,9,19,3.744968587073594
9,10,0,7.832840677691818
9,10,1,0.0
9,10,2,0.0
9,10,3,0.4064972368102584
9,10,4,6.035590981209669
9,10,5,4.668994363305292
9,10,6,5.195972612154688
9,10,7,0.0
9,10,8,0.34067838834053066
9,10,9,2.7079842331082706
9,10,10,0.0
9,10,11,4.890060930859767
9,10,12,4.258003131830814
9,10,13,0.0
9,10,14,3.9988558602705555
9,10,15,0.0
9,10,16,0.0
9,10,17,0.014117162925245008
9,10,18,4.748547564282726
9,10,19,4.836176384386163
9,11,0,0.6121092425867873
9,11,1,0.0
9,11,2,6.62561502954587
9,11,3,2.460150033446155
9,11,4,4.674143502581388
9,11,5,6.088388930346556
9,11,6,0.0
9,11,7,0.0
9,11,8,0.0
9,11,9,0.0
9,11,10,2.95677973427275
9,11,11,7.274206604741985
9,11,12,10.263529912749206
9,11,13,0.0
9,11,14,3.1446143189724096
9,11,15,0.0
9,11,16,6.227458276390847
9,11,17,0.0
9,11,18,0.0
9,11,19,0.0
9,12,0,2.4315884448736007
9,12,1,6.845372419704527
9,12,2,4.479397995212269
9,12,3,10.262928293902707
9,12,4,0.0
9,12,5,8.575574479791793
9,12,6,10.813797147218745
9,12,7,2.873165856071262
9,12,8,3.472432696547565
9,12,9,0.0
9,12,10,12.573945564450337
9,12,11,7.767377889479814
9,12,12,3.1262511187355564
9,12,13,0.6523410341631433
9,12,14,5.687391169683684
9,12,15,0.0
9,12,16,0.0
9,12,17,2.6905322256621087
9,12,18,7.371090659917459
9,12,19,16.637855562730714
9,13,0,6.422780921411444
9,13,1,0.0
9,13,2,9.166435093825624
9,13,3,15.132892568835155
9,13,4,0.0
9,13,5,0.3176309273322566
9,13,6,7.55401988328242
9,13,7,4.040028510625534
9,13,8,10.840824061756598
9,13,9,10.912467058653395
9,13,10,7.117385717062376
9,13,11,5.934420645341724
9,13,12,0.0
9,13,13,13.366097501552435
9,13,14,12.317772265778856
9,13,15,7.251619211692031
9,13,16,6.0904637773575026
9,13,17,14.256868369990867
9,13,18,0.0
9,13,19,8.051236678230751
9,14,0,0.0
9,14,1,5.0264444255032075
9,14,2,5.724241356218894
9,14,3,8.758134762480738
9,14,4,0.0
9,14,5,0.0
9,14,6,5.193093390758915
9,14,7,0.0
9,14,8,3.0931309448923345
9,14,9,14.532454347594335
9,14,10,0.0
9,14,11,3.578969307220814
9,14,12,7.201544856901512
9,14,13,0.0
9,14,14,1.9560275734422081
9,14,15,0.0
9,14,16,0.30647742189457006
9,14,17,10.527904027938137
9,14,18,0.0
9,14,19,3.1903418473965
9,15,0,11.292709057644167
9,15,1,0.0
9,15,2,7.4917166088931335
9,15,3,3.3651864155766233
9,15,4,0.0
9,15,5,0.0
9,15,6,0.8684605263864738
9,15,7,0.0
9,15,8,1.3614157270871168
9,15,9,11.065343975030274
9,15,10,0.0
9,15,11,0.0
9,15,12,11.657886899792532
9,15,13,1.88013787068585
9,15,14,0.0
9,15,15,0.0
9,15,16,0.34950488279929903
9,15,17,5.5308246546842526
9,15,18,0.0
9,15,19,0.0
9,16,0,0.0
9,16,1,0.0
9,16,2,4.378582155957834
9,16,3,0.0
9,16,4,0.17910190080872113
9,16,5,11.237263570026654
9,16,6,0.0
9,16,7,4.299604137826856
9,16,8,5.099816094400973
9,16,9,0.3337145040081868
9,16,10,0.0
9,16,11,0.0
9,16,12,0.0
9,16,13,0.0
9,16,14,0.2901735551842588
9,16,15,0.0
9,16,16,0.0
9,16,17,0.0
9,16,18,0.0
9,16,19,0.0
9,17,0,0.0
9,17,1,0.0
9,17,2,0.0
9,17,3,0.0
9,17,4,0.0
9,17,5,0.0
9,17,6,0.8238926137181206
9,17,7,2.7350930807239604
9,17,8,0.0
9,17,9,0.0
9,17,10,0.0
9,17,11,0.0
9,17,12,0.5847432886668478
9,17,13,0.0
9,17,14,0.0
9,17,15,0.0
9,17,16,0.0
9,17,17,0.7067685118311084
9,17,18,0.0
9,17,19,0.0
9,18,0,0.0
9,18,1,0.0
9,18,2,0.0
9,18,3,0.0
9,18,4,0.6424651505125354
9,18,5,0.0
9,18,6,0.0
9,18,7,0.0
9,18,8,0.0
9,18,9,0.0
9,18,10,0.0
9,18,11,0.0
9,18,12,0.0
9,18,13,0.6891471219260561
9,18,14,0.0
9,18,15,0.0
9,18,16,0.0
9,18,17,0.0
9,18,18,0.0
9,18,19,0.0
9,19,0,0.0
9,19,1,0.0
9,19,2,0.0
9,19,3,0.0
9,19,4,0.0
9,19,5,0.0
9,19,6,0.0
9,19,7,0.0
9,19,8,0.0
9,19,9,0.0
9,19,10,0.0
9,19,11,0.0
9,19,12,0.0
9,19,13,0.0
9,19,14,0.0
9,19,15,0.0
9,19,16,0.0
9,19,17,0.0
9,19,18,0.0
9,19,19,0.0
9,20,0,0.0
9,20,1,0.0
9,20,2,0.0
9,20,3,0.0
9,20,4,0.0
9,20,5,0.0
9,20,6,0.0
9,20,7,0.0
9,20,8,0.0
9,20,9,0.0
9,20,10,0.0
9,20,11,0.0
9,20,12,0.0
9,20,13,0.0
9,20,14,0.0
9,20,15,0.0
9,20,16,0.0
9,20,17,0.0
9,20,18,0.0
9,20,19,0.0
9,21,0,0.0
9,21,1,0.0
9,21,2,0.0
9,21,3,0.0
9,21,4,0.0
9,21,5,0.0
9,21,6,0.0
9,21,7,0.0
9,21,8,0.0
9,21,9,0.0
9,21,10,0.0
9,21,11,0.0
9,21,12,0.0
9,21,13,0.0
9,21,14,0.0
9,21,15,0.0
9,21,16,0.0
9,21,17,0.0
9,21,18,0.0
9,21,19,0.0
9,22,0,0.0
9,22,1,0.0
9,22,2,0.0
9,22,3,0.0
9,22,4,0.0
9,22,5,0.0
9,22,6,0.0
9,22,7,0.0
9,22,8,0.0
9,22,9,0.0
9,22,10,0.0
9,22,11,0.0
9,22,12,0.0
9,22,13,0.0
9,22,14,0.0
9,22,15,0.0
9,22,16,0.0
9,22,17,0.0
9,22,18,0.0
9,22,19,0.0
9,23,0,0.0
9,23,1,0.0
9,23,2,0.0
9,23,3,0.0
9,23,4,0.0
9,23,5,0.0
9,23,6,0.0
9,23,7,0.0
9,23,8,0.0
9,23,9,0.0
9,23,10,0.0
9,23,11,0.0
9,23,12,0.0
9,23,13,0.0
9,23,14,0.0
9,23,15,0.0
9,23,16,0.0
9,23,17,0.0
9,23,18,0.0
9,23,19,0.0
