datetime_beginning_utc,datetime_beginning_ept,pnode_id,pnode_name,voltage,equipment,type,zone,system_energy_price_da,total_lmp_da,congestion_price_da,marginal_loss_price_da,row_is_current,version_nbr
9/1/2025 4:00:00 AM,9/1/2025 12:00:00 AM,1,PJM-RTO,,,ZONE,,14.70,14.747714,0.028871,0.018843,True,1
9/1/2025 5:00:00 AM,9/1/2025 1:00:00 AM,1,PJM-RTO,,,ZONE,,15.40,15.623231,0.193417,0.029814,True,1
9/1/2025 6:00:00 AM,9/1/2025 2:00:00 AM,1,PJM-RTO,,,ZONE,,13.94,13.984310,0.045335,-0.001025,True,1
9/1/2025 7:00:00 AM,9/1/2025 3:00:00 AM,1,PJM-RTO,,,ZONE,,13.74,13.767256,0.038421,-0.011166,True,1
9/1/2025 8:00:00 AM,9/1/2025 4:00:00 AM,1,PJM-RTO,,,ZONE,,13.26,13.274531,0.023520,-0.008989,True,1
9/1/2025 9:00:00 AM,9/1/2025 5:00:00 AM,1,PJM-RTO,,,ZONE,,14.53,14.665985,0.127000,0.008985,True,1
9/1/2025 10:00:00 AM,9/1/2025 6:00:00 AM,1,PJM-RTO,,,ZONE,,16.83,16.945990,0.104055,0.011935,True,1
9/1/2025 11:00:00 AM,9/1/2025 7:00:00 AM,1,PJM-RTO,,,ZONE,,14.71,14.822878,0.092118,0.020760,True,1
9/1/2025 12:00:00 PM,9/1/2025 8:00:00 AM,1,PJM-RTO,,,ZONE,,12.05,12.055554,-0.004557,0.010111,True,1
9/1/2025 1:00:00 PM,9/1/2025 9:00:00 AM,1,PJM-RTO,,,ZONE,,12.49,12.501828,0.000510,0.011318,True,1
9/1/2025 2:00:00 PM,9/1/2025 10:00:00 AM,1,PJM-RTO,,,ZONE,,15.19,15.173828,-0.046666,0.030494,True,1
9/1/2025 3:00:00 PM,9/1/2025 11:00:00 AM,1,PJM-RTO,,,ZONE,,16.25,16.325637,0.050775,0.024862,True,1
9/1/2025 4:00:00 PM,9/1/2025 12:00:00 PM,1,PJM-RTO,,,ZONE,,18.39,18.619847,0.164851,0.064996,True,1
9/1/2025 5:00:00 PM,9/1/2025 1:00:00 PM,1,PJM-RTO,,,ZONE,,19.75,19.930189,0.122084,0.058105,True,1
9/1/2025 6:00:00 PM,9/1/2025 2:00:00 PM,1,PJM-RTO,,,ZONE,,22.24,22.333749,0.037586,0.056163,True,1
9/1/2025 7:00:00 PM,9/1/2025 3:00:00 PM,1,PJM-RTO,,,ZONE,,24.30,24.562664,0.188868,0.073796,True,1
9/1/2025 8:00:00 PM,9/1/2025 4:00:00 PM,1,PJM-RTO,,,ZONE,,29.66,30.149504,0.359675,0.129828,True,1
9/1/2025 9:00:00 PM,9/1/2025 5:00:00 PM,1,PJM-RTO,,,ZONE,,33.42,33.895209,0.289719,0.185491,True,1
9/1/2025 10:00:00 PM,9/1/2025 6:00:00 PM,1,PJM-RTO,,,ZONE,,43.36,44.144847,0.607934,0.176912,True,1
9/1/2025 11:00:00 PM,9/1/2025 7:00:00 PM,1,PJM-RTO,,,ZONE,,51.69,52.901147,1.115848,0.095298,True,1
9/2/2025 12:00:00 AM,9/1/2025 8:00:00 PM,1,PJM-RTO,,,ZONE,,43.01,44.101730,0.936637,0.155093,True,1
9/2/2025 1:00:00 AM,9/1/2025 9:00:00 PM,1,PJM-RTO,,,ZONE,,32.14,32.753343,0.484849,0.128494,True,1
9/2/2025 2:00:00 AM,9/1/2025 10:00:00 PM,1,PJM-RTO,,,ZONE,,27.25,27.763093,0.393604,0.119489,True,1
9/2/2025 3:00:00 AM,9/1/2025 11:00:00 PM,1,PJM-RTO,,,ZONE,,21.76,21.990012,0.146982,0.083030,True,1
9/2/2025 4:00:00 AM,9/2/2025 12:00:00 AM,1,PJM-RTO,,,ZONE,,20.86,21.192363,0.273872,0.058491,True,1
9/2/2025 5:00:00 AM,9/2/2025 1:00:00 AM,1,PJM-RTO,,,ZONE,,19.54,19.885632,0.283799,0.061833,True,1
9/2/2025 6:00:00 AM,9/2/2025 2:00:00 AM,1,PJM-RTO,,,ZONE,,17.49,17.746545,0.207021,0.049524,True,1
9/2/2025 7:00:00 AM,9/2/2025 3:00:00 AM,1,PJM-RTO,,,ZONE,,16.52,16.514483,-0.040231,0.034714,True,1
9/2/2025 8:00:00 AM,9/2/2025 4:00:00 AM,1,PJM-RTO,,,ZONE,,17.94,17.950316,-0.029434,0.039751,True,1
9/2/2025 9:00:00 AM,9/2/2025 5:00:00 AM,1,PJM-RTO,,,ZONE,,21.81,22.126725,0.239059,0.077667,True,1
9/2/2025 10:00:00 AM,9/2/2025 6:00:00 AM,1,PJM-RTO,,,ZONE,,34.80,35.051355,0.172468,0.078887,True,1
9/2/2025 11:00:00 AM,9/2/2025 7:00:00 AM,1,PJM-RTO,,,ZONE,,32.12,32.555140,0.307143,0.127997,True,1
9/2/2025 12:00:00 PM,9/2/2025 8:00:00 AM,1,PJM-RTO,,,ZONE,,22.70,23.055016,0.294508,0.060508,True,1
9/2/2025 1:00:00 PM,9/2/2025 9:00:00 AM,1,PJM-RTO,,,ZONE,,22.30,23.048882,0.691558,0.057325,True,1
9/2/2025 2:00:00 PM,9/2/2025 10:00:00 AM,1,PJM-RTO,,,ZONE,,24.04,24.786098,0.701452,0.044645,True,1
9/2/2025 3:00:00 PM,9/2/2025 11:00:00 AM,1,PJM-RTO,,,ZONE,,26.01,26.784788,0.707270,0.067519,True,1
9/2/2025 4:00:00 PM,9/2/2025 12:00:00 PM,1,PJM-RTO,,,ZONE,,28.69,29.759111,0.949219,0.119892,True,1
9/2/2025 5:00:00 PM,9/2/2025 1:00:00 PM,1,PJM-RTO,,,ZONE,,32.44,32.997339,0.465754,0.091585,True,1
9/2/2025 6:00:00 PM,9/2/2025 2:00:00 PM,1,PJM-RTO,,,ZONE,,34.21,34.409496,0.105926,0.093570,True,1
9/2/2025 7:00:00 PM,9/2/2025 3:00:00 PM,1,PJM-RTO,,,ZONE,,33.21,33.141865,-0.136877,0.068742,True,1
9/2/2025 8:00:00 PM,9/2/2025 4:00:00 PM,1,PJM-RTO,,,ZONE,,34.40,34.271380,-0.226446,0.097825,True,1
9/2/2025 9:00:00 PM,9/2/2025 5:00:00 PM,1,PJM-RTO,,,ZONE,,41.88,41.998062,-0.023449,0.141512,True,1
9/2/2025 10:00:00 PM,9/2/2025 6:00:00 PM,1,PJM-RTO,,,ZONE,,52.92,53.292425,0.227451,0.144974,True,1
9/2/2025 11:00:00 PM,9/2/2025 7:00:00 PM,1,PJM-RTO,,,ZONE,,63.37,65.416767,1.876289,0.170478,True,1
9/3/2025 12:00:00 AM,9/2/2025 8:00:00 PM,1,PJM-RTO,,,ZONE,,50.25,51.396290,1.025912,0.120378,True,1
9/3/2025 1:00:00 AM,9/2/2025 9:00:00 PM,1,PJM-RTO,,,ZONE,,34.91,35.551540,0.612418,0.029122,True,1
9/3/2025 2:00:00 AM,9/2/2025 10:00:00 PM,1,PJM-RTO,,,ZONE,,32.01,32.543265,0.453112,0.080153,True,1
9/3/2025 3:00:00 AM,9/2/2025 11:00:00 PM,1,PJM-RTO,,,ZONE,,25.03,25.459981,0.357460,0.072520,True,1
9/3/2025 4:00:00 AM,9/3/2025 12:00:00 AM,1,PJM-RTO,,,ZONE,,21.27,21.094031,-0.244497,0.068528,True,1
9/3/2025 5:00:00 AM,9/3/2025 1:00:00 AM,1,PJM-RTO,,,ZONE,,19.95,19.807542,-0.175866,0.033408,True,1
9/3/2025 6:00:00 AM,9/3/2025 2:00:00 AM,1,PJM-RTO,,,ZONE,,16.90,16.832909,-0.103857,0.036766,True,1
9/3/2025 7:00:00 AM,9/3/2025 3:00:00 AM,1,PJM-RTO,,,ZONE,,15.52,15.461071,-0.084795,0.025866,True,1
9/3/2025 8:00:00 AM,9/3/2025 4:00:00 AM,1,PJM-RTO,,,ZONE,,16.25,16.183287,-0.089171,0.022458,True,1
9/3/2025 9:00:00 AM,9/3/2025 5:00:00 AM,1,PJM-RTO,,,ZONE,,19.85,19.670298,-0.237819,0.058117,True,1
9/3/2025 10:00:00 AM,9/3/2025 6:00:00 AM,1,PJM-RTO,,,ZONE,,26.36,26.387173,-0.018528,0.045702,True,1
9/3/2025 11:00:00 AM,9/3/2025 7:00:00 AM,1,PJM-RTO,,,ZONE,,27.01,27.121008,-0.023065,0.134073,True,1
9/3/2025 12:00:00 PM,9/3/2025 8:00:00 AM,1,PJM-RTO,,,ZONE,,19.91,20.520301,0.528482,0.081820,True,1
9/3/2025 1:00:00 PM,9/3/2025 9:00:00 AM,1,PJM-RTO,,,ZONE,,19.08,20.149007,0.953861,0.115146,True,1
9/3/2025 2:00:00 PM,9/3/2025 10:00:00 AM,1,PJM-RTO,,,ZONE,,20.51,21.173845,0.556846,0.107000,True,1
9/3/2025 3:00:00 PM,9/3/2025 11:00:00 AM,1,PJM-RTO,,,ZONE,,21.54,22.105843,0.477876,0.087967,True,1
9/3/2025 4:00:00 PM,9/3/2025 12:00:00 PM,1,PJM-RTO,,,ZONE,,23.28,23.925320,0.558761,0.086559,True,1
9/3/2025 5:00:00 PM,9/3/2025 1:00:00 PM,1,PJM-RTO,,,ZONE,,26.55,27.256418,0.637129,0.069290,True,1
9/3/2025 6:00:00 PM,9/3/2025 2:00:00 PM,1,PJM-RTO,,,ZONE,,27.70,28.284107,0.543550,0.040557,True,1
9/3/2025 7:00:00 PM,9/3/2025 3:00:00 PM,1,PJM-RTO,,,ZONE,,29.26,29.557700,0.216035,0.081665,True,1
9/3/2025 8:00:00 PM,9/3/2025 4:00:00 PM,1,PJM-RTO,,,ZONE,,31.12,31.455731,0.297660,0.038072,True,1
9/3/2025 9:00:00 PM,9/3/2025 5:00:00 PM,1,PJM-RTO,,,ZONE,,36.16,36.570345,0.269354,0.140991,True,1
9/3/2025 10:00:00 PM,9/3/2025 6:00:00 PM,1,PJM-RTO,,,ZONE,,44.26,44.546755,0.200917,0.085838,True,1
9/3/2025 11:00:00 PM,9/3/2025 7:00:00 PM,1,PJM-RTO,,,ZONE,,51.47,52.280964,0.819146,-0.008182,True,1
9/4/2025 12:00:00 AM,9/3/2025 8:00:00 PM,1,PJM-RTO,,,ZONE,,41.25,41.359740,0.065523,0.044217,True,1
9/4/2025 1:00:00 AM,9/3/2025 9:00:00 PM,1,PJM-RTO,,,ZONE,,33.98,34.051448,0.001240,0.070208,True,1
9/4/2025 2:00:00 AM,9/3/2025 10:00:00 PM,1,PJM-RTO,,,ZONE,,29.43,28.994853,-0.461967,0.026820,True,1
9/4/2025 3:00:00 AM,9/3/2025 11:00:00 PM,1,PJM-RTO,,,ZONE,,23.47,22.952892,-0.562951,0.045842,True,1
9/4/2025 4:00:00 AM,9/4/2025 12:00:00 AM,1,PJM-RTO,,,ZONE,,20.83,20.732920,-0.138001,0.040920,True,1
9/4/2025 5:00:00 AM,9/4/2025 1:00:00 AM,1,PJM-RTO,,,ZONE,,20.80,20.749512,-0.081164,0.030675,True,1
9/4/2025 6:00:00 AM,9/4/2025 2:00:00 AM,1,PJM-RTO,,,ZONE,,18.10,18.142922,0.015711,0.027210,True,1
9/4/2025 7:00:00 AM,9/4/2025 3:00:00 AM,1,PJM-RTO,,,ZONE,,17.47,17.516336,0.016963,0.029373,True,1
9/4/2025 8:00:00 AM,9/4/2025 4:00:00 AM,1,PJM-RTO,,,ZONE,,18.11,18.142689,0.009804,0.022885,True,1
9/4/2025 9:00:00 AM,9/4/2025 5:00:00 AM,1,PJM-RTO,,,ZONE,,21.48,21.454086,0.034550,-0.060464,True,1
9/4/2025 10:00:00 AM,9/4/2025 6:00:00 AM,1,PJM-RTO,,,ZONE,,31.21,31.062327,-0.034642,-0.113032,True,1
9/4/2025 11:00:00 AM,9/4/2025 7:00:00 AM,1,PJM-RTO,,,ZONE,,32.62,32.847960,0.222430,0.005530,True,1
9/4/2025 12:00:00 PM,9/4/2025 8:00:00 AM,1,PJM-RTO,,,ZONE,,24.00,24.471728,0.443454,0.028274,True,1
9/4/2025 1:00:00 PM,9/4/2025 9:00:00 AM,1,PJM-RTO,,,ZONE,,24.22,25.226072,1.006901,-0.000828,True,1
9/4/2025 2:00:00 PM,9/4/2025 10:00:00 AM,1,PJM-RTO,,,ZONE,,24.50,25.682090,1.172104,0.009986,True,1
9/4/2025 3:00:00 PM,9/4/2025 11:00:00 AM,1,PJM-RTO,,,ZONE,,25.16,25.910649,0.752295,-0.001646,True,1
9/4/2025 4:00:00 PM,9/4/2025 12:00:00 PM,1,PJM-RTO,,,ZONE,,28.15,28.332514,0.175417,0.007097,True,1
9/4/2025 5:00:00 PM,9/4/2025 1:00:00 PM,1,PJM-RTO,,,ZONE,,30.91,31.068697,0.096373,0.062324,True,1
9/4/2025 6:00:00 PM,9/4/2025 2:00:00 PM,1,PJM-RTO,,,ZONE,,31.27,32.095221,0.751764,0.073457,True,1
9/4/2025 7:00:00 PM,9/4/2025 3:00:00 PM,1,PJM-RTO,,,ZONE,,31.38,32.633018,1.137839,0.115178,True,1
9/4/2025 8:00:00 PM,9/4/2025 4:00:00 PM,1,PJM-RTO,,,ZONE,,38.00,36.232321,-2.048669,0.280990,True,1
9/4/2025 9:00:00 PM,9/4/2025 5:00:00 PM,1,PJM-RTO,,,ZONE,,41.86,39.700903,-2.564220,0.405123,True,1
9/4/2025 10:00:00 PM,9/4/2025 6:00:00 PM,1,PJM-RTO,,,ZONE,,45.91,44.783092,-1.578421,0.451513,True,1
9/4/2025 11:00:00 PM,9/4/2025 7:00:00 PM,1,PJM-RTO,,,ZONE,,58.52,58.994020,0.277065,0.196956,True,1
9/5/2025 12:00:00 AM,9/4/2025 8:00:00 PM,1,PJM-RTO,,,ZONE,,48.63,48.769868,0.090248,0.049621,True,1
9/5/2025 1:00:00 AM,9/4/2025 9:00:00 PM,1,PJM-RTO,,,ZONE,,35.00,34.743176,-0.269889,0.013065,True,1
9/5/2025 2:00:00 AM,9/4/2025 10:00:00 PM,1,PJM-RTO,,,ZONE,,28.69,28.403481,-0.245483,-0.041036,True,1
9/5/2025 3:00:00 AM,9/4/2025 11:00:00 PM,1,PJM-RTO,,,ZONE,,24.06,23.861967,-0.219748,0.021716,True,1
9/5/2025 4:00:00 AM,9/5/2025 12:00:00 AM,1,PJM-RTO,,,ZONE,,21.43,20.942452,-0.497292,0.009744,True,1
9/5/2025 5:00:00 AM,9/5/2025 1:00:00 AM,1,PJM-RTO,,,ZONE,,18.28,18.157735,-0.105632,-0.016633,True,1
9/5/2025 6:00:00 AM,9/5/2025 2:00:00 AM,1,PJM-RTO,,,ZONE,,16.78,16.481050,-0.277164,-0.021787,True,1
9/5/2025 7:00:00 AM,9/5/2025 3:00:00 AM,1,PJM-RTO,,,ZONE,,15.70,15.190892,-0.498176,-0.010931,True,1
9/5/2025 8:00:00 AM,9/5/2025 4:00:00 AM,1,PJM-RTO,,,ZONE,,15.37,15.568054,0.196242,0.001811,True,1
9/5/2025 9:00:00 AM,9/5/2025 5:00:00 AM,1,PJM-RTO,,,ZONE,,17.90,17.597917,-0.301318,-0.000765,True,1
9/5/2025 10:00:00 AM,9/5/2025 6:00:00 AM,1,PJM-RTO,,,ZONE,,25.55,25.840440,0.253209,0.037231,True,1
9/5/2025 11:00:00 AM,9/5/2025 7:00:00 AM,1,PJM-RTO,,,ZONE,,26.75,27.932488,1.037978,0.144510,True,1
9/5/2025 12:00:00 PM,9/5/2025 8:00:00 AM,1,PJM-RTO,,,ZONE,,22.37,23.553820,1.087099,0.096721,True,1
9/5/2025 1:00:00 PM,9/5/2025 9:00:00 AM,1,PJM-RTO,,,ZONE,,21.45,22.217314,0.695872,0.071442,True,1
9/5/2025 2:00:00 PM,9/5/2025 10:00:00 AM,1,PJM-RTO,,,ZONE,,23.56,23.594787,-0.024713,0.059500,True,1
9/5/2025 3:00:00 PM,9/5/2025 11:00:00 AM,1,PJM-RTO,,,ZONE,,27.36,26.541278,-0.902926,0.084204,True,1
9/5/2025 4:00:00 PM,9/5/2025 12:00:00 PM,1,PJM-RTO,,,ZONE,,34.66,31.159456,-3.665369,0.164826,True,1
9/5/2025 5:00:00 PM,9/5/2025 1:00:00 PM,1,PJM-RTO,,,ZONE,,38.60,36.044396,-2.861602,0.305998,True,1
9/5/2025 6:00:00 PM,9/5/2025 2:00:00 PM,1,PJM-RTO,,,ZONE,,41.30,40.174364,-1.544719,0.419083,True,1
9/5/2025 7:00:00 PM,9/5/2025 3:00:00 PM,1,PJM-RTO,,,ZONE,,47.81,46.542755,-1.834017,0.566771,True,1
9/5/2025 8:00:00 PM,9/5/2025 4:00:00 PM,1,PJM-RTO,,,ZONE,,55.17,57.096083,1.181190,0.744892,True,1
9/5/2025 9:00:00 PM,9/5/2025 5:00:00 PM,1,PJM-RTO,,,ZONE,,64.32,70.943664,5.489470,1.134194,True,1
9/5/2025 10:00:00 PM,9/5/2025 6:00:00 PM,1,PJM-RTO,,,ZONE,,74.56,80.618463,4.892681,1.165782,True,1
9/5/2025 11:00:00 PM,9/5/2025 7:00:00 PM,1,PJM-RTO,,,ZONE,,69.26,73.830244,3.712243,0.858000,True,1
9/6/2025 12:00:00 AM,9/5/2025 8:00:00 PM,1,PJM-RTO,,,ZONE,,50.77,52.752443,1.588652,0.393792,True,1
9/6/2025 1:00:00 AM,9/5/2025 9:00:00 PM,1,PJM-RTO,,,ZONE,,39.38,41.479987,1.831798,0.268189,True,1
9/6/2025 2:00:00 AM,9/5/2025 10:00:00 PM,1,PJM-RTO,,,ZONE,,34.33,35.506698,0.970383,0.206315,True,1
9/6/2025 3:00:00 AM,9/5/2025 11:00:00 PM,1,PJM-RTO,,,ZONE,,27.55,28.432899,0.769438,0.113460,True,1
9/6/2025 4:00:00 AM,9/6/2025 12:00:00 AM,1,PJM-RTO,,,ZONE,,35.47,36.875090,1.461904,-0.056814,True,1
9/6/2025 5:00:00 AM,9/6/2025 1:00:00 AM,1,PJM-RTO,,,ZONE,,33.09,34.526699,1.508238,-0.071539,True,1
9/6/2025 6:00:00 AM,9/6/2025 2:00:00 AM,1,PJM-RTO,,,ZONE,,28.41,29.724350,1.405470,-0.091120,True,1
9/6/2025 7:00:00 AM,9/6/2025 3:00:00 AM,1,PJM-RTO,,,ZONE,,26.01,27.832698,1.893190,-0.070492,True,1
9/6/2025 8:00:00 AM,9/6/2025 4:00:00 AM,1,PJM-RTO,,,ZONE,,25.84,27.573979,1.812029,-0.078050,True,1
9/6/2025 9:00:00 AM,9/6/2025 5:00:00 AM,1,PJM-RTO,,,ZONE,,26.91,28.444064,1.568772,-0.034709,True,1
9/6/2025 10:00:00 AM,9/6/2025 6:00:00 AM,1,PJM-RTO,,,ZONE,,26.99,28.582428,1.571636,0.020792,True,1
9/6/2025 11:00:00 AM,9/6/2025 7:00:00 AM,1,PJM-RTO,,,ZONE,,27.10,28.609420,1.426010,0.083411,True,1
9/6/2025 12:00:00 PM,9/6/2025 8:00:00 AM,1,PJM-RTO,,,ZONE,,27.23,28.632908,1.251586,0.151323,True,1
9/6/2025 1:00:00 PM,9/6/2025 9:00:00 AM,1,PJM-RTO,,,ZONE,,30.01,30.692536,0.620078,0.062457,True,1
9/6/2025 2:00:00 PM,9/6/2025 10:00:00 AM,1,PJM-RTO,,,ZONE,,33.52,32.863803,-0.818632,0.162435,True,1
9/6/2025 3:00:00 PM,9/6/2025 11:00:00 AM,1,PJM-RTO,,,ZONE,,41.73,39.328427,-2.729357,0.327784,True,1
9/6/2025 4:00:00 PM,9/6/2025 12:00:00 PM,1,PJM-RTO,,,ZONE,,46.12,42.296367,-4.205315,0.381682,True,1
9/6/2025 5:00:00 PM,9/6/2025 1:00:00 PM,1,PJM-RTO,,,ZONE,,59.39,52.058845,-7.997731,0.666576,True,1
9/6/2025 6:00:00 PM,9/6/2025 2:00:00 PM,1,PJM-RTO,,,ZONE,,65.26,57.709457,-8.521041,0.970498,True,1
9/6/2025 7:00:00 PM,9/6/2025 3:00:00 PM,1,PJM-RTO,,,ZONE,,62.16,59.971798,-3.205242,1.017040,True,1
9/6/2025 8:00:00 PM,9/6/2025 4:00:00 PM,1,PJM-RTO,,,ZONE,,52.31,53.864671,0.639659,0.915012,True,1
9/6/2025 9:00:00 PM,9/6/2025 5:00:00 PM,1,PJM-RTO,,,ZONE,,48.64,50.946068,1.434560,0.871508,True,1
9/6/2025 10:00:00 PM,9/6/2025 6:00:00 PM,1,PJM-RTO,,,ZONE,,46.12,49.066073,2.218650,0.727423,True,1
9/6/2025 11:00:00 PM,9/6/2025 7:00:00 PM,1,PJM-RTO,,,ZONE,,48.19,50.765956,2.213998,0.361958,True,1
9/7/2025 12:00:00 AM,9/6/2025 8:00:00 PM,1,PJM-RTO,,,ZONE,,40.85,41.806569,0.853618,0.102951,True,1
9/7/2025 1:00:00 AM,9/6/2025 9:00:00 PM,1,PJM-RTO,,,ZONE,,32.84,33.734312,0.611900,0.282412,True,1
9/7/2025 2:00:00 AM,9/6/2025 10:00:00 PM,1,PJM-RTO,,,ZONE,,29.01,29.447865,0.289040,0.148825,True,1
9/7/2025 3:00:00 AM,9/6/2025 11:00:00 PM,1,PJM-RTO,,,ZONE,,25.98,26.141406,-0.065863,0.227269,True,1
9/7/2025 4:00:00 AM,9/7/2025 12:00:00 AM,1,PJM-RTO,,,ZONE,,25.66,26.304529,0.524480,0.120048,True,1
9/7/2025 5:00:00 AM,9/7/2025 1:00:00 AM,1,PJM-RTO,,,ZONE,,23.96,24.407218,0.383213,0.064005,True,1
9/7/2025 6:00:00 AM,9/7/2025 2:00:00 AM,1,PJM-RTO,,,ZONE,,20.95,21.350556,0.329169,0.071387,True,1
9/7/2025 7:00:00 AM,9/7/2025 3:00:00 AM,1,PJM-RTO,,,ZONE,,19.63,20.258359,0.557388,0.070970,True,1
9/7/2025 8:00:00 AM,9/7/2025 4:00:00 AM,1,PJM-RTO,,,ZONE,,18.79,19.247305,0.393551,0.063755,True,1
9/7/2025 9:00:00 AM,9/7/2025 5:00:00 AM,1,PJM-RTO,,,ZONE,,19.26,19.681186,0.384767,0.036419,True,1
9/7/2025 10:00:00 AM,9/7/2025 6:00:00 AM,1,PJM-RTO,,,ZONE,,19.34,19.820009,0.439145,0.040864,True,1
9/7/2025 11:00:00 AM,9/7/2025 7:00:00 AM,1,PJM-RTO,,,ZONE,,19.31,19.895250,0.487428,0.097822,True,1
9/7/2025 12:00:00 PM,9/7/2025 8:00:00 AM,1,PJM-RTO,,,ZONE,,19.64,20.114935,0.374951,0.099984,True,1
9/7/2025 1:00:00 PM,9/7/2025 9:00:00 AM,1,PJM-RTO,,,ZONE,,19.23,19.660421,0.347649,0.082772,True,1
9/7/2025 2:00:00 PM,9/7/2025 10:00:00 AM,1,PJM-RTO,,,ZONE,,19.59,20.135733,0.526067,0.019666,True,1
9/7/2025 3:00:00 PM,9/7/2025 11:00:00 AM,1,PJM-RTO,,,ZONE,,19.11,19.955618,0.697451,0.148167,True,1
9/7/2025 4:00:00 PM,9/7/2025 12:00:00 PM,1,PJM-RTO,,,ZONE,,18.89,19.859757,0.853084,0.116674,True,1
9/7/2025 5:00:00 PM,9/7/2025 1:00:00 PM,1,PJM-RTO,,,ZONE,,18.74,19.994996,1.150138,0.104859,True,1
9/7/2025 6:00:00 PM,9/7/2025 2:00:00 PM,1,PJM-RTO,,,ZONE,,18.88,19.910512,0.935826,0.094686,True,1
9/7/2025 7:00:00 PM,9/7/2025 3:00:00 PM,1,PJM-RTO,,,ZONE,,19.54,20.520301,0.862995,0.117306,True,1
9/7/2025 8:00:00 PM,9/7/2025 4:00:00 PM,1,PJM-RTO,,,ZONE,,22.03,23.194809,1.013036,0.151773,True,1
9/7/2025 9:00:00 PM,9/7/2025 5:00:00 PM,1,PJM-RTO,,,ZONE,,25.60,26.980903,1.106901,0.274003,True,1
9/7/2025 10:00:00 PM,9/7/2025 6:00:00 PM,1,PJM-RTO,,,ZONE,,33.72,35.051767,1.104422,0.227345,True,1
9/7/2025 11:00:00 PM,9/7/2025 7:00:00 PM,1,PJM-RTO,,,ZONE,,45.00,46.824178,1.701290,0.122888,True,1
9/8/2025 12:00:00 AM,9/7/2025 8:00:00 PM,1,PJM-RTO,,,ZONE,,39.49,40.835763,1.214814,0.130948,True,1
9/8/2025 1:00:00 AM,9/7/2025 9:00:00 PM,1,PJM-RTO,,,ZONE,,27.46,28.590173,1.057312,0.072861,True,1
9/8/2025 2:00:00 AM,9/7/2025 10:00:00 PM,1,PJM-RTO,,,ZONE,,26.20,26.676367,0.446985,0.029381,True,1
9/8/2025 3:00:00 AM,9/7/2025 11:00:00 PM,1,PJM-RTO,,,ZONE,,21.27,21.908479,0.604529,0.033949,True,1
9/8/2025 4:00:00 AM,9/8/2025 12:00:00 AM,1,PJM-RTO,,,ZONE,,20.42,20.354506,-0.112035,0.046540,True,1
9/8/2025 5:00:00 AM,9/8/2025 1:00:00 AM,1,PJM-RTO,,,ZONE,,19.78,19.583232,-0.182616,-0.014152,True,1
9/8/2025 6:00:00 AM,9/8/2025 2:00:00 AM,1,PJM-RTO,,,ZONE,,18.04,17.753498,-0.300786,0.014284,True,1
9/8/2025 7:00:00 AM,9/8/2025 3:00:00 AM,1,PJM-RTO,,,ZONE,,17.42,17.193274,-0.215510,-0.011216,True,1
9/8/2025 8:00:00 AM,9/8/2025 4:00:00 AM,1,PJM-RTO,,,ZONE,,18.34,18.326444,0.012730,-0.026286,True,1
9/8/2025 9:00:00 AM,9/8/2025 5:00:00 AM,1,PJM-RTO,,,ZONE,,23.73,24.260321,0.543345,-0.013025,True,1
9/8/2025 10:00:00 AM,9/8/2025 6:00:00 AM,1,PJM-RTO,,,ZONE,,40.19,40.880180,0.640623,0.049558,True,1
9/8/2025 11:00:00 AM,9/8/2025 7:00:00 AM,1,PJM-RTO,,,ZONE,,36.84,37.293822,0.406597,0.047225,True,1
9/8/2025 12:00:00 PM,9/8/2025 8:00:00 AM,1,PJM-RTO,,,ZONE,,22.10,22.908486,0.757747,0.050739,True,1
9/8/2025 1:00:00 PM,9/8/2025 9:00:00 AM,1,PJM-RTO,,,ZONE,,20.30,21.531809,1.162497,0.069313,True,1
9/8/2025 2:00:00 PM,9/8/2025 10:00:00 AM,1,PJM-RTO,,,ZONE,,21.48,23.085646,1.500138,0.105508,True,1
9/8/2025 3:00:00 PM,9/8/2025 11:00:00 AM,1,PJM-RTO,,,ZONE,,21.58,23.168929,1.513798,0.075132,True,1
9/8/2025 4:00:00 PM,9/8/2025 12:00:00 PM,1,PJM-RTO,,,ZONE,,22.43,23.128224,0.628143,0.070081,True,1
9/8/2025 5:00:00 PM,9/8/2025 1:00:00 PM,1,PJM-RTO,,,ZONE,,23.24,23.745943,0.448316,0.057627,True,1
9/8/2025 6:00:00 PM,9/8/2025 2:00:00 PM,1,PJM-RTO,,,ZONE,,22.63,23.118533,0.424489,0.064043,True,1
9/8/2025 7:00:00 PM,9/8/2025 3:00:00 PM,1,PJM-RTO,,,ZONE,,23.12,23.547546,0.345891,0.081655,True,1
9/8/2025 8:00:00 PM,9/8/2025 4:00:00 PM,1,PJM-RTO,,,ZONE,,26.75,28.291767,1.481076,0.060692,True,1
9/8/2025 9:00:00 PM,9/8/2025 5:00:00 PM,1,PJM-RTO,,,ZONE,,32.30,33.321618,0.959006,0.062612,True,1
9/8/2025 10:00:00 PM,9/8/2025 6:00:00 PM,1,PJM-RTO,,,ZONE,,44.87,46.537968,1.609628,0.058341,True,1
9/8/2025 11:00:00 PM,9/8/2025 7:00:00 PM,1,PJM-RTO,,,ZONE,,58.78,60.751143,1.836614,0.134529,True,1
9/9/2025 12:00:00 AM,9/8/2025 8:00:00 PM,1,PJM-RTO,,,ZONE,,46.58,47.391229,0.751488,0.059741,True,1
9/9/2025 1:00:00 AM,9/8/2025 9:00:00 PM,1,PJM-RTO,,,ZONE,,35.17,35.656710,0.473016,0.013694,True,1
9/9/2025 2:00:00 AM,9/8/2025 10:00:00 PM,1,PJM-RTO,,,ZONE,,31.07,31.116007,0.041331,0.004676,True,1
9/9/2025 3:00:00 AM,9/8/2025 11:00:00 PM,1,PJM-RTO,,,ZONE,,23.54,23.707222,0.210250,-0.043028,True,1
9/9/2025 4:00:00 AM,9/9/2025 12:00:00 AM,1,PJM-RTO,,,ZONE,,19.91,19.912842,-0.006243,0.009085,True,1
9/9/2025 5:00:00 AM,9/9/2025 1:00:00 AM,1,PJM-RTO,,,ZONE,,18.39,18.076492,-0.257954,-0.055553,True,1
9/9/2025 6:00:00 AM,9/9/2025 2:00:00 AM,1,PJM-RTO,,,ZONE,,16.48,16.264635,-0.194814,-0.020551,True,1
9/9/2025 7:00:00 AM,9/9/2025 3:00:00 AM,1,PJM-RTO,,,ZONE,,16.25,15.912029,-0.316042,-0.021929,True,1
9/9/2025 8:00:00 AM,9/9/2025 4:00:00 AM,1,PJM-RTO,,,ZONE,,17.00,16.555120,-0.403713,-0.041167,True,1
9/9/2025 9:00:00 AM,9/9/2025 5:00:00 AM,1,PJM-RTO,,,ZONE,,20.63,20.352651,-0.258058,-0.019291,True,1
9/9/2025 10:00:00 AM,9/9/2025 6:00:00 AM,1,PJM-RTO,,,ZONE,,35.03,35.282194,0.257384,-0.005190,True,1
9/9/2025 11:00:00 AM,9/9/2025 7:00:00 AM,1,PJM-RTO,,,ZONE,,34.38,34.492691,0.026892,0.085799,True,1
9/9/2025 12:00:00 PM,9/9/2025 8:00:00 AM,1,PJM-RTO,,,ZONE,,21.12,21.904353,0.713389,0.070964,True,1
9/9/2025 1:00:00 PM,9/9/2025 9:00:00 AM,1,PJM-RTO,,,ZONE,,19.27,20.212093,0.862398,0.079695,True,1
9/9/2025 2:00:00 PM,9/9/2025 10:00:00 AM,1,PJM-RTO,,,ZONE,,22.93,23.986482,0.989564,0.066917,True,1
9/9/2025 3:00:00 PM,9/9/2025 11:00:00 AM,1,PJM-RTO,,,ZONE,,23.10,24.089962,0.946383,0.043579,True,1
9/9/2025 4:00:00 PM,9/9/2025 12:00:00 PM,1,PJM-RTO,,,ZONE,,24.66,25.648282,0.935050,0.053232,True,1
9/9/2025 5:00:00 PM,9/9/2025 1:00:00 PM,1,PJM-RTO,,,ZONE,,27.02,27.968572,0.887431,0.061141,True,1
9/9/2025 6:00:00 PM,9/9/2025 2:00:00 PM,1,PJM-RTO,,,ZONE,,27.52,28.090664,0.490267,0.080397,True,1
9/9/2025 7:00:00 PM,9/9/2025 3:00:00 PM,1,PJM-RTO,,,ZONE,,28.83,28.918923,-0.034935,0.123857,True,1
9/9/2025 8:00:00 PM,9/9/2025 4:00:00 PM,1,PJM-RTO,,,ZONE,,32.38,31.973904,-0.590947,0.184850,True,1
9/9/2025 9:00:00 PM,9/9/2025 5:00:00 PM,1,PJM-RTO,,,ZONE,,36.35,36.316902,-0.259942,0.226844,True,1
9/9/2025 10:00:00 PM,9/9/2025 6:00:00 PM,1,PJM-RTO,,,ZONE,,54.47,55.486230,0.824833,0.191397,True,1
9/9/2025 11:00:00 PM,9/9/2025 7:00:00 PM,1,PJM-RTO,,,ZONE,,61.47,63.820122,2.206319,0.143803,True,1
9/10/2025 12:00:00 AM,9/9/2025 8:00:00 PM,1,PJM-RTO,,,ZONE,,48.88,50.398695,1.438859,0.079836,True,1
9/10/2025 1:00:00 AM,9/9/2025 9:00:00 PM,1,PJM-RTO,,,ZONE,,36.71,38.155289,1.435669,0.009619,True,1
9/10/2025 2:00:00 AM,9/9/2025 10:00:00 PM,1,PJM-RTO,,,ZONE,,30.40,31.202862,0.800242,0.002619,True,1
9/10/2025 3:00:00 AM,9/9/2025 11:00:00 PM,1,PJM-RTO,,,ZONE,,23.97,24.516702,0.526174,0.020528,True,1
9/10/2025 4:00:00 AM,9/10/2025 12:00:00 AM,1,PJM-RTO,,,ZONE,,21.74,21.868012,0.123549,0.004463,True,1
9/10/2025 5:00:00 AM,9/10/2025 1:00:00 AM,1,PJM-RTO,,,ZONE,,22.96,23.123116,0.176253,-0.013136,True,1
9/10/2025 6:00:00 AM,9/10/2025 2:00:00 AM,1,PJM-RTO,,,ZONE,,20.76,21.431823,0.672692,-0.000869,True,1
9/10/2025 7:00:00 AM,9/10/2025 3:00:00 AM,1,PJM-RTO,,,ZONE,,20.02,21.072401,1.038793,0.013608,True,1
9/10/2025 8:00:00 AM,9/10/2025 4:00:00 AM,1,PJM-RTO,,,ZONE,,21.09,21.552356,0.479833,-0.017477,True,1
9/10/2025 9:00:00 AM,9/10/2025 5:00:00 AM,1,PJM-RTO,,,ZONE,,28.24,28.403871,0.269450,-0.105579,True,1
9/10/2025 10:00:00 AM,9/10/2025 6:00:00 AM,1,PJM-RTO,,,ZONE,,39.02,38.920453,0.139081,-0.238627,True,1
9/10/2025 11:00:00 AM,9/10/2025 7:00:00 AM,1,PJM-RTO,,,ZONE,,44.63,44.551294,0.122040,-0.200747,True,1
9/10/2025 12:00:00 PM,9/10/2025 8:00:00 AM,1,PJM-RTO,,,ZONE,,32.72,32.938399,0.230017,-0.011618,True,1
9/10/2025 1:00:00 PM,9/10/2025 9:00:00 AM,1,PJM-RTO,,,ZONE,,30.24,30.622088,0.415495,-0.033407,True,1
9/10/2025 2:00:00 PM,9/10/2025 10:00:00 AM,1,PJM-RTO,,,ZONE,,32.12,32.112725,0.013327,-0.020602,True,1
9/10/2025 3:00:00 PM,9/10/2025 11:00:00 AM,1,PJM-RTO,,,ZONE,,31.34,31.585690,0.234092,0.011598,True,1
9/10/2025 4:00:00 PM,9/10/2025 12:00:00 PM,1,PJM-RTO,,,ZONE,,30.79,31.298242,0.489377,0.018866,True,1
9/10/2025 5:00:00 PM,9/10/2025 1:00:00 PM,1,PJM-RTO,,,ZONE,,36.61,37.077196,0.513105,-0.045910,True,1
9/10/2025 6:00:00 PM,9/10/2025 2:00:00 PM,1,PJM-RTO,,,ZONE,,36.97,38.421608,1.438393,0.013215,True,1
9/10/2025 7:00:00 PM,9/10/2025 3:00:00 PM,1,PJM-RTO,,,ZONE,,38.76,41.363645,2.600018,0.003626,True,1
9/10/2025 8:00:00 PM,9/10/2025 4:00:00 PM,1,PJM-RTO,,,ZONE,,39.52,41.290436,1.697329,0.073107,True,1
9/10/2025 9:00:00 PM,9/10/2025 5:00:00 PM,1,PJM-RTO,,,ZONE,,45.34,47.935350,2.553554,0.041796,True,1
9/10/2025 10:00:00 PM,9/10/2025 6:00:00 PM,1,PJM-RTO,,,ZONE,,54.69,57.064560,2.284287,0.090273,True,1
9/10/2025 11:00:00 PM,9/10/2025 7:00:00 PM,1,PJM-RTO,,,ZONE,,66.11,69.860300,3.670651,0.079649,True,1
9/11/2025 12:00:00 AM,9/10/2025 8:00:00 PM,1,PJM-RTO,,,ZONE,,55.33,57.667581,2.264237,0.073345,True,1
9/11/2025 1:00:00 AM,9/10/2025 9:00:00 PM,1,PJM-RTO,,,ZONE,,41.40,43.597369,2.210493,-0.013124,True,1
9/11/2025 2:00:00 AM,9/10/2025 10:00:00 PM,1,PJM-RTO,,,ZONE,,34.98,35.733232,0.824841,-0.071609,True,1
9/11/2025 3:00:00 AM,9/10/2025 11:00:00 PM,1,PJM-RTO,,,ZONE,,30.09,30.603337,0.601340,-0.088002,True,1
9/11/2025 4:00:00 AM,9/11/2025 12:00:00 AM,1,PJM-RTO,,,ZONE,,25.72,25.828081,0.153254,-0.045173,True,1
9/11/2025 5:00:00 AM,9/11/2025 1:00:00 AM,1,PJM-RTO,,,ZONE,,22.30,22.322707,0.037721,-0.015015,True,1
9/11/2025 6:00:00 AM,9/11/2025 2:00:00 AM,1,PJM-RTO,,,ZONE,,20.45,20.285318,-0.086889,-0.077793,True,1
9/11/2025 7:00:00 AM,9/11/2025 3:00:00 AM,1,PJM-RTO,,,ZONE,,19.29,19.254320,0.013733,-0.049413,True,1
9/11/2025 8:00:00 AM,9/11/2025 4:00:00 AM,1,PJM-RTO,,,ZONE,,20.14,20.160079,0.067656,-0.047577,True,1
9/11/2025 9:00:00 AM,9/11/2025 5:00:00 AM,1,PJM-RTO,,,ZONE,,25.32,25.436071,0.152370,-0.036299,True,1
9/11/2025 10:00:00 AM,9/11/2025 6:00:00 AM,1,PJM-RTO,,,ZONE,,34.45,35.131023,0.705298,-0.024275,True,1
9/11/2025 11:00:00 AM,9/11/2025 7:00:00 AM,1,PJM-RTO,,,ZONE,,34.60,34.868484,0.383534,-0.115050,True,1
9/11/2025 12:00:00 PM,9/11/2025 8:00:00 AM,1,PJM-RTO,,,ZONE,,26.82,27.017289,0.152532,0.044756,True,1
9/11/2025 1:00:00 PM,9/11/2025 9:00:00 AM,1,PJM-RTO,,,ZONE,,22.45,22.673445,0.156219,0.067227,True,1
9/11/2025 2:00:00 PM,9/11/2025 10:00:00 AM,1,PJM-RTO,,,ZONE,,25.37,25.803334,0.366841,0.066493,True,1
9/11/2025 3:00:00 PM,9/11/2025 11:00:00 AM,1,PJM-RTO,,,ZONE,,26.55,27.292516,0.676287,0.066229,True,1
9/11/2025 4:00:00 PM,9/11/2025 12:00:00 PM,1,PJM-RTO,,,ZONE,,28.76,29.349169,0.539725,0.049444,True,1
9/11/2025 5:00:00 PM,9/11/2025 1:00:00 PM,1,PJM-RTO,,,ZONE,,33.09,33.936627,0.818743,0.027883,True,1
9/11/2025 6:00:00 PM,9/11/2025 2:00:00 PM,1,PJM-RTO,,,ZONE,,35.48,36.104863,0.596119,0.028744,True,1
9/11/2025 7:00:00 PM,9/11/2025 3:00:00 PM,1,PJM-RTO,,,ZONE,,38.39,38.724005,0.310409,0.023595,True,1
9/11/2025 8:00:00 PM,9/11/2025 4:00:00 PM,1,PJM-RTO,,,ZONE,,42.74,43.587246,0.847019,0.000227,True,1
9/11/2025 9:00:00 PM,9/11/2025 5:00:00 PM,1,PJM-RTO,,,ZONE,,55.97,56.547298,0.533949,0.043350,True,1
9/11/2025 10:00:00 PM,9/11/2025 6:00:00 PM,1,PJM-RTO,,,ZONE,,63.85,64.825204,0.951139,0.024065,True,1
9/11/2025 11:00:00 PM,9/11/2025 7:00:00 PM,1,PJM-RTO,,,ZONE,,62.15,63.992043,1.749443,0.092600,True,1
9/12/2025 12:00:00 AM,9/11/2025 8:00:00 PM,1,PJM-RTO,,,ZONE,,45.23,46.395173,1.090093,0.075080,True,1
9/12/2025 1:00:00 AM,9/11/2025 9:00:00 PM,1,PJM-RTO,,,ZONE,,35.36,36.469429,1.011351,0.098078,True,1
9/12/2025 2:00:00 AM,9/11/2025 10:00:00 PM,1,PJM-RTO,,,ZONE,,32.48,33.384720,0.840655,0.064065,True,1
9/12/2025 3:00:00 AM,9/11/2025 11:00:00 PM,1,PJM-RTO,,,ZONE,,27.21,27.668099,0.389505,0.068594,True,1
9/12/2025 4:00:00 AM,9/12/2025 12:00:00 AM,1,PJM-RTO,,,ZONE,,24.69,24.673104,-0.010723,-0.006174,True,1
9/12/2025 5:00:00 AM,9/12/2025 1:00:00 AM,1,PJM-RTO,,,ZONE,,21.69,21.638512,-0.063825,0.012337,True,1
9/12/2025 6:00:00 AM,9/12/2025 2:00:00 AM,1,PJM-RTO,,,ZONE,,19.50,19.435396,-0.040868,-0.023736,True,1
9/12/2025 7:00:00 AM,9/12/2025 3:00:00 AM,1,PJM-RTO,,,ZONE,,18.47,18.379817,-0.089109,-0.001074,True,1
9/12/2025 8:00:00 AM,9/12/2025 4:00:00 AM,1,PJM-RTO,,,ZONE,,19.29,19.128975,-0.149588,-0.011436,True,1
9/12/2025 9:00:00 AM,9/12/2025 5:00:00 AM,1,PJM-RTO,,,ZONE,,23.34,23.514069,0.142954,0.031114,True,1
9/12/2025 10:00:00 AM,9/12/2025 6:00:00 AM,1,PJM-RTO,,,ZONE,,30.19,30.375720,0.194049,-0.008329,True,1
9/12/2025 11:00:00 AM,9/12/2025 7:00:00 AM,1,PJM-RTO,,,ZONE,,31.55,31.826600,0.216100,0.060501,True,1
9/12/2025 12:00:00 PM,9/12/2025 8:00:00 AM,1,PJM-RTO,,,ZONE,,22.83,23.322332,0.380252,0.112080,True,1
9/12/2025 1:00:00 PM,9/12/2025 9:00:00 AM,1,PJM-RTO,,,ZONE,,20.60,21.044914,0.334933,0.109981,True,1
9/12/2025 2:00:00 PM,9/12/2025 10:00:00 AM,1,PJM-RTO,,,ZONE,,25.38,25.943203,0.445375,0.117828,True,1
9/12/2025 3:00:00 PM,9/12/2025 11:00:00 AM,1,PJM-RTO,,,ZONE,,28.53,28.907018,0.254780,0.122238,True,1
9/12/2025 4:00:00 PM,9/12/2025 12:00:00 PM,1,PJM-RTO,,,ZONE,,31.81,32.679673,0.719234,0.150439,True,1
9/12/2025 5:00:00 PM,9/12/2025 1:00:00 PM,1,PJM-RTO,,,ZONE,,38.06,38.996360,0.766781,0.169579,True,1
9/12/2025 6:00:00 PM,9/12/2025 2:00:00 PM,1,PJM-RTO,,,ZONE,,39.77,40.859216,0.905664,0.183552,True,1
9/12/2025 7:00:00 PM,9/12/2025 3:00:00 PM,1,PJM-RTO,,,ZONE,,41.23,43.147596,1.720158,0.197438,True,1
9/12/2025 8:00:00 PM,9/12/2025 4:00:00 PM,1,PJM-RTO,,,ZONE,,45.07,47.139944,1.829229,0.240715,True,1
9/12/2025 9:00:00 PM,9/12/2025 5:00:00 PM,1,PJM-RTO,,,ZONE,,55.27,57.835046,2.295903,0.269144,True,1
9/12/2025 10:00:00 PM,9/12/2025 6:00:00 PM,1,PJM-RTO,,,ZONE,,73.95,78.101037,3.930263,0.220774,True,1
9/12/2025 11:00:00 PM,9/12/2025 7:00:00 PM,1,PJM-RTO,,,ZONE,,71.55,75.379671,3.655062,0.174608,True,1
9/13/2025 12:00:00 AM,9/12/2025 8:00:00 PM,1,PJM-RTO,,,ZONE,,47.93,49.762180,1.679681,0.152499,True,1
9/13/2025 1:00:00 AM,9/12/2025 9:00:00 PM,1,PJM-RTO,,,ZONE,,37.86,38.996801,1.108715,0.028085,True,1
9/13/2025 2:00:00 AM,9/12/2025 10:00:00 PM,1,PJM-RTO,,,ZONE,,34.13,34.614212,0.514375,-0.030162,True,1
9/13/2025 3:00:00 AM,9/12/2025 11:00:00 PM,1,PJM-RTO,,,ZONE,,27.73,27.790192,0.078110,-0.017918,True,1
9/13/2025 4:00:00 AM,9/13/2025 12:00:00 AM,1,PJM-RTO,,,ZONE,,24.46,24.079058,-0.359141,-0.021801,True,1
9/13/2025 5:00:00 AM,9/13/2025 1:00:00 AM,1,PJM-RTO,,,ZONE,,22.31,21.747189,-0.487441,-0.075369,True,1
9/13/2025 6:00:00 AM,9/13/2025 2:00:00 AM,1,PJM-RTO,,,ZONE,,20.30,19.812460,-0.436851,-0.050689,True,1
9/13/2025 7:00:00 AM,9/13/2025 3:00:00 AM,1,PJM-RTO,,,ZONE,,18.31,18.084669,-0.189981,-0.035350,True,1
9/13/2025 8:00:00 AM,9/13/2025 4:00:00 AM,1,PJM-RTO,,,ZONE,,17.97,17.714643,-0.205300,-0.050058,True,1
9/13/2025 9:00:00 AM,9/13/2025 5:00:00 AM,1,PJM-RTO,,,ZONE,,19.64,19.487124,-0.079954,-0.072922,True,1
9/13/2025 10:00:00 AM,9/13/2025 6:00:00 AM,1,PJM-RTO,,,ZONE,,21.25,20.879235,-0.261435,-0.109330,True,1
9/13/2025 11:00:00 AM,9/13/2025 7:00:00 AM,1,PJM-RTO,,,ZONE,,20.72,20.517930,-0.140808,-0.061262,True,1
9/13/2025 12:00:00 PM,9/13/2025 8:00:00 AM,1,PJM-RTO,,,ZONE,,18.23,18.204988,-0.018278,-0.006734,True,1
9/13/2025 1:00:00 PM,9/13/2025 9:00:00 AM,1,PJM-RTO,,,ZONE,,17.46,17.445626,0.012891,-0.027265,True,1
9/13/2025 2:00:00 PM,9/13/2025 10:00:00 AM,1,PJM-RTO,,,ZONE,,20.50,20.567158,0.072192,-0.005034,True,1
9/13/2025 3:00:00 PM,9/13/2025 11:00:00 AM,1,PJM-RTO,,,ZONE,,23.33,23.485352,0.123398,0.031954,True,1
9/13/2025 4:00:00 PM,9/13/2025 12:00:00 PM,1,PJM-RTO,,,ZONE,,26.07,26.431733,0.282277,0.079455,True,1
9/13/2025 5:00:00 PM,9/13/2025 1:00:00 PM,1,PJM-RTO,,,ZONE,,28.85,29.430386,0.525054,0.055333,True,1
9/13/2025 6:00:00 PM,9/13/2025 2:00:00 PM,1,PJM-RTO,,,ZONE,,32.51,33.648471,1.037117,0.101354,True,1
9/13/2025 7:00:00 PM,9/13/2025 3:00:00 PM,1,PJM-RTO,,,ZONE,,34.58,35.811041,1.150106,0.080935,True,1
9/13/2025 8:00:00 PM,9/13/2025 4:00:00 PM,1,PJM-RTO,,,ZONE,,39.26,40.323273,0.930058,0.133215,True,1
9/13/2025 9:00:00 PM,9/13/2025 5:00:00 PM,1,PJM-RTO,,,ZONE,,45.16,46.281747,0.947213,0.174533,True,1
9/13/2025 10:00:00 PM,9/13/2025 6:00:00 PM,1,PJM-RTO,,,ZONE,,57.51,59.534933,1.910945,0.113988,True,1
9/13/2025 11:00:00 PM,9/13/2025 7:00:00 PM,1,PJM-RTO,,,ZONE,,51.96,53.532384,1.479278,0.093105,True,1
9/14/2025 12:00:00 AM,9/13/2025 8:00:00 PM,1,PJM-RTO,,,ZONE,,38.84,39.946000,1.019258,0.086742,True,1
9/14/2025 1:00:00 AM,9/13/2025 9:00:00 PM,1,PJM-RTO,,,ZONE,,34.13,34.622673,0.463093,0.029580,True,1
9/14/2025 2:00:00 AM,9/13/2025 10:00:00 PM,1,PJM-RTO,,,ZONE,,30.63,31.294611,0.644425,0.020186,True,1
9/14/2025 3:00:00 AM,9/13/2025 11:00:00 PM,1,PJM-RTO,,,ZONE,,26.99,27.185817,0.189142,0.006674,True,1
9/14/2025 4:00:00 AM,9/14/2025 12:00:00 AM,1,PJM-RTO,,,ZONE,,21.73,21.682422,0.008670,-0.056248,True,1
9/14/2025 5:00:00 AM,9/14/2025 1:00:00 AM,1,PJM-RTO,,,ZONE,,21.01,21.061255,0.138769,-0.087514,True,1
9/14/2025 6:00:00 AM,9/14/2025 2:00:00 AM,1,PJM-RTO,,,ZONE,,18.92,18.786153,-0.080306,-0.053541,True,1
9/14/2025 7:00:00 AM,9/14/2025 3:00:00 AM,1,PJM-RTO,,,ZONE,,17.70,17.467909,-0.169890,-0.062200,True,1
9/14/2025 8:00:00 AM,9/14/2025 4:00:00 AM,1,PJM-RTO,,,ZONE,,16.95,16.712450,-0.162828,-0.074722,True,1
9/14/2025 9:00:00 AM,9/14/2025 5:00:00 AM,1,PJM-RTO,,,ZONE,,16.39,16.185445,-0.121315,-0.083240,True,1
9/14/2025 10:00:00 AM,9/14/2025 6:00:00 AM,1,PJM-RTO,,,ZONE,,17.74,17.526778,-0.122544,-0.090678,True,1
9/14/2025 11:00:00 AM,9/14/2025 7:00:00 AM,1,PJM-RTO,,,ZONE,,17.79,17.817486,0.075977,-0.048491,True,1
9/14/2025 12:00:00 PM,9/14/2025 8:00:00 AM,1,PJM-RTO,,,ZONE,,16.58,16.710149,0.137588,-0.007439,True,1
9/14/2025 1:00:00 PM,9/14/2025 9:00:00 AM,1,PJM-RTO,,,ZONE,,17.63,18.423291,0.796979,-0.003688,True,1
9/14/2025 2:00:00 PM,9/14/2025 10:00:00 AM,1,PJM-RTO,,,ZONE,,20.55,21.149318,0.597678,0.001641,True,1
9/14/2025 3:00:00 PM,9/14/2025 11:00:00 AM,1,PJM-RTO,,,ZONE,,24.06,24.555208,0.504415,-0.009208,True,1
9/14/2025 4:00:00 PM,9/14/2025 12:00:00 PM,1,PJM-RTO,,,ZONE,,28.06,28.622185,0.605402,-0.043217,True,1
9/14/2025 5:00:00 PM,9/14/2025 1:00:00 PM,1,PJM-RTO,,,ZONE,,33.58,33.907778,0.424669,-0.096891,True,1
9/14/2025 6:00:00 PM,9/14/2025 2:00:00 PM,1,PJM-RTO,,,ZONE,,38.83,39.732441,0.942401,-0.039960,True,1
9/14/2025 7:00:00 PM,9/14/2025 3:00:00 PM,1,PJM-RTO,,,ZONE,,41.63,41.953997,0.405989,-0.081992,True,1
9/14/2025 8:00:00 PM,9/14/2025 4:00:00 PM,1,PJM-RTO,,,ZONE,,43.91,44.100925,0.180899,0.010026,True,1
9/14/2025 9:00:00 PM,9/14/2025 5:00:00 PM,1,PJM-RTO,,,ZONE,,54.89,54.929332,-0.017053,0.056385,True,1
9/14/2025 10:00:00 PM,9/14/2025 6:00:00 PM,1,PJM-RTO,,,ZONE,,71.65,73.265660,1.513675,0.101985,True,1
9/14/2025 11:00:00 PM,9/14/2025 7:00:00 PM,1,PJM-RTO,,,ZONE,,61.83,63.927085,2.021109,0.075976,True,1
9/15/2025 12:00:00 AM,9/14/2025 8:00:00 PM,1,PJM-RTO,,,ZONE,,43.20,43.966059,0.703742,0.062317,True,1
9/15/2025 1:00:00 AM,9/14/2025 9:00:00 PM,1,PJM-RTO,,,ZONE,,36.31,36.559160,0.242738,0.006422,True,1
9/15/2025 2:00:00 AM,9/14/2025 10:00:00 PM,1,PJM-RTO,,,ZONE,,29.85,29.596661,-0.228558,-0.024781,True,1
9/15/2025 3:00:00 AM,9/14/2025 11:00:00 PM,1,PJM-RTO,,,ZONE,,26.96,26.700603,-0.267891,0.008494,True,1
9/15/2025 4:00:00 AM,9/15/2025 12:00:00 AM,1,PJM-RTO,,,ZONE,,25.68,25.719958,0.011298,0.028660,True,1
9/15/2025 5:00:00 AM,9/15/2025 1:00:00 AM,1,PJM-RTO,,,ZONE,,21.19,21.426357,0.235546,0.000811,True,1
9/15/2025 6:00:00 AM,9/15/2025 2:00:00 AM,1,PJM-RTO,,,ZONE,,18.76,19.016169,0.275495,-0.019326,True,1
9/15/2025 7:00:00 AM,9/15/2025 3:00:00 AM,1,PJM-RTO,,,ZONE,,18.36,18.550211,0.192748,-0.002537,True,1
9/15/2025 8:00:00 AM,9/15/2025 4:00:00 AM,1,PJM-RTO,,,ZONE,,19.22,19.451189,0.236277,-0.005087,True,1
9/15/2025 9:00:00 AM,9/15/2025 5:00:00 AM,1,PJM-RTO,,,ZONE,,22.89,23.334594,0.455951,-0.011357,True,1
9/15/2025 10:00:00 AM,9/15/2025 6:00:00 AM,1,PJM-RTO,,,ZONE,,36.23,36.753046,0.541655,-0.018608,True,1
9/15/2025 11:00:00 AM,9/15/2025 7:00:00 AM,1,PJM-RTO,,,ZONE,,36.35,35.707706,-0.558719,-0.083576,True,1
9/15/2025 12:00:00 PM,9/15/2025 8:00:00 AM,1,PJM-RTO,,,ZONE,,30.75,30.381891,-0.382091,0.013982,True,1
9/15/2025 1:00:00 PM,9/15/2025 9:00:00 AM,1,PJM-RTO,,,ZONE,,32.19,31.502505,-0.755506,0.068012,True,1
9/15/2025 2:00:00 PM,9/15/2025 10:00:00 AM,1,PJM-RTO,,,ZONE,,34.95,33.662387,-1.349112,0.061499,True,1
9/15/2025 3:00:00 PM,9/15/2025 11:00:00 AM,1,PJM-RTO,,,ZONE,,38.92,37.513998,-1.456749,0.050746,True,1
9/15/2025 4:00:00 PM,9/15/2025 12:00:00 PM,1,PJM-RTO,,,ZONE,,44.39,42.791752,-1.671104,0.072855,True,1
9/15/2025 5:00:00 PM,9/15/2025 1:00:00 PM,1,PJM-RTO,,,ZONE,,54.03,51.161965,-2.941074,0.073039,True,1
9/15/2025 6:00:00 PM,9/15/2025 2:00:00 PM,1,PJM-RTO,,,ZONE,,53.45,54.277545,0.765058,0.062486,True,1
9/15/2025 7:00:00 PM,9/15/2025 3:00:00 PM,1,PJM-RTO,,,ZONE,,59.17,59.675732,0.547065,-0.041333,True,1
9/15/2025 8:00:00 PM,9/15/2025 4:00:00 PM,1,PJM-RTO,,,ZONE,,67.25,72.142081,4.876164,0.015917,True,1
9/15/2025 9:00:00 PM,9/15/2025 5:00:00 PM,1,PJM-RTO,,,ZONE,,101.02,108.710394,7.552342,0.138052,True,1
9/15/2025 10:00:00 PM,9/15/2025 6:00:00 PM,1,PJM-RTO,,,ZONE,,100.57,109.203953,8.520448,0.113506,True,1
9/15/2025 11:00:00 PM,9/15/2025 7:00:00 PM,1,PJM-RTO,,,ZONE,,74.87,80.707577,5.746357,0.091219,True,1
9/16/2025 12:00:00 AM,9/15/2025 8:00:00 PM,1,PJM-RTO,,,ZONE,,55.41,59.159234,3.688520,0.060715,True,1
9/16/2025 1:00:00 AM,9/15/2025 9:00:00 PM,1,PJM-RTO,,,ZONE,,43.25,45.499727,2.285187,-0.035460,True,1
9/16/2025 2:00:00 AM,9/15/2025 10:00:00 PM,1,PJM-RTO,,,ZONE,,38.47,39.521010,1.106345,-0.055336,True,1
9/16/2025 3:00:00 AM,9/15/2025 11:00:00 PM,1,PJM-RTO,,,ZONE,,31.54,31.931201,0.381312,0.009888,True,1
9/16/2025 4:00:00 AM,9/16/2025 12:00:00 AM,1,PJM-RTO,,,ZONE,,26.82,26.075470,-0.637934,-0.106596,True,1
9/16/2025 5:00:00 AM,9/16/2025 1:00:00 AM,1,PJM-RTO,,,ZONE,,22.68,21.628205,-0.972664,-0.079131,True,1
9/16/2025 6:00:00 AM,9/16/2025 2:00:00 AM,1,PJM-RTO,,,ZONE,,19.67,18.613295,-0.986581,-0.070124,True,1
9/16/2025 7:00:00 AM,9/16/2025 3:00:00 AM,1,PJM-RTO,,,ZONE,,19.11,18.041380,-0.992549,-0.076071,True,1
9/16/2025 8:00:00 AM,9/16/2025 4:00:00 AM,1,PJM-RTO,,,ZONE,,20.18,19.196895,-0.879945,-0.103160,True,1
9/16/2025 9:00:00 AM,9/16/2025 5:00:00 AM,1,PJM-RTO,,,ZONE,,24.50,23.298462,-1.082349,-0.119189,True,1
9/16/2025 10:00:00 AM,9/16/2025 6:00:00 AM,1,PJM-RTO,,,ZONE,,35.28,35.623252,0.401312,-0.058060,True,1
9/16/2025 11:00:00 AM,9/16/2025 7:00:00 AM,1,PJM-RTO,,,ZONE,,38.93,38.972985,0.081889,-0.038904,True,1
9/16/2025 12:00:00 PM,9/16/2025 8:00:00 AM,1,PJM-RTO,,,ZONE,,34.19,34.443062,0.262211,-0.009149,True,1
9/16/2025 1:00:00 PM,9/16/2025 9:00:00 AM,1,PJM-RTO,,,ZONE,,34.15,34.499074,0.349484,-0.000410,True,1
9/16/2025 2:00:00 PM,9/16/2025 10:00:00 AM,1,PJM-RTO,,,ZONE,,36.05,35.893689,-0.117776,-0.038536,True,1
9/16/2025 3:00:00 PM,9/16/2025 11:00:00 AM,1,PJM-RTO,,,ZONE,,36.98,36.765987,-0.148816,-0.065197,True,1
9/16/2025 4:00:00 PM,9/16/2025 12:00:00 PM,1,PJM-RTO,,,ZONE,,40.36,40.114910,-0.110492,-0.134598,True,1
9/16/2025 5:00:00 PM,9/16/2025 1:00:00 PM,1,PJM-RTO,,,ZONE,,44.44,45.488786,1.178729,-0.129943,True,1
9/16/2025 6:00:00 PM,9/16/2025 2:00:00 PM,1,PJM-RTO,,,ZONE,,47.34,48.954061,1.663189,-0.049128,True,1
9/16/2025 7:00:00 PM,9/16/2025 3:00:00 PM,1,PJM-RTO,,,ZONE,,51.14,54.757811,3.605692,0.012119,True,1
9/16/2025 8:00:00 PM,9/16/2025 4:00:00 PM,1,PJM-RTO,,,ZONE,,54.59,59.045299,4.449135,0.006163,True,1
9/16/2025 9:00:00 PM,9/16/2025 5:00:00 PM,1,PJM-RTO,,,ZONE,,66.09,72.443840,6.304914,0.048927,True,1
9/16/2025 10:00:00 PM,9/16/2025 6:00:00 PM,1,PJM-RTO,,,ZONE,,67.48,73.873683,6.217913,0.175770,True,1
9/16/2025 11:00:00 PM,9/16/2025 7:00:00 PM,1,PJM-RTO,,,ZONE,,69.56,75.930439,6.193965,0.176474,True,1
9/17/2025 12:00:00 AM,9/16/2025 8:00:00 PM,1,PJM-RTO,,,ZONE,,53.04,56.282394,3.085259,0.157136,True,1
9/17/2025 1:00:00 AM,9/16/2025 9:00:00 PM,1,PJM-RTO,,,ZONE,,44.40,46.191433,1.722700,0.068733,True,1
9/17/2025 2:00:00 AM,9/16/2025 10:00:00 PM,1,PJM-RTO,,,ZONE,,37.96,38.520581,0.533501,0.027080,True,1
9/17/2025 3:00:00 AM,9/16/2025 11:00:00 PM,1,PJM-RTO,,,ZONE,,30.84,31.055666,0.241755,-0.026089,True,1
9/17/2025 4:00:00 AM,9/17/2025 12:00:00 AM,1,PJM-RTO,,,ZONE,,27.73,27.862255,0.100122,0.032134,True,1
9/17/2025 5:00:00 AM,9/17/2025 1:00:00 AM,1,PJM-RTO,,,ZONE,,24.64,24.663266,-0.003953,0.027219,True,1
9/17/2025 6:00:00 AM,9/17/2025 2:00:00 AM,1,PJM-RTO,,,ZONE,,22.34,22.459867,0.106014,0.013853,True,1
9/17/2025 7:00:00 AM,9/17/2025 3:00:00 AM,1,PJM-RTO,,,ZONE,,21.48,21.209450,-0.282740,0.012191,True,1
9/17/2025 8:00:00 AM,9/17/2025 4:00:00 AM,1,PJM-RTO,,,ZONE,,21.93,22.564073,0.602064,0.032010,True,1
9/17/2025 9:00:00 AM,9/17/2025 5:00:00 AM,1,PJM-RTO,,,ZONE,,25.98,26.770521,0.717843,0.072678,True,1
9/17/2025 10:00:00 AM,9/17/2025 6:00:00 AM,1,PJM-RTO,,,ZONE,,38.02,38.979930,0.975947,-0.016018,True,1
9/17/2025 11:00:00 AM,9/17/2025 7:00:00 AM,1,PJM-RTO,,,ZONE,,40.59,42.125038,1.479291,0.055747,True,1
9/17/2025 12:00:00 PM,9/17/2025 8:00:00 AM,1,PJM-RTO,,,ZONE,,32.92,34.089794,1.052627,0.117167,True,1
9/17/2025 1:00:00 PM,9/17/2025 9:00:00 AM,1,PJM-RTO,,,ZONE,,31.59,32.539234,0.830786,0.118448,True,1
9/17/2025 2:00:00 PM,9/17/2025 10:00:00 AM,1,PJM-RTO,,,ZONE,,32.49,33.155766,0.580895,0.084870,True,1
9/17/2025 3:00:00 PM,9/17/2025 11:00:00 AM,1,PJM-RTO,,,ZONE,,36.63,37.452633,0.767929,0.054704,True,1
9/17/2025 4:00:00 PM,9/17/2025 12:00:00 PM,1,PJM-RTO,,,ZONE,,39.60,40.613848,0.977424,0.036424,True,1
9/17/2025 5:00:00 PM,9/17/2025 1:00:00 PM,1,PJM-RTO,,,ZONE,,44.86,46.454590,1.606769,-0.012179,True,1
9/17/2025 6:00:00 PM,9/17/2025 2:00:00 PM,1,PJM-RTO,,,ZONE,,46.88,49.962231,3.037028,0.045202,True,1
9/17/2025 7:00:00 PM,9/17/2025 3:00:00 PM,1,PJM-RTO,,,ZONE,,49.14,53.514308,4.332571,0.041737,True,1
9/17/2025 8:00:00 PM,9/17/2025 4:00:00 PM,1,PJM-RTO,,,ZONE,,52.69,57.336956,4.608558,0.038398,True,1
9/17/2025 9:00:00 PM,9/17/2025 5:00:00 PM,1,PJM-RTO,,,ZONE,,58.99,64.445316,5.260736,0.194581,True,1
9/17/2025 10:00:00 PM,9/17/2025 6:00:00 PM,1,PJM-RTO,,,ZONE,,69.33,74.004740,4.500725,0.174015,True,1
9/17/2025 11:00:00 PM,9/17/2025 7:00:00 PM,1,PJM-RTO,,,ZONE,,77.31,82.461876,4.857992,0.293884,True,1
9/18/2025 12:00:00 AM,9/17/2025 8:00:00 PM,1,PJM-RTO,,,ZONE,,54.91,58.826615,3.675824,0.240791,True,1
9/18/2025 1:00:00 AM,9/17/2025 9:00:00 PM,1,PJM-RTO,,,ZONE,,46.52,48.590169,1.938612,0.131557,True,1
9/18/2025 2:00:00 AM,9/17/2025 10:00:00 PM,1,PJM-RTO,,,ZONE,,40.39,42.061753,1.555872,0.115881,True,1
9/18/2025 3:00:00 AM,9/17/2025 11:00:00 PM,1,PJM-RTO,,,ZONE,,33.33,34.928618,1.535691,0.062927,True,1
9/18/2025 4:00:00 AM,9/18/2025 12:00:00 AM,1,PJM-RTO,,,ZONE,,28.91,29.832158,0.865348,0.056810,True,1
9/18/2025 5:00:00 AM,9/18/2025 1:00:00 AM,1,PJM-RTO,,,ZONE,,25.00,25.755116,0.729886,0.025230,True,1
9/18/2025 6:00:00 AM,9/18/2025 2:00:00 AM,1,PJM-RTO,,,ZONE,,22.20,23.019784,0.807699,0.012085,True,1
9/18/2025 7:00:00 AM,9/18/2025 3:00:00 AM,1,PJM-RTO,,,ZONE,,21.20,21.976420,0.758338,0.018081,True,1
9/18/2025 8:00:00 AM,9/18/2025 4:00:00 AM,1,PJM-RTO,,,ZONE,,21.83,22.750648,0.875837,0.044812,True,1
9/18/2025 9:00:00 AM,9/18/2025 5:00:00 AM,1,PJM-RTO,,,ZONE,,27.71,29.810405,1.985679,0.114726,True,1
9/18/2025 10:00:00 AM,9/18/2025 6:00:00 AM,1,PJM-RTO,,,ZONE,,40.64,42.490575,1.788934,0.061640,True,1
9/18/2025 11:00:00 AM,9/18/2025 7:00:00 AM,1,PJM-RTO,,,ZONE,,41.55,43.605967,1.895917,0.160050,True,1
9/18/2025 12:00:00 PM,9/18/2025 8:00:00 AM,1,PJM-RTO,,,ZONE,,31.40,32.824815,1.216203,0.208612,True,1
9/18/2025 1:00:00 PM,9/18/2025 9:00:00 AM,1,PJM-RTO,,,ZONE,,27.94,29.355104,1.172338,0.242766,True,1
9/18/2025 2:00:00 PM,9/18/2025 10:00:00 AM,1,PJM-RTO,,,ZONE,,29.07,30.461292,1.136044,0.255248,True,1
9/18/2025 3:00:00 PM,9/18/2025 11:00:00 AM,1,PJM-RTO,,,ZONE,,35.37,36.560849,1.061435,0.129414,True,1
9/18/2025 4:00:00 PM,9/18/2025 12:00:00 PM,1,PJM-RTO,,,ZONE,,39.87,41.337110,1.397683,0.069427,True,1
9/18/2025 5:00:00 PM,9/18/2025 1:00:00 PM,1,PJM-RTO,,,ZONE,,45.45,49.076973,3.576891,0.050082,True,1
9/18/2025 6:00:00 PM,9/18/2025 2:00:00 PM,1,PJM-RTO,,,ZONE,,49.47,53.230776,3.775191,-0.014414,True,1
9/18/2025 7:00:00 PM,9/18/2025 3:00:00 PM,1,PJM-RTO,,,ZONE,,51.86,56.610673,4.729350,0.021323,True,1
9/18/2025 8:00:00 PM,9/18/2025 4:00:00 PM,1,PJM-RTO,,,ZONE,,56.93,63.488775,6.541929,0.016846,True,1
9/18/2025 9:00:00 PM,9/18/2025 5:00:00 PM,1,PJM-RTO,,,ZONE,,92.49,94.179487,1.604880,0.084607,True,1
9/18/2025 10:00:00 PM,9/18/2025 6:00:00 PM,1,PJM-RTO,,,ZONE,,98.42,101.893369,3.385889,0.087480,True,1
9/18/2025 11:00:00 PM,9/18/2025 7:00:00 PM,1,PJM-RTO,,,ZONE,,84.16,87.538606,3.269449,0.109158,True,1
9/19/2025 12:00:00 AM,9/18/2025 8:00:00 PM,1,PJM-RTO,,,ZONE,,58.56,60.530965,1.861252,0.109713,True,1
9/19/2025 1:00:00 AM,9/18/2025 9:00:00 PM,1,PJM-RTO,,,ZONE,,47.37,48.577372,1.124826,0.082545,True,1
9/19/2025 2:00:00 AM,9/18/2025 10:00:00 PM,1,PJM-RTO,,,ZONE,,40.51,41.668279,1.012782,0.145497,True,1
9/19/2025 3:00:00 AM,9/18/2025 11:00:00 PM,1,PJM-RTO,,,ZONE,,31.04,31.841594,0.699484,0.102110,True,1
9/19/2025 4:00:00 AM,9/19/2025 12:00:00 AM,1,PJM-RTO,,,ZONE,,33.66,31.728471,-1.868725,-0.062804,True,1
9/19/2025 5:00:00 AM,9/19/2025 1:00:00 AM,1,PJM-RTO,,,ZONE,,27.65,25.866349,-1.772247,-0.011404,True,1
9/19/2025 6:00:00 AM,9/19/2025 2:00:00 AM,1,PJM-RTO,,,ZONE,,25.42,23.778974,-1.621498,-0.019529,True,1
9/19/2025 7:00:00 AM,9/19/2025 3:00:00 AM,1,PJM-RTO,,,ZONE,,24.64,22.862861,-1.771285,-0.005854,True,1
9/19/2025 8:00:00 AM,9/19/2025 4:00:00 AM,1,PJM-RTO,,,ZONE,,25.50,24.325594,-1.164006,-0.010400,True,1
9/19/2025 9:00:00 AM,9/19/2025 5:00:00 AM,1,PJM-RTO,,,ZONE,,35.09,34.225729,-0.889113,0.024842,True,1
9/19/2025 10:00:00 AM,9/19/2025 6:00:00 AM,1,PJM-RTO,,,ZONE,,43.41,42.791251,-0.762402,0.143653,True,1
9/19/2025 11:00:00 AM,9/19/2025 7:00:00 AM,1,PJM-RTO,,,ZONE,,44.02,44.735782,0.386213,0.329569,True,1
9/19/2025 12:00:00 PM,9/19/2025 8:00:00 AM,1,PJM-RTO,,,ZONE,,32.33,33.930091,1.134034,0.466057,True,1
9/19/2025 1:00:00 PM,9/19/2025 9:00:00 AM,1,PJM-RTO,,,ZONE,,30.90,32.492491,1.138525,0.453967,True,1
9/19/2025 2:00:00 PM,9/19/2025 10:00:00 AM,1,PJM-RTO,,,ZONE,,35.02,36.592742,1.183298,0.389444,True,1
9/19/2025 3:00:00 PM,9/19/2025 11:00:00 AM,1,PJM-RTO,,,ZONE,,40.26,42.817194,2.170995,0.386199,True,1
9/19/2025 4:00:00 PM,9/19/2025 12:00:00 PM,1,PJM-RTO,,,ZONE,,47.94,50.755060,2.536284,0.278776,True,1
9/19/2025 5:00:00 PM,9/19/2025 1:00:00 PM,1,PJM-RTO,,,ZONE,,54.26,57.176892,2.597735,0.319156,True,1
9/19/2025 6:00:00 PM,9/19/2025 2:00:00 PM,1,PJM-RTO,,,ZONE,,55.76,58.824379,2.820522,0.243856,True,1
9/19/2025 7:00:00 PM,9/19/2025 3:00:00 PM,1,PJM-RTO,,,ZONE,,62.24,66.030331,3.377134,0.413197,True,1
9/19/2025 8:00:00 PM,9/19/2025 4:00:00 PM,1,PJM-RTO,,,ZONE,,71.39,75.672719,3.522574,0.760145,True,1
9/19/2025 9:00:00 PM,9/19/2025 5:00:00 PM,1,PJM-RTO,,,ZONE,,96.19,103.551742,5.817854,1.543888,True,1
9/19/2025 10:00:00 PM,9/19/2025 6:00:00 PM,1,PJM-RTO,,,ZONE,,103.29,112.107204,7.167815,1.649389,True,1
9/19/2025 11:00:00 PM,9/19/2025 7:00:00 PM,1,PJM-RTO,,,ZONE,,76.18,81.293544,4.144105,0.969438,True,1
9/20/2025 12:00:00 AM,9/19/2025 8:00:00 PM,1,PJM-RTO,,,ZONE,,51.89,57.198930,4.661855,0.647075,True,1
9/20/2025 1:00:00 AM,9/19/2025 9:00:00 PM,1,PJM-RTO,,,ZONE,,44.30,47.910696,3.282048,0.328649,True,1
9/20/2025 2:00:00 AM,9/19/2025 10:00:00 PM,1,PJM-RTO,,,ZONE,,39.51,41.910690,2.152042,0.248648,True,1
9/20/2025 3:00:00 AM,9/19/2025 11:00:00 PM,1,PJM-RTO,,,ZONE,,33.53,34.922522,1.249549,0.142973,True,1
9/20/2025 4:00:00 AM,9/20/2025 12:00:00 AM,1,PJM-RTO,,,ZONE,,35.07,36.607505,1.349880,0.187625,True,1
9/20/2025 5:00:00 AM,9/20/2025 1:00:00 AM,1,PJM-RTO,,,ZONE,,31.46,32.280206,0.810566,0.009640,True,1
9/20/2025 6:00:00 AM,9/20/2025 2:00:00 AM,1,PJM-RTO,,,ZONE,,27.51,28.072423,0.622951,-0.060528,True,1
9/20/2025 7:00:00 AM,9/20/2025 3:00:00 AM,1,PJM-RTO,,,ZONE,,25.77,26.125266,0.435167,-0.079901,True,1
9/20/2025 8:00:00 AM,9/20/2025 4:00:00 AM,1,PJM-RTO,,,ZONE,,25.35,25.953681,0.675197,-0.071516,True,1
9/20/2025 9:00:00 AM,9/20/2025 5:00:00 AM,1,PJM-RTO,,,ZONE,,26.75,27.121457,0.449001,-0.077545,True,1
9/20/2025 10:00:00 AM,9/20/2025 6:00:00 AM,1,PJM-RTO,,,ZONE,,29.72,30.105808,0.418476,-0.032668,True,1
9/20/2025 11:00:00 AM,9/20/2025 7:00:00 AM,1,PJM-RTO,,,ZONE,,30.72,30.955772,0.300730,-0.064958,True,1
9/20/2025 12:00:00 PM,9/20/2025 8:00:00 AM,1,PJM-RTO,,,ZONE,,26.27,26.832342,0.590900,-0.028557,True,1
9/20/2025 1:00:00 PM,9/20/2025 9:00:00 AM,1,PJM-RTO,,,ZONE,,25.93,27.155220,1.214455,0.010764,True,1
9/20/2025 2:00:00 PM,9/20/2025 10:00:00 AM,1,PJM-RTO,,,ZONE,,28.58,30.081835,1.453297,0.048538,True,1
9/20/2025 3:00:00 PM,9/20/2025 11:00:00 AM,1,PJM-RTO,,,ZONE,,32.95,34.527980,1.517491,0.060489,True,1
9/20/2025 4:00:00 PM,9/20/2025 12:00:00 PM,1,PJM-RTO,,,ZONE,,38.30,40.126254,1.688753,0.137501,True,1
9/20/2025 5:00:00 PM,9/20/2025 1:00:00 PM,1,PJM-RTO,,,ZONE,,41.49,43.008866,1.386073,0.132794,True,1
9/20/2025 6:00:00 PM,9/20/2025 2:00:00 PM,1,PJM-RTO,,,ZONE,,44.18,45.346624,0.988563,0.178062,True,1
9/20/2025 7:00:00 PM,9/20/2025 3:00:00 PM,1,PJM-RTO,,,ZONE,,45.27,47.576543,2.140690,0.165854,True,1
9/20/2025 8:00:00 PM,9/20/2025 4:00:00 PM,1,PJM-RTO,,,ZONE,,49.93,51.678806,1.341441,0.407365,True,1
9/20/2025 9:00:00 PM,9/20/2025 5:00:00 PM,1,PJM-RTO,,,ZONE,,60.41,62.687998,1.567810,0.710189,True,1
9/20/2025 10:00:00 PM,9/20/2025 6:00:00 PM,1,PJM-RTO,,,ZONE,,70.27,73.386226,2.357434,0.758792,True,1
9/20/2025 11:00:00 PM,9/20/2025 7:00:00 PM,1,PJM-RTO,,,ZONE,,59.37,61.787032,1.931157,0.485874,True,1
9/21/2025 12:00:00 AM,9/20/2025 8:00:00 PM,1,PJM-RTO,,,ZONE,,50.02,52.038128,1.652635,0.365494,True,1
9/21/2025 1:00:00 AM,9/20/2025 9:00:00 PM,1,PJM-RTO,,,ZONE,,43.84,45.791647,1.834732,0.116915,True,1
9/21/2025 2:00:00 AM,9/20/2025 10:00:00 PM,1,PJM-RTO,,,ZONE,,41.05,42.343148,1.211143,0.082005,True,1
9/21/2025 3:00:00 AM,9/20/2025 11:00:00 PM,1,PJM-RTO,,,ZONE,,34.93,36.464750,1.425671,0.109079,True,1
9/21/2025 4:00:00 AM,9/21/2025 12:00:00 AM,1,PJM-RTO,,,ZONE,,31.04,32.862247,1.831385,-0.009138,True,1
9/21/2025 5:00:00 AM,9/21/2025 1:00:00 AM,1,PJM-RTO,,,ZONE,,26.80,28.076218,1.363690,-0.087472,True,1
9/21/2025 6:00:00 AM,9/21/2025 2:00:00 AM,1,PJM-RTO,,,ZONE,,23.95,24.562251,0.730585,-0.118334,True,1
9/21/2025 7:00:00 AM,9/21/2025 3:00:00 AM,1,PJM-RTO,,,ZONE,,21.16,21.914793,0.852605,-0.097812,True,1
9/21/2025 8:00:00 AM,9/21/2025 4:00:00 AM,1,PJM-RTO,,,ZONE,,20.74,21.343310,0.714742,-0.111432,True,1
9/21/2025 9:00:00 AM,9/21/2025 5:00:00 AM,1,PJM-RTO,,,ZONE,,22.26,22.733442,0.592414,-0.118972,True,1
9/21/2025 10:00:00 AM,9/21/2025 6:00:00 AM,1,PJM-RTO,,,ZONE,,24.99,25.553640,0.671469,-0.107828,True,1
9/21/2025 11:00:00 AM,9/21/2025 7:00:00 AM,1,PJM-RTO,,,ZONE,,27.35,27.725114,0.524382,-0.149268,True,1
9/21/2025 12:00:00 PM,9/21/2025 8:00:00 AM,1,PJM-RTO,,,ZONE,,25.39,25.739021,0.461274,-0.112253,True,1
9/21/2025 1:00:00 PM,9/21/2025 9:00:00 AM,1,PJM-RTO,,,ZONE,,25.39,26.053178,0.739995,-0.076816,True,1
9/21/2025 2:00:00 PM,9/21/2025 10:00:00 AM,1,PJM-RTO,,,ZONE,,28.57,29.811712,1.267878,-0.026166,True,1
9/21/2025 3:00:00 PM,9/21/2025 11:00:00 AM,1,PJM-RTO,,,ZONE,,31.25,32.609413,1.387468,-0.028055,True,1
9/21/2025 4:00:00 PM,9/21/2025 12:00:00 PM,1,PJM-RTO,,,ZONE,,33.71,35.458706,1.749286,-0.000581,True,1
9/21/2025 5:00:00 PM,9/21/2025 1:00:00 PM,1,PJM-RTO,,,ZONE,,35.91,37.145777,1.290316,-0.054539,True,1
9/21/2025 6:00:00 PM,9/21/2025 2:00:00 PM,1,PJM-RTO,,,ZONE,,38.20,39.637719,1.451892,-0.014174,True,1
9/21/2025 7:00:00 PM,9/21/2025 3:00:00 PM,1,PJM-RTO,,,ZONE,,39.70,41.235935,1.528942,0.006993,True,1
9/21/2025 8:00:00 PM,9/21/2025 4:00:00 PM,1,PJM-RTO,,,ZONE,,44.88,45.107298,0.146351,0.080947,True,1
9/21/2025 9:00:00 PM,9/21/2025 5:00:00 PM,1,PJM-RTO,,,ZONE,,51.68,52.547609,0.727000,0.140610,True,1
9/21/2025 10:00:00 PM,9/21/2025 6:00:00 PM,1,PJM-RTO,,,ZONE,,70.12,74.443316,4.126235,0.197082,True,1
9/21/2025 11:00:00 PM,9/21/2025 7:00:00 PM,1,PJM-RTO,,,ZONE,,75.62,80.299353,4.435024,0.244329,True,1
9/22/2025 12:00:00 AM,9/21/2025 8:00:00 PM,1,PJM-RTO,,,ZONE,,51.65,52.648849,1.006449,-0.007600,True,1
9/22/2025 1:00:00 AM,9/21/2025 9:00:00 PM,1,PJM-RTO,,,ZONE,,45.71,45.921608,0.229313,-0.017705,True,1
9/22/2025 2:00:00 AM,9/21/2025 10:00:00 PM,1,PJM-RTO,,,ZONE,,39.81,40.482070,0.757954,-0.085884,True,1
9/22/2025 3:00:00 AM,9/21/2025 11:00:00 PM,1,PJM-RTO,,,ZONE,,34.54,35.825342,1.375695,-0.090353,True,1
9/22/2025 4:00:00 AM,9/22/2025 12:00:00 AM,1,PJM-RTO,,,ZONE,,31.08,33.063732,2.045164,-0.061432,True,1
9/22/2025 5:00:00 AM,9/22/2025 1:00:00 AM,1,PJM-RTO,,,ZONE,,26.21,27.841011,1.685879,-0.054868,True,1
9/22/2025 6:00:00 AM,9/22/2025 2:00:00 AM,1,PJM-RTO,,,ZONE,,23.13,24.136601,1.060828,-0.054227,True,1
9/22/2025 7:00:00 AM,9/22/2025 3:00:00 AM,1,PJM-RTO,,,ZONE,,22.79,23.513934,0.810487,-0.086552,True,1
9/22/2025 8:00:00 AM,9/22/2025 4:00:00 AM,1,PJM-RTO,,,ZONE,,25.42,26.360967,1.032014,-0.091047,True,1
9/22/2025 9:00:00 AM,9/22/2025 5:00:00 AM,1,PJM-RTO,,,ZONE,,38.12,39.760031,1.731383,-0.091352,True,1
9/22/2025 10:00:00 AM,9/22/2025 6:00:00 AM,1,PJM-RTO,,,ZONE,,51.80,54.830356,3.080007,-0.049651,True,1
9/22/2025 11:00:00 AM,9/22/2025 7:00:00 AM,1,PJM-RTO,,,ZONE,,56.10,56.795337,0.724573,-0.029236,True,1
9/22/2025 12:00:00 PM,9/22/2025 8:00:00 AM,1,PJM-RTO,,,ZONE,,42.15,42.343530,0.282943,-0.089413,True,1
9/22/2025 1:00:00 PM,9/22/2025 9:00:00 AM,1,PJM-RTO,,,ZONE,,36.84,38.527835,1.674798,0.013037,True,1
9/22/2025 2:00:00 PM,9/22/2025 10:00:00 AM,1,PJM-RTO,,,ZONE,,39.43,41.114305,1.646388,0.037917,True,1
9/22/2025 3:00:00 PM,9/22/2025 11:00:00 AM,1,PJM-RTO,,,ZONE,,45.05,47.580400,2.528001,0.002398,True,1
9/22/2025 4:00:00 PM,9/22/2025 12:00:00 PM,1,PJM-RTO,,,ZONE,,49.77,51.677176,1.938097,-0.030921,True,1
9/22/2025 5:00:00 PM,9/22/2025 1:00:00 PM,1,PJM-RTO,,,ZONE,,56.86,58.046210,1.250767,-0.064557,True,1
9/22/2025 6:00:00 PM,9/22/2025 2:00:00 PM,1,PJM-RTO,,,ZONE,,55.81,54.980338,-0.778143,-0.051519,True,1
9/22/2025 7:00:00 PM,9/22/2025 3:00:00 PM,1,PJM-RTO,,,ZONE,,56.90,54.555779,-2.314597,-0.029624,True,1
9/22/2025 8:00:00 PM,9/22/2025 4:00:00 PM,1,PJM-RTO,,,ZONE,,62.09,57.657895,-4.566498,0.134393,True,1
9/22/2025 9:00:00 PM,9/22/2025 5:00:00 PM,1,PJM-RTO,,,ZONE,,82.12,77.130176,-5.223829,0.234004,True,1
9/22/2025 10:00:00 PM,9/22/2025 6:00:00 PM,1,PJM-RTO,,,ZONE,,100.56,101.494593,0.676462,0.258131,True,1
9/22/2025 11:00:00 PM,9/22/2025 7:00:00 PM,1,PJM-RTO,,,ZONE,,91.71,92.358005,0.397742,0.250263,True,1
9/23/2025 12:00:00 AM,9/22/2025 8:00:00 PM,1,PJM-RTO,,,ZONE,,64.78,65.506413,0.668784,0.057628,True,1
9/23/2025 1:00:00 AM,9/22/2025 9:00:00 PM,1,PJM-RTO,,,ZONE,,55.43,58.145600,2.730945,-0.015345,True,1
9/23/2025 2:00:00 AM,9/22/2025 10:00:00 PM,1,PJM-RTO,,,ZONE,,49.35,52.058369,2.740655,-0.032286,True,1
9/23/2025 3:00:00 AM,9/22/2025 11:00:00 PM,1,PJM-RTO,,,ZONE,,40.01,41.254048,1.302148,-0.058100,True,1
9/23/2025 4:00:00 AM,9/23/2025 12:00:00 AM,1,PJM-RTO,,,ZONE,,37.05,38.293022,1.311817,-0.068795,True,1
9/23/2025 5:00:00 AM,9/23/2025 1:00:00 AM,1,PJM-RTO,,,ZONE,,32.23,33.326514,1.087564,0.008949,True,1
9/23/2025 6:00:00 AM,9/23/2025 2:00:00 AM,1,PJM-RTO,,,ZONE,,27.46,28.385772,0.932102,-0.006330,True,1
9/23/2025 7:00:00 AM,9/23/2025 3:00:00 AM,1,PJM-RTO,,,ZONE,,25.82,26.618305,0.787742,0.010562,True,1
9/23/2025 8:00:00 AM,9/23/2025 4:00:00 AM,1,PJM-RTO,,,ZONE,,29.15,30.681538,1.522484,0.009054,True,1
9/23/2025 9:00:00 AM,9/23/2025 5:00:00 AM,1,PJM-RTO,,,ZONE,,36.10,37.573053,1.418728,0.054325,True,1
9/23/2025 10:00:00 AM,9/23/2025 6:00:00 AM,1,PJM-RTO,,,ZONE,,58.60,61.411211,2.698969,0.112242,True,1
9/23/2025 11:00:00 AM,9/23/2025 7:00:00 AM,1,PJM-RTO,,,ZONE,,64.88,68.304643,3.139221,0.285422,True,1
9/23/2025 12:00:00 PM,9/23/2025 8:00:00 AM,1,PJM-RTO,,,ZONE,,47.41,47.901589,0.338640,0.152949,True,1
9/23/2025 1:00:00 PM,9/23/2025 9:00:00 AM,1,PJM-RTO,,,ZONE,,44.18,45.747281,1.365521,0.201761,True,1
9/23/2025 2:00:00 PM,9/23/2025 10:00:00 AM,1,PJM-RTO,,,ZONE,,47.25,48.803975,1.283690,0.270285,True,1
9/23/2025 3:00:00 PM,9/23/2025 11:00:00 AM,1,PJM-RTO,,,ZONE,,53.73,53.595849,-0.447216,0.313066,True,1
9/23/2025 4:00:00 PM,9/23/2025 12:00:00 PM,1,PJM-RTO,,,ZONE,,63.92,61.845989,-2.468420,0.394409,True,1
9/23/2025 5:00:00 PM,9/23/2025 1:00:00 PM,1,PJM-RTO,,,ZONE,,69.40,63.930302,-5.961634,0.491936,True,1
9/23/2025 6:00:00 PM,9/23/2025 2:00:00 PM,1,PJM-RTO,,,ZONE,,70.88,63.572684,-7.889718,0.582402,True,1
9/23/2025 7:00:00 PM,9/23/2025 3:00:00 PM,1,PJM-RTO,,,ZONE,,76.70,68.456130,-9.131847,0.887977,True,1
9/23/2025 8:00:00 PM,9/23/2025 4:00:00 PM,1,PJM-RTO,,,ZONE,,90.39,77.126026,-14.433530,1.169556,True,1
9/23/2025 9:00:00 PM,9/23/2025 5:00:00 PM,1,PJM-RTO,,,ZONE,,124.22,106.824859,-19.070203,1.675062,True,1
9/23/2025 10:00:00 PM,9/23/2025 6:00:00 PM,1,PJM-RTO,,,ZONE,,127.62,119.327978,-9.480253,1.188231,True,1
9/23/2025 11:00:00 PM,9/23/2025 7:00:00 PM,1,PJM-RTO,,,ZONE,,109.23,109.382425,-1.085335,1.237759,True,1
9/24/2025 12:00:00 AM,9/23/2025 8:00:00 PM,1,PJM-RTO,,,ZONE,,73.25,69.662983,-4.315736,0.728719,True,1
9/24/2025 1:00:00 AM,9/23/2025 9:00:00 PM,1,PJM-RTO,,,ZONE,,61.75,62.432131,0.170605,0.511526,True,1
9/24/2025 2:00:00 AM,9/23/2025 10:00:00 PM,1,PJM-RTO,,,ZONE,,49.53,52.117257,2.290381,0.296875,True,1
9/24/2025 3:00:00 AM,9/23/2025 11:00:00 PM,1,PJM-RTO,,,ZONE,,41.52,43.721297,2.052168,0.149129,True,1
9/24/2025 4:00:00 AM,9/24/2025 12:00:00 AM,1,PJM-RTO,,,ZONE,,32.65,33.417740,0.666007,0.101733,True,1
9/24/2025 5:00:00 AM,9/24/2025 1:00:00 AM,1,PJM-RTO,,,ZONE,,26.82,27.477789,0.569320,0.088470,True,1
9/24/2025 6:00:00 AM,9/24/2025 2:00:00 AM,1,PJM-RTO,,,ZONE,,24.93,25.569590,0.590485,0.049105,True,1
9/24/2025 7:00:00 AM,9/24/2025 3:00:00 AM,1,PJM-RTO,,,ZONE,,23.88,24.237391,0.360179,-0.002788,True,1
9/24/2025 8:00:00 AM,9/24/2025 4:00:00 AM,1,PJM-RTO,,,ZONE,,25.37,25.959422,0.586735,0.002687,True,1
9/24/2025 9:00:00 AM,9/24/2025 5:00:00 AM,1,PJM-RTO,,,ZONE,,30.37,31.161875,0.765111,0.026763,True,1
9/24/2025 10:00:00 AM,9/24/2025 6:00:00 AM,1,PJM-RTO,,,ZONE,,43.00,44.631199,1.401042,0.230157,True,1
9/24/2025 11:00:00 AM,9/24/2025 7:00:00 AM,1,PJM-RTO,,,ZONE,,43.42,44.244826,0.606849,0.217978,True,1
9/24/2025 12:00:00 PM,9/24/2025 8:00:00 AM,1,PJM-RTO,,,ZONE,,38.08,38.417078,0.228667,0.108412,True,1
9/24/2025 1:00:00 PM,9/24/2025 9:00:00 AM,1,PJM-RTO,,,ZONE,,39.21,37.869318,-1.464530,0.123849,True,1
9/24/2025 2:00:00 PM,9/24/2025 10:00:00 AM,1,PJM-RTO,,,ZONE,,42.60,38.956693,-3.768305,0.124997,True,1
9/24/2025 3:00:00 PM,9/24/2025 11:00:00 AM,1,PJM-RTO,,,ZONE,,44.42,38.937339,-5.769625,0.286964,True,1
9/24/2025 4:00:00 PM,9/24/2025 12:00:00 PM,1,PJM-RTO,,,ZONE,,54.36,45.586175,-9.393614,0.619789,True,1
9/24/2025 5:00:00 PM,9/24/2025 1:00:00 PM,1,PJM-RTO,,,ZONE,,61.96,48.922078,-13.724992,0.687070,True,1
9/24/2025 6:00:00 PM,9/24/2025 2:00:00 PM,1,PJM-RTO,,,ZONE,,99.85,46.617390,-54.187615,0.955005,True,1
9/24/2025 7:00:00 PM,9/24/2025 3:00:00 PM,1,PJM-RTO,,,ZONE,,101.01,48.837356,-53.187248,1.014604,True,1
9/24/2025 8:00:00 PM,9/24/2025 4:00:00 PM,1,PJM-RTO,,,ZONE,,102.20,50.903690,-52.181787,0.885477,True,1
9/24/2025 9:00:00 PM,9/24/2025 5:00:00 PM,1,PJM-RTO,,,ZONE,,115.93,68.783138,-47.755106,0.608244,True,1
9/24/2025 10:00:00 PM,9/24/2025 6:00:00 PM,1,PJM-RTO,,,ZONE,,115.80,66.352366,-50.235316,0.787683,True,1
9/24/2025 11:00:00 PM,9/24/2025 7:00:00 PM,1,PJM-RTO,,,ZONE,,84.14,74.656849,-10.323478,0.840327,True,1
9/25/2025 12:00:00 AM,9/24/2025 8:00:00 PM,1,PJM-RTO,,,ZONE,,59.97,53.423650,-6.994694,0.448344,True,1
9/25/2025 1:00:00 AM,9/24/2025 9:00:00 PM,1,PJM-RTO,,,ZONE,,48.91,45.563552,-3.606637,0.260189,True,1
9/25/2025 2:00:00 AM,9/24/2025 10:00:00 PM,1,PJM-RTO,,,ZONE,,38.86,36.558907,-2.560092,0.258999,True,1
9/25/2025 3:00:00 AM,9/24/2025 11:00:00 PM,1,PJM-RTO,,,ZONE,,35.01,32.016479,-3.202387,0.208866,True,1
9/25/2025 4:00:00 AM,9/25/2025 12:00:00 AM,1,PJM-RTO,,,ZONE,,38.42,41.097826,2.333684,0.344142,True,1
9/25/2025 5:00:00 AM,9/25/2025 1:00:00 AM,1,PJM-RTO,,,ZONE,,35.87,38.559946,2.470878,0.219068,True,1
9/25/2025 6:00:00 AM,9/25/2025 2:00:00 AM,1,PJM-RTO,,,ZONE,,32.37,31.359513,-1.038846,0.028359,True,1
9/25/2025 7:00:00 AM,9/25/2025 3:00:00 AM,1,PJM-RTO,,,ZONE,,30.63,30.044030,-0.597835,0.011865,True,1
9/25/2025 8:00:00 AM,9/25/2025 4:00:00 AM,1,PJM-RTO,,,ZONE,,32.18,33.410845,1.178099,0.052746,True,1
9/25/2025 9:00:00 AM,9/25/2025 5:00:00 AM,1,PJM-RTO,,,ZONE,,42.34,44.586473,2.255999,-0.009526,True,1
9/25/2025 10:00:00 AM,9/25/2025 6:00:00 AM,1,PJM-RTO,,,ZONE,,54.44,56.939163,2.193652,0.305511,True,1
9/25/2025 11:00:00 AM,9/25/2025 7:00:00 AM,1,PJM-RTO,,,ZONE,,61.57,63.178310,1.357561,0.250749,True,1
9/25/2025 12:00:00 PM,9/25/2025 8:00:00 AM,1,PJM-RTO,,,ZONE,,58.67,60.096966,1.187147,0.239820,True,1
9/25/2025 1:00:00 PM,9/25/2025 9:00:00 AM,1,PJM-RTO,,,ZONE,,55.07,55.701701,0.326838,0.304863,True,1
9/25/2025 2:00:00 PM,9/25/2025 10:00:00 AM,1,PJM-RTO,,,ZONE,,50.17,50.205187,-0.334110,0.369297,True,1
9/25/2025 3:00:00 PM,9/25/2025 11:00:00 AM,1,PJM-RTO,,,ZONE,,55.36,53.758678,-2.133925,0.532602,True,1
9/25/2025 4:00:00 PM,9/25/2025 12:00:00 PM,1,PJM-RTO,,,ZONE,,58.90,56.901841,-2.803417,0.805258,True,1
9/25/2025 5:00:00 PM,9/25/2025 1:00:00 PM,1,PJM-RTO,,,ZONE,,63.11,61.066030,-3.049414,1.005444,True,1
9/25/2025 6:00:00 PM,9/25/2025 2:00:00 PM,1,PJM-RTO,,,ZONE,,65.43,64.207344,-2.264252,1.041596,True,1
9/25/2025 7:00:00 PM,9/25/2025 3:00:00 PM,1,PJM-RTO,,,ZONE,,69.62,68.051987,-2.635867,1.067854,True,1
9/25/2025 8:00:00 PM,9/25/2025 4:00:00 PM,1,PJM-RTO,,,ZONE,,73.88,66.944086,-8.017714,1.081800,True,1
9/25/2025 9:00:00 PM,9/25/2025 5:00:00 PM,1,PJM-RTO,,,ZONE,,90.31,84.946671,-6.469022,1.105692,True,1
9/25/2025 10:00:00 PM,9/25/2025 6:00:00 PM,1,PJM-RTO,,,ZONE,,91.62,87.550340,-5.247298,1.177637,True,1
9/25/2025 11:00:00 PM,9/25/2025 7:00:00 PM,1,PJM-RTO,,,ZONE,,100.66,99.556017,-2.261963,1.157980,True,1
9/26/2025 12:00:00 AM,9/25/2025 8:00:00 PM,1,PJM-RTO,,,ZONE,,76.10,75.004598,-1.828263,0.732861,True,1
9/26/2025 1:00:00 AM,9/25/2025 9:00:00 PM,1,PJM-RTO,,,ZONE,,63.11,61.900657,-1.488713,0.279369,True,1
9/26/2025 2:00:00 AM,9/25/2025 10:00:00 PM,1,PJM-RTO,,,ZONE,,54.18,53.822172,-0.547913,0.190085,True,1
9/26/2025 3:00:00 AM,9/25/2025 11:00:00 PM,1,PJM-RTO,,,ZONE,,45.29,45.809112,0.277011,0.242101,True,1
9/26/2025 4:00:00 AM,9/26/2025 12:00:00 AM,1,PJM-RTO,,,ZONE,,42.26,42.845545,0.488378,0.097167,True,1
9/26/2025 5:00:00 AM,9/26/2025 1:00:00 AM,1,PJM-RTO,,,ZONE,,35.70,35.187767,-0.635200,0.122967,True,1
9/26/2025 6:00:00 AM,9/26/2025 2:00:00 AM,1,PJM-RTO,,,ZONE,,31.13,30.919073,-0.209007,-0.001920,True,1
9/26/2025 7:00:00 AM,9/26/2025 3:00:00 AM,1,PJM-RTO,,,ZONE,,28.57,28.567463,-0.005202,0.002665,True,1
9/26/2025 8:00:00 AM,9/26/2025 4:00:00 AM,1,PJM-RTO,,,ZONE,,31.24,31.304463,0.142038,-0.077576,True,1
9/26/2025 9:00:00 AM,9/26/2025 5:00:00 AM,1,PJM-RTO,,,ZONE,,40.19,41.834535,1.648129,-0.003594,True,1
9/26/2025 10:00:00 AM,9/26/2025 6:00:00 AM,1,PJM-RTO,,,ZONE,,61.92,61.651230,-0.396736,0.127966,True,1
9/26/2025 11:00:00 AM,9/26/2025 7:00:00 AM,1,PJM-RTO,,,ZONE,,62.17,63.215839,0.889479,0.156360,True,1
9/26/2025 12:00:00 PM,9/26/2025 8:00:00 AM,1,PJM-RTO,,,ZONE,,55.43,56.486147,0.598382,0.457764,True,1
9/26/2025 1:00:00 PM,9/26/2025 9:00:00 AM,1,PJM-RTO,,,ZONE,,48.38,49.173873,0.220506,0.573366,True,1
9/26/2025 2:00:00 PM,9/26/2025 10:00:00 AM,1,PJM-RTO,,,ZONE,,45.59,44.728335,-1.375544,0.513879,True,1
9/26/2025 3:00:00 PM,9/26/2025 11:00:00 AM,1,PJM-RTO,,,ZONE,,48.22,47.405240,-1.311095,0.496335,True,1
9/26/2025 4:00:00 PM,9/26/2025 12:00:00 PM,1,PJM-RTO,,,ZONE,,54.19,52.601641,-1.967313,0.378954,True,1
9/26/2025 5:00:00 PM,9/26/2025 1:00:00 PM,1,PJM-RTO,,,ZONE,,57.39,56.977064,-0.916605,0.503669,True,1
9/26/2025 6:00:00 PM,9/26/2025 2:00:00 PM,1,PJM-RTO,,,ZONE,,59.34,59.751559,-0.095172,0.506730,True,1
9/26/2025 7:00:00 PM,9/26/2025 3:00:00 PM,1,PJM-RTO,,,ZONE,,60.15,61.285652,0.512581,0.623071,True,1
9/26/2025 8:00:00 PM,9/26/2025 4:00:00 PM,1,PJM-RTO,,,ZONE,,65.61,65.932596,-0.558906,0.881502,True,1
9/26/2025 9:00:00 PM,9/26/2025 5:00:00 PM,1,PJM-RTO,,,ZONE,,80.15,83.119518,1.906459,1.063059,True,1
9/26/2025 10:00:00 PM,9/26/2025 6:00:00 PM,1,PJM-RTO,,,ZONE,,97.95,102.870016,4.242371,0.677645,True,1
9/26/2025 11:00:00 PM,9/26/2025 7:00:00 PM,1,PJM-RTO,,,ZONE,,86.29,90.273357,3.322930,0.660428,True,1
9/27/2025 12:00:00 AM,9/26/2025 8:00:00 PM,1,PJM-RTO,,,ZONE,,61.75,64.296368,2.124645,0.421723,True,1
9/27/2025 1:00:00 AM,9/26/2025 9:00:00 PM,1,PJM-RTO,,,ZONE,,54.02,56.314383,2.069010,0.225373,True,1
9/27/2025 2:00:00 AM,9/26/2025 10:00:00 PM,1,PJM-RTO,,,ZONE,,45.63,48.135525,2.459794,0.045730,True,1
9/27/2025 3:00:00 AM,9/26/2025 11:00:00 PM,1,PJM-RTO,,,ZONE,,37.87,39.058607,1.119137,0.069470,True,1
9/27/2025 4:00:00 AM,9/27/2025 12:00:00 AM,1,PJM-RTO,,,ZONE,,38.31,38.907048,0.641846,-0.044798,True,1
9/27/2025 5:00:00 AM,9/27/2025 1:00:00 AM,1,PJM-RTO,,,ZONE,,30.85,31.410435,0.549288,0.011147,True,1
9/27/2025 6:00:00 AM,9/27/2025 2:00:00 AM,1,PJM-RTO,,,ZONE,,26.51,27.226291,0.663073,0.053218,True,1
9/27/2025 7:00:00 AM,9/27/2025 3:00:00 AM,1,PJM-RTO,,,ZONE,,24.91,25.338084,0.362972,0.065112,True,1
9/27/2025 8:00:00 AM,9/27/2025 4:00:00 AM,1,PJM-RTO,,,ZONE,,24.66,25.145888,0.466891,0.018997,True,1
9/27/2025 9:00:00 AM,9/27/2025 5:00:00 AM,1,PJM-RTO,,,ZONE,,26.99,27.303645,0.337825,-0.024180,True,1
9/27/2025 10:00:00 AM,9/27/2025 6:00:00 AM,1,PJM-RTO,,,ZONE,,30.82,30.903214,0.137947,-0.054734,True,1
9/27/2025 11:00:00 AM,9/27/2025 7:00:00 AM,1,PJM-RTO,,,ZONE,,36.92,39.654200,2.599365,0.134835,True,1
9/27/2025 12:00:00 PM,9/27/2025 8:00:00 AM,1,PJM-RTO,,,ZONE,,35.87,39.035636,2.774503,0.391133,True,1
9/27/2025 1:00:00 PM,9/27/2025 9:00:00 AM,1,PJM-RTO,,,ZONE,,35.50,38.032491,2.085960,0.446531,True,1
9/27/2025 2:00:00 PM,9/27/2025 10:00:00 AM,1,PJM-RTO,,,ZONE,,34.67,37.301333,2.177481,0.453852,True,1
9/27/2025 3:00:00 PM,9/27/2025 11:00:00 AM,1,PJM-RTO,,,ZONE,,36.89,38.297292,1.060044,0.347248,True,1
9/27/2025 4:00:00 PM,9/27/2025 12:00:00 PM,1,PJM-RTO,,,ZONE,,39.62,40.754707,0.771414,0.363293,True,1
9/27/2025 5:00:00 PM,9/27/2025 1:00:00 PM,1,PJM-RTO,,,ZONE,,42.16,43.669202,1.368301,0.140902,True,1
9/27/2025 6:00:00 PM,9/27/2025 2:00:00 PM,1,PJM-RTO,,,ZONE,,43.70,45.768183,1.817987,0.250196,True,1
9/27/2025 7:00:00 PM,9/27/2025 3:00:00 PM,1,PJM-RTO,,,ZONE,,45.60,47.718470,2.004258,0.114212,True,1
9/27/2025 8:00:00 PM,9/27/2025 4:00:00 PM,1,PJM-RTO,,,ZONE,,48.28,51.173796,2.708376,0.185420,True,1
9/27/2025 9:00:00 PM,9/27/2025 5:00:00 PM,1,PJM-RTO,,,ZONE,,58.13,61.509410,3.211866,0.167544,True,1
9/27/2025 10:00:00 PM,9/27/2025 6:00:00 PM,1,PJM-RTO,,,ZONE,,70.90,74.487798,3.635592,-0.047794,True,1
9/27/2025 11:00:00 PM,9/27/2025 7:00:00 PM,1,PJM-RTO,,,ZONE,,75.45,78.762477,3.011536,0.300941,True,1
9/28/2025 12:00:00 AM,9/27/2025 8:00:00 PM,1,PJM-RTO,,,ZONE,,60.23,62.185730,1.762175,0.193555,True,1
9/28/2025 1:00:00 AM,9/27/2025 9:00:00 PM,1,PJM-RTO,,,ZONE,,46.19,48.429631,2.097165,0.142466,True,1
9/28/2025 2:00:00 AM,9/27/2025 10:00:00 PM,1,PJM-RTO,,,ZONE,,39.75,42.833299,2.913675,0.169625,True,1
9/28/2025 3:00:00 AM,9/27/2025 11:00:00 PM,1,PJM-RTO,,,ZONE,,37.52,40.493028,2.822747,0.150282,True,1
9/28/2025 4:00:00 AM,9/28/2025 12:00:00 AM,1,PJM-RTO,,,ZONE,,29.78,30.587632,0.624965,0.182667,True,1
