t,s,bp_hol
0,0,0.0
0,1,0.0
0,2,0.0
0,3,0.0
0,4,0.0
0,5,0.0
0,6,0.0
0,7,0.0
0,8,0.0
0,9,0.0
0,10,0.0
0,11,0.0
0,12,0.0
0,13,0.0
0,14,0.0
0,15,0.0
0,16,0.0
0,17,0.0
0,18,0.0
0,19,0.0
0,20,0.0
0,21,0.0
0,22,0.0
0,23,0.0
0,24,0.0
0,25,0.0
0,26,0.0
0,27,0.0
0,28,0.0
0,29,0.0
0,30,0.0
0,31,0.0
0,32,0.0
0,33,0.0
0,34,0.0
0,35,0.0
0,36,0.0
0,37,0.0
0,38,0.0
0,39,0.0
0,40,0.0
0,41,0.0
0,42,0.0
0,43,0.0
0,44,0.0
0,45,0.0
0,46,0.0
0,47,0.0
0,48,0.0
0,49,0.0
0,50,0.0
0,51,0.0
0,52,0.0
0,53,0.0
0,54,0.0
0,55,0.0
0,56,0.0
0,57,0.0
0,58,0.0
0,59,0.0
0,60,0.0
0,61,0.0
0,62,0.0
0,63,0.0
0,64,0.0
0,65,0.0
0,66,0.0
0,67,0.0
0,68,0.0
0,69,0.0
0,70,0.0
0,71,0.0
0,72,0.0
0,73,0.0
0,74,0.0
0,75,0.0
0,76,0.0
0,77,0.0
0,78,0.0
0,79,0.0
0,80,0.0
0,81,0.0
0,82,0.0
0,83,0.0
0,84,0.0
0,85,0.0
0,86,0.0
0,87,0.0
0,88,0.0
0,89,0.0
0,90,0.0
0,91,0.0
0,92,0.0
0,93,0.0
0,94,0.0
0,95,0.0
0,96,0.0
0,97,0.0
0,98,0.0
0,99,0.0
1,0,0.0
1,1,0.0
1,2,0.0
1,3,0.0
1,4,0.0
1,5,0.0
1,6,0.0
1,7,0.0
1,8,0.0
1,9,0.0
1,10,0.0
1,11,0.0
1,12,0.0
1,13,0.0
1,14,0.0
1,15,0.0
1,16,0.0
1,17,0.0
1,18,0.0
1,19,0.0
1,20,0.0
1,21,0.0
1,22,0.0
1,23,0.0
1,24,0.0
1,25,0.0
1,26,0.0
1,27,0.0
1,28,0.0
1,29,0.0
1,30,0.0
1,31,0.0
1,32,0.0
1,33,0.0
1,34,0.0
1,35,0.0
1,36,0.0
1,37,0.0
1,38,0.0
1,39,0.0
1,40,0.0
1,41,0.0
1,42,0.0
1,43,0.0
1,44,0.0
1,45,0.0
1,46,0.0
1,47,0.0
1,48,0.0
1,49,0.0
1,50,0.0
1,51,0.0
1,52,0.0
1,53,0.0
1,54,0.0
1,55,0.0
1,56,0.0
1,57,0.0
1,58,0.0
1,59,0.0
1,60,0.0
1,61,0.0
1,62,0.0
1,63,0.0
1,64,0.0
1,65,0.0
1,66,0.0
1,67,0.0
1,68,0.0
1,69,0.0
1,70,0.0
1,71,0.0
1,72,0.0
1,73,0.0
1,74,0.0
1,75,0.0
1,76,0.0
1,77,0.0
1,78,0.0
1,79,0.0
1,80,0.0
1,81,0.0
1,82,0.0
1,83,0.0
1,84,0.0
1,85,0.0
1,86,0.0
1,87,0.0
1,88,0.0
1,89,0.0
1,90,0.0
1,91,0.0
1,92,0.0
1,93,0.0
1,94,0.0
1,95,0.0
1,96,0.0
1,97,0.0
1,98,0.0
1,99,0.0
2,0,0.0
2,1,0.0
2,2,0.0
2,3,0.0
2,4,0.0
2,5,0.0
2,6,0.0
2,7,0.0
2,8,0.0
2,9,0.0
2,10,0.0
2,11,0.0
2,12,0.0
2,13,0.0
2,14,0.0
2,15,0.0
2,16,0.0
2,17,0.0
2,18,0.0
2,19,0.0
2,20,0.0
2,21,0.0
2,22,0.0
2,23,0.0
2,24,0.0
2,25,0.0
2,26,0.0
2,27,0.0
2,28,0.0
2,29,0.0
2,30,0.0
2,31,0.0
2,32,0.0
2,33,0.0
2,34,0.0
2,35,0.0
2,36,0.0
2,37,0.0
2,38,0.0
2,39,0.0
2,40,0.0
2,41,0.0
2,42,0.0
2,43,0.0
2,44,0.0
2,45,0.0
2,46,0.0
2,47,0.0
2,48,0.0
2,49,0.0
2,50,0.0
2,51,0.0
2,52,0.0
2,53,0.0
2,54,0.0
2,55,0.0
2,56,0.0
2,57,0.0
2,58,0.0
2,59,0.0
2,60,0.0
2,61,0.0
2,62,0.0
2,63,0.0
2,64,0.0
2,65,0.0
2,66,0.0
2,67,0.0
2,68,0.0
2,69,0.0
2,70,0.0
2,71,0.0
2,72,0.0
2,73,0.0
2,74,0.0
2,75,0.0
2,76,0.0
2,77,0.0
2,78,0.0
2,79,0.0
2,80,0.0
2,81,0.0
2,82,0.0
2,83,0.0
2,84,0.0
2,85,0.0
2,86,0.0
2,87,0.0
2,88,0.0
2,89,0.0
2,90,0.0
2,91,0.0
2,92,0.0
2,93,0.0
2,94,0.0
2,95,0.0
2,96,0.0
2,97,0.0
2,98,0.0
2,99,0.0
3,0,0.0
3,1,0.0
3,2,0.0
3,3,0.0
3,4,0.0
3,5,0.0
3,6,0.0
3,7,0.0
3,8,0.0
3,9,0.0
3,10,0.0
3,11,0.0
3,12,0.0
3,13,0.0
3,14,0.0
3,15,0.0
3,16,0.0
3,17,0.0
3,18,0.0
3,19,0.0
3,20,0.0
3,21,0.0
3,22,0.0
3,23,0.0
3,24,0.0
3,25,0.0
3,26,0.0
3,27,0.0
3,28,0.0
3,29,0.0
3,30,0.0
3,31,0.0
3,32,0.0
3,33,0.0
3,34,0.0
3,35,0.0
3,36,0.0
3,37,0.0
3,38,0.0
3,39,0.0
3,40,0.0
3,41,0.0
3,42,0.0
3,43,0.0
3,44,0.0
3,45,0.0
3,46,0.0
3,47,0.0
3,48,0.0
3,49,0.0
3,50,0.0
3,51,0.0
3,52,0.0
3,53,0.0
3,54,0.0
3,55,0.0
3,56,0.0
3,57,0.0
3,58,0.0
3,59,0.0
3,60,0.0
3,61,0.0
3,62,0.0
3,63,0.0
3,64,0.0
3,65,0.0
3,66,0.0
3,67,0.0
3,68,0.0
3,69,0.0
3,70,0.0
3,71,0.0
3,72,0.0
3,73,0.0
3,74,0.0
3,75,0.0
3,76,0.0
3,77,0.0
3,78,0.0
3,79,0.0
3,80,0.0
3,81,0.0
3,82,0.0
3,83,0.0
3,84,0.0
3,85,0.0
3,86,0.0
3,87,0.0
3,88,0.0
3,89,0.0
3,90,0.0
3,91,0.0
3,92,0.0
3,93,0.0
3,94,0.0
3,95,0.0
3,96,0.0
3,97,0.0
3,98,0.0
3,99,0.0
4,0,0.0
4,1,0.0
4,2,0.0
4,3,0.0
4,4,0.0
4,5,0.0
4,6,0.0
4,7,0.0
4,8,0.0
4,9,0.0
4,10,0.0
4,11,0.0
4,12,0.0
4,13,0.0
4,14,0.0
4,15,0.0
4,16,0.0
4,17,0.0
4,18,0.0
4,19,0.0
4,20,0.0
4,21,0.0
4,22,0.0
4,23,0.0
4,24,0.0
4,25,0.0
4,26,0.0
4,27,0.0
4,28,0.0
4,29,0.0
4,30,0.0
4,31,0.0
4,32,0.0
4,33,0.0
4,34,0.0
4,35,0.0
4,36,0.0
4,37,0.0
4,38,0.0
4,39,0.0
4,40,0.0
4,41,0.0
4,42,0.0
4,43,0.0
4,44,0.0
4,45,0.0
4,46,0.0
4,47,0.0
4,48,0.0
4,49,0.0
4,50,0.0
4,51,0.0
4,52,0.0
4,53,0.0
4,54,0.0
4,55,0.0
4,56,0.0
4,57,0.0
4,58,0.0
4,59,0.0
4,60,0.0
4,61,0.0
4,62,0.0
4,63,0.0
4,64,0.0
4,65,0.0
4,66,0.0
4,67,0.0
4,68,0.0
4,69,0.0
4,70,0.0
4,71,0.0
4,72,0.0
4,73,0.0
4,74,0.0
4,75,0.0
4,76,0.0
4,77,0.0
4,78,0.0
4,79,0.0
4,80,0.0
4,81,0.0
4,82,0.0
4,83,0.0
4,84,0.0
4,85,0.0
4,86,0.0
4,87,0.0
4,88,0.0
4,89,0.0
4,90,0.0
4,91,0.0
4,92,0.0
4,93,0.0
4,94,0.0
4,95,0.0
4,96,0.0
4,97,0.0
4,98,0.0
4,99,0.0
5,0,0.0
5,1,0.0
5,2,0.0
5,3,0.0
5,4,0.0
5,5,0.0
5,6,0.0
5,7,0.0
5,8,0.0
5,9,0.0
5,10,0.0
5,11,0.0
5,12,0.0
5,13,1.0
5,14,0.0
5,15,0.0
5,16,0.0
5,17,0.0
5,18,0.0
5,19,0.0
5,20,0.0
5,21,0.0
5,22,0.0
5,23,0.0
5,24,0.0
5,25,0.0
5,26,0.0
5,27,0.0
5,28,0.0
5,29,0.0
5,30,0.0
5,31,0.0
5,32,0.0
5,33,0.0
5,34,0.0
5,35,0.0
5,36,0.0
5,37,0.0
5,38,0.0
5,39,0.0
5,40,0.0
5,41,0.0
5,42,0.0
5,43,0.0
5,44,0.0
5,45,0.0
5,46,0.0
5,47,0.0
5,48,0.0
5,49,0.0
5,50,0.0
5,51,0.0
5,52,0.0
5,53,0.0
5,54,0.0
5,55,0.0
5,56,0.0
5,57,0.0
5,58,0.0
5,59,0.0
5,60,1.0
5,61,0.0
5,62,0.0
5,63,0.0
5,64,0.0
5,65,0.0
5,66,0.0
5,67,0.0
5,68,0.0
5,69,0.0
5,70,0.0
5,71,0.0
5,72,0.0
5,73,0.0
5,74,0.0
5,75,0.0
5,76,0.0
5,77,0.0
5,78,0.0
5,79,0.0
5,80,0.0
5,81,0.0
5,82,0.0
5,83,0.0
5,84,0.0
5,85,0.0
5,86,0.0
5,87,0.0
5,88,0.0
5,89,0.0
5,90,0.0
5,91,0.0
5,92,0.0
5,93,0.0
5,94,0.0
5,95,0.0
5,96,0.0
5,97,0.0
5,98,0.0
5,99,0.0
6,0,0.0
6,1,0.0
6,2,0.0
6,3,0.0
6,4,0.0
6,5,0.0
6,6,0.0
6,7,0.0
6,8,0.0
6,9,0.0
6,10,0.0
6,11,0.0
6,12,0.0
6,13,2.0
6,14,0.0
6,15,0.0
6,16,0.0
6,17,1.0
6,18,0.0
6,19,0.0
6,20,0.0
6,21,0.0
6,22,0.0
6,23,0.0
6,24,0.0
6,25,0.0
6,26,0.0
6,27,0.0
6,28,0.0
6,29,0.0
6,30,0.0
6,31,0.0
6,32,0.0
6,33,0.0
6,34,0.0
6,35,0.0
6,36,0.0
6,37,0.0
6,38,0.0
6,39,0.0
6,40,0.0
6,41,0.0
6,42,0.0
6,43,0.0
6,44,0.0
6,45,0.0
6,46,0.0
6,47,0.0
6,48,0.0
6,49,0.0
6,50,0.0
6,51,0.0
6,52,0.0
6,53,0.0
6,54,0.0
6,55,0.0
6,56,0.0
6,57,0.0
6,58,0.0
6,59,0.0
6,60,0.0
6,61,0.0
6,62,0.0
6,63,0.0
6,64,0.0
6,65,0.0
6,66,0.0
6,67,0.0
6,68,0.0
6,69,0.0
6,70,0.0
6,71,0.0
6,72,0.0
6,73,0.0
6,74,0.0
6,75,0.0
6,76,0.0
6,77,0.0
6,78,0.0
6,79,0.0
6,80,0.0
6,81,0.0
6,82,0.0
6,83,0.0
6,84,0.0
6,85,0.0
6,86,0.0
6,87,0.0
6,88,0.0
6,89,0.0
6,90,0.0
6,91,0.0
6,92,0.0
6,93,0.0
6,94,0.0
6,95,0.0
6,96,0.0
6,97,0.0
6,98,0.0
6,99,0.0
7,0,0.0
7,1,8.0
7,2,0.0
7,3,11.0
7,4,0.0
7,5,0.0
7,6,11.0
7,7,0.0
7,8,0.0
7,9,0.0
7,10,0.0
7,11,0.0
7,12,0.0
7,13,0.0
7,14,0.0
7,15,7.0
7,16,12.0
7,17,0.0
7,18,0.0
7,19,0.0
7,20,0.0
7,21,0.0
7,22,0.0
7,23,0.0
7,24,0.0
7,25,0.0
7,26,0.0
7,27,0.0
7,28,0.0
7,29,0.0
7,30,17.0
7,31,0.0
7,32,0.0
7,33,0.0
7,34,0.0
7,35,13.0
7,36,15.0
7,37,0.0
7,38,0.0
7,39,0.0
7,40,0.0
7,41,0.0
7,42,0.0
7,43,0.0
7,44,0.0
7,45,0.0
7,46,0.0
7,47,0.0
7,48,0.0
7,49,0.0
7,50,0.0
7,51,0.0
7,52,0.0
7,53,0.0
7,54,0.0
7,55,0.0
7,56,0.0
7,57,0.0
7,58,0.0
7,59,0.0
7,60,11.0
7,61,0.0
7,62,13.0
7,63,0.0
7,64,0.0
7,65,0.0
7,66,0.0
7,67,0.0
7,68,17.0
7,69,0.0
7,70,0.0
7,71,0.0
7,72,0.0
7,73,11.0
7,74,0.0
7,75,0.0
7,76,0.0
7,77,0.0
7,78,0.0
7,79,1.0
7,80,0.0
7,81,0.0
7,82,0.0
7,83,0.0
7,84,0.0
7,85,0.0
7,86,0.0
7,87,0.0
7,88,0.0
7,89,2.0
7,90,0.0
7,91,0.0
7,92,0.0
7,93,0.0
7,94,0.0
7,95,0.0
7,96,12.0
7,97,21.0
7,98,0.0
7,99,0.0
8,0,10.0
8,1,0.0
8,2,51.0
8,3,9.0
8,4,0.0
8,5,0.0
8,6,19.0
8,7,0.0
8,8,72.0
8,9,43.0
8,10,0.0
8,11,0.0
8,12,0.0
8,13,0.0
8,14,0.0
8,15,0.0
8,16,15.0
8,17,0.0
8,18,62.0
8,19,0.0
8,20,16.0
8,21,0.0
8,22,79.0
8,23,28.0
8,24,49.0
8,25,0.0
8,26,0.0
8,27,0.0
8,28,33.0
8,29,0.0
8,30,0.0
8,31,0.0
8,32,44.0
8,33,0.0
8,34,67.0
8,35,0.0
8,36,29.0
8,37,0.0
8,38,0.0
8,39,0.0
8,40,15.0
8,41,0.0
8,42,0.0
8,43,0.0
8,44,28.0
8,45,0.0
8,46,0.0
8,47,0.0
8,48,0.0
8,49,0.0
8,50,71.0
8,51,0.0
8,52,0.0
8,53,44.0
8,54,0.0
8,55,0.0
8,56,0.0
8,57,67.0
8,58,27.0
8,59,23.0
8,60,33.0
8,61,31.0
8,62,3.0
8,63,21.0
8,64,0.0
8,65,61.0
8,66,71.0
8,67,30.0
8,68,0.0
8,69,0.0
8,70,51.0
8,71,0.0
8,72,34.0
8,73,12.0
8,74,0.0
8,75,0.0
8,76,0.0
8,77,0.0
8,78,16.0
8,79,0.0
8,80,0.0
8,81,1.0
8,82,0.0
8,83,46.0
8,84,2.0
8,85,38.0
8,86,0.0
8,87,47.0
8,88,35.0
8,89,0.0
8,90,54.0
8,91,0.0
8,92,0.0
8,93,0.0
8,94,25.0
8,95,5.0
8,96,29.0
8,97,0.0
8,98,12.0
8,99,12.0
9,0,27.0
9,1,0.0
9,2,0.0
9,3,18.0
9,4,193.0
9,5,0.0
9,6,7.0
9,7,0.0
9,8,1.0
9,9,0.0
9,10,0.0
9,11,0.0
9,12,0.0
9,13,8.0
9,14,0.0
9,15,29.0
9,16,0.0
9,17,0.0
9,18,184.0
9,19,268.0
9,20,31.0
9,21,0.0
9,22,0.0
9,23,123.0
9,24,0.0
9,25,264.0
9,26,191.0
9,27,0.0
9,28,15.0
9,29,74.0
9,30,0.0
9,31,45.0
9,32,0.0
9,33,0.0
9,34,43.0
9,35,132.0
9,36,30.0
9,37,300.0
9,38,0.0
9,39,28.0
9,40,29.0
9,41,0.0
9,42,52.0
9,43,0.0
9,44,10.0
9,45,190.0
9,46,220.0
9,47,269.0
9,48,18.0
9,49,0.0
9,50,0.0
9,51,198.0
9,52,0.0
9,53,132.0
9,54,174.0
9,55,16.0
9,56,195.0
9,57,0.0
9,58,0.0
9,59,0.0
9,60,112.0
9,61,0.0
9,62,0.0
9,63,0.0
9,64,180.0
9,65,26.0
9,66,109.0
9,67,16.0
9,68,3.0
9,69,152.0
9,70,147.0
9,71,126.0
9,72,13.0
9,73,5.0
9,74,8.0
9,75,95.0
9,76,0.0
9,77,0.0
9,78,0.0
9,79,0.0
9,80,29.0
9,81,0.0
9,82,0.0
9,83,156.0
9,84,0.0
9,85,0.0
9,86,296.0
9,87,7.0
9,88,24.0
9,89,0.0
9,90,162.0
9,91,0.0
9,92,0.0
9,93,116.0
9,94,22.0
9,95,0.0
9,96,0.0
9,97,0.0
9,98,0.0
9,99,14.0
10,0,0.0
10,1,72.0
10,2,127.0
10,3,218.0
10,4,54.0
10,5,87.0
10,6,484.0
10,7,0.0
10,8,217.0
10,9,55.0
10,10,583.0
10,11,615.0
10,12,277.0
10,13,59.0
10,14,604.0
10,15,157.0
10,16,367.0
10,17,423.0
10,18,217.0
10,19,264.0
10,20,0.0
10,21,478.0
10,22,203.0
10,23,32.0
10,24,179.0
10,25,135.0
10,26,0.0
10,27,183.0
10,28,383.0
10,29,81.0
10,30,111.0
10,31,0.0
10,32,293.0
10,33,443.0
10,34,0.0
10,35,8.0
10,36,115.0
10,37,0.0
10,38,77.0
10,39,574.0
10,40,337.0
10,41,0.0
10,42,368.0
10,43,551.0
10,44,142.0
10,45,353.0
10,46,50.0
10,47,49.0
10,48,311.0
10,49,199.0
10,50,610.0
10,51,196.0
10,52,530.0
10,53,18.0
10,54,26.0
10,55,102.0
10,56,9.0
10,57,190.0
10,58,426.0
10,59,520.0
10,60,51.0
10,61,0.0
10,62,166.0
10,63,0.0
10,64,52.0
10,65,144.0
10,66,28.0
10,67,71.0
10,68,487.0
10,69,0.0
10,70,78.0
10,71,86.0
10,72,0.0
10,73,299.0
10,74,0.0
10,75,45.0
10,76,159.0
10,77,291.0
10,78,0.0
10,79,286.0
10,80,0.0
10,81,110.0
10,82,380.0
10,83,63.0
10,84,0.0
10,85,91.0
10,86,0.0
10,87,1.0
10,88,306.0
10,89,59.0
10,90,373.0
10,91,350.0
10,92,182.0
10,93,9.0
10,94,0.0
10,95,40.0
10,96,284.0
10,97,159.0
10,98,9.0
10,99,446.0
11,0,711.0
11,1,787.0
11,2,331.0
11,3,353.0
11,4,528.0
11,5,548.0
11,6,674.0
11,7,523.0
11,8,45.0
11,9,778.0
11,10,216.0
11,11,141.0
11,12,143.0
11,13,1016.0
11,14,256.0
11,15,1010.0
11,16,344.0
11,17,395.0
11,18,256.0
11,19,358.0
11,20,216.0
11,21,204.0
11,22,189.0
11,23,940.0
11,24,165.0
11,25,191.0
11,26,287.0
11,27,639.0
11,28,60.0
11,29,639.0
11,30,637.0
11,31,1057.0
11,32,53.0
11,33,220.0
11,34,440.0
11,35,668.0
11,36,494.0
11,37,142.0
11,38,607.0
11,39,303.0
11,40,686.0
11,41,700.0
11,42,227.0
11,43,336.0
11,44,865.0
11,45,661.0
11,46,149.0
11,47,527.0
11,48,51.0
11,49,828.0
11,50,429.0
11,51,114.0
11,52,107.0
11,53,707.0
11,54,678.0
11,55,404.0
11,56,613.0
11,57,510.0
11,58,241.0
11,59,160.0
11,60,574.0
11,61,176.0
11,62,441.0
11,63,817.0
11,64,1018.0
11,65,733.0
11,66,525.0
11,67,702.0
11,68,284.0
11,69,264.0
11,70,550.0
11,71,664.0
11,72,425.0
11,73,454.0
11,74,702.0
11,75,397.0
11,76,583.0
11,77,487.0
11,78,277.0
11,79,1284.0
11,80,513.0
11,81,1033.0
11,82,118.0
11,83,1038.0
11,84,390.0
11,85,620.0
11,86,346.0
11,87,421.0
11,88,758.0
11,89,795.0
11,90,299.0
11,91,150.0
11,92,734.0
11,93,817.0
11,94,922.0
11,95,498.0
11,96,1116.0
11,97,148.0
11,98,1217.0
11,99,131.0
12,0,741.0
12,1,562.0
12,2,1140.0
12,3,1414.0
12,4,1102.0
12,5,1414.0
12,6,351.0
12,7,724.0
12,8,1405.0
12,9,792.0
12,10,1086.0
12,11,1024.0
12,12,585.0
12,13,12.0
12,14,1238.0
12,15,1075.0
12,16,1131.0
12,17,977.0
12,18,1015.0
12,19,491.0
12,20,454.0
12,21,713.0
12,22,1198.0
12,23,376.0
12,24,1443.0
12,25,1476.0
12,26,709.0
12,27,1019.0
12,28,507.0
12,29,415.0
12,30,684.0
12,31,396.0
12,32,611.0
12,33,1178.0
12,34,1004.0
12,35,645.0
12,36,1063.0
12,37,1101.0
12,38,792.0
12,39,1416.0
12,40,290.0
12,41,318.0
12,42,1361.0
12,43,1291.0
12,44,477.0
12,45,121.0
12,46,561.0
12,47,894.0
12,48,902.0
12,49,593.0
12,50,14.0
12,51,1199.0
12,52,765.0
12,53,958.0
12,54,546.0
12,55,1088.0
12,56,788.0
12,57,1523.0
12,58,837.0
12,59,863.0
12,60,909.0
12,61,1051.0
12,62,658.0
12,63,101.0
12,64,410.0
12,65,936.0
12,66,1434.0
12,67,123.0
12,68,566.0
12,69,614.0
12,70,326.0
12,71,1298.0
12,72,1401.0
12,73,906.0
12,74,547.0
12,75,695.0
12,76,686.0
12,77,714.0
12,78,946.0
12,79,106.0
12,80,931.0
12,81,276.0
12,82,1312.0
12,83,421.0
12,84,1566.0
12,85,574.0
12,86,697.0
12,87,1179.0
12,88,854.0
12,89,999.0
12,90,1194.0
12,91,1400.0
12,92,1562.0
12,93,382.0
12,94,501.0
12,95,959.0
12,96,383.0
12,97,824.0
12,98,1105.0
12,99,647.0
13,0,1531.0
13,1,2116.0
13,2,2116.0
13,3,1680.0
13,4,1165.0
13,5,1381.0
13,6,1645.0
13,7,1596.0
13,8,1158.0
13,9,1674.0
13,10,1104.0
13,11,1929.0
13,12,1699.0
13,13,2006.0
13,14,1317.0
13,15,1025.0
13,16,2007.0
13,17,1517.0
13,18,1800.0
13,19,1919.0
13,20,1904.0
13,21,1614.0
13,22,1085.0
13,23,1249.0
13,24,968.0
13,25,645.0
13,26,1474.0
13,27,1620.0
13,28,1597.0
13,29,1913.0
13,30,1576.0
13,31,1865.0
13,32,1453.0
13,33,1477.0
13,34,1965.0
13,35,1796.0
13,36,921.0
13,37,1587.0
13,38,1386.0
13,39,931.0
13,40,1905.0
13,41,2055.0
13,42,982.0
13,43,1191.0
13,44,1242.0
13,45,2112.0
13,46,1656.0
13,47,1851.0
13,48,1529.0
13,49,1426.0
13,50,1367.0
13,51,1278.0
13,52,1302.0
13,53,885.0
13,54,1749.0
13,55,1852.0
13,56,1460.0
13,57,894.0
13,58,1391.0
13,59,1117.0
13,60,1854.0
13,61,2116.0
13,62,1332.0
13,63,1956.0
13,64,2076.0
13,65,1960.0
13,66,697.0
13,67,1863.0
13,68,1779.0
13,69,1845.0
13,70,1757.0
13,71,882.0
13,72,1010.0
13,73,1668.0
13,74,1664.0
13,75,1674.0
13,76,1327.0
13,77,2116.0
13,78,2083.0
13,79,1793.0
13,80,1368.0
13,81,1760.0
13,82,1015.0
13,83,1987.0
13,84,1206.0
13,85,1558.0
13,86,1596.0
13,87,1170.0
13,88,1826.0
13,89,2116.0
13,90,1875.0
13,91,796.0
13,92,1080.0
13,93,1657.0
13,94,1610.0
13,95,2012.0
13,96,2099.0
13,97,1833.0
13,98,2116.0
13,99,1892.0
14,0,0.0
14,1,97.0
14,2,168.0
14,3,462.0
14,4,422.0
14,5,234.0
14,6,0.0
14,7,504.0
14,8,0.0
14,9,169.0
14,10,169.0
14,11,0.0
14,12,326.0
14,13,507.0
14,14,685.0
14,15,680.0
14,16,75.0
14,17,457.0
14,18,22.0
14,19,572.0
14,20,97.0
14,21,74.0
14,22,0.0
14,23,0.0
14,24,0.0
14,25,504.0
14,26,263.0
14,27,0.0
14,28,156.0
14,29,327.0
14,30,13.0
14,31,88.0
14,32,273.0
14,33,0.0
14,34,317.0
14,35,26.0
14,36,201.0
14,37,293.0
14,38,52.0
14,39,667.0
14,40,0.0
14,41,0.0
14,42,217.0
14,43,567.0
14,44,15.0
14,45,189.0
14,46,257.0
14,47,0.0
14,48,175.0
14,49,0.0
14,50,176.0
14,51,0.0
14,52,0.0
14,53,0.0
14,54,0.0
14,55,0.0
14,56,0.0
14,57,45.0
14,58,261.0
14,59,0.0
14,60,0.0
14,61,583.0
14,62,690.0
14,63,0.0
14,64,92.0
14,65,0.0
14,66,0.0
14,67,166.0
14,68,0.0
14,69,140.0
14,70,135.0
14,71,894.0
14,72,0.0
14,73,0.0
14,74,42.0
14,75,0.0
14,76,147.0
14,77,0.0
14,78,0.0
14,79,523.0
14,80,156.0
14,81,470.0
14,82,572.0
14,83,95.0
14,84,771.0
14,85,0.0
14,86,860.0
14,87,667.0
14,88,302.0
14,89,0.0
14,90,312.0
14,91,422.0
14,92,0.0
14,93,0.0
14,94,155.0
14,95,79.0
14,96,14.0
14,97,722.0
14,98,138.0
14,99,243.0
15,0,1357.0
15,1,862.0
15,2,809.0
15,3,1501.0
15,4,978.0
15,5,916.0
15,6,602.0
15,7,1490.0
15,8,984.0
15,9,1216.0
15,10,1146.0
15,11,945.0
15,12,1346.0
15,13,1104.0
15,14,1532.0
15,15,1287.0
15,16,1309.0
15,17,1188.0
15,18,1604.0
15,19,828.0
15,20,1615.0
15,21,1513.0
15,22,1550.0
15,23,1632.0
15,24,1412.0
15,25,1266.0
15,26,1025.0
15,27,914.0
15,28,1034.0
15,29,742.0
15,30,1668.0
15,31,1211.0
15,32,869.0
15,33,1244.0
15,34,1398.0
15,35,1064.0
15,36,1346.0
15,37,1411.0
15,38,1055.0
15,39,1141.0
15,40,1163.0
15,41,1445.0
15,42,1238.0
15,43,886.0
15,44,1123.0
15,45,1539.0
15,46,1471.0
15,47,1308.0
15,48,1233.0
15,49,1155.0
15,50,860.0
15,51,1693.0
15,52,1489.0
15,53,1169.0
15,54,1193.0
15,55,1108.0
15,56,1359.0
15,57,1488.0
15,58,1168.0
15,59,1330.0
15,60,1609.0
15,61,1050.0
15,62,1228.0
15,63,511.0
15,64,1061.0
15,65,895.0
15,66,1166.0
15,67,844.0
15,68,1418.0
15,69,1188.0
15,70,1390.0
15,71,1296.0
15,72,1586.0
15,73,1454.0
15,74,787.0
15,75,1233.0
15,76,1093.0
15,77,1244.0
15,78,1209.0
15,79,1137.0
15,80,1231.0
15,81,1410.0
15,82,414.0
15,83,1162.0
15,84,1226.0
15,85,568.0
15,86,1285.0
15,87,873.0
15,88,1412.0
15,89,1244.0
15,90,1516.0
15,91,1438.0
15,92,1081.0
15,93,1309.0
15,94,1764.0
15,95,1520.0
15,96,1298.0
15,97,702.0
15,98,1348.0
15,99,848.0
16,0,42.0
16,1,65.0
16,2,19.0
16,3,0.0
16,4,0.0
16,5,0.0
16,6,0.0
16,7,0.0
16,8,143.0
16,9,0.0
16,10,0.0
16,11,276.0
16,12,0.0
16,13,168.0
16,14,559.0
16,15,0.0
16,16,0.0
16,17,167.0
16,18,137.0
16,19,33.0
16,20,16.0
16,21,143.0
16,22,154.0
16,23,328.0
16,24,0.0
16,25,10.0
16,26,0.0
16,27,0.0
16,28,0.0
16,29,63.0
16,30,223.0
16,31,0.0
16,32,113.0
16,33,220.0
16,34,725.0
16,35,0.0
16,36,63.0
16,37,0.0
16,38,464.0
16,39,50.0
16,40,557.0
16,41,227.0
16,42,0.0
16,43,34.0
16,44,0.0
16,45,174.0
16,46,133.0
16,47,730.0
16,48,317.0
16,49,350.0
16,50,680.0
16,51,213.0
16,52,43.0
16,53,0.0
16,54,46.0
16,55,208.0
16,56,0.0
16,57,0.0
16,58,0.0
16,59,0.0
16,60,457.0
16,61,148.0
16,62,193.0
16,63,566.0
16,64,0.0
16,65,518.0
16,66,99.0
16,67,152.0
16,68,0.0
16,69,14.0
16,70,325.0
16,71,0.0
16,72,0.0
16,73,0.0
16,74,429.0
16,75,0.0
16,76,0.0
16,77,0.0
16,78,0.0
16,79,131.0
16,80,224.0
16,81,387.0
16,82,0.0
16,83,23.0
16,84,491.0
16,85,188.0
16,86,166.0
16,87,0.0
16,88,0.0
16,89,307.0
16,90,0.0
16,91,645.0
16,92,359.0
16,93,97.0
16,94,371.0
16,95,0.0
16,96,577.0
16,97,202.0
16,98,0.0
16,99,582.0
17,0,827.0
17,1,1010.0
17,2,809.0
17,3,389.0
17,4,1034.0
17,5,1229.0
17,6,1453.0
17,7,937.0
17,8,911.0
17,9,1224.0
17,10,1341.0
17,11,1478.0
17,12,1387.0
17,13,735.0
17,14,240.0
17,15,620.0
17,16,842.0
17,17,909.0
17,18,1182.0
17,19,1263.0
17,20,900.0
17,21,597.0
17,22,1029.0
17,23,1064.0
17,24,206.0
17,25,899.0
17,26,1336.0
17,27,946.0
17,28,1392.0
17,29,1354.0
17,30,1102.0
17,31,938.0
17,32,1103.0
17,33,431.0
17,34,530.0
17,35,977.0
17,36,1122.0
17,37,678.0
17,38,929.0
17,39,1282.0
17,40,393.0
17,41,1130.0
17,42,905.0
17,43,678.0
17,44,1033.0
17,45,1393.0
17,46,1437.0
17,47,984.0
17,48,301.0
17,49,1303.0
17,50,604.0
17,51,387.0
17,52,1003.0
17,53,1167.0
17,54,1132.0
17,55,228.0
17,56,677.0
17,57,527.0
17,58,659.0
17,59,1309.0
17,60,523.0
17,61,1400.0
17,62,417.0
17,63,1204.0
17,64,893.0
17,65,854.0
17,66,1048.0
17,67,1617.0
17,68,634.0
17,69,172.0
17,70,1139.0
17,71,1013.0
17,72,1460.0
17,73,493.0
17,74,373.0
17,75,1021.0
17,76,470.0
17,77,1072.0
17,78,1033.0
17,79,1237.0
17,80,1248.0
17,81,873.0
17,82,653.0
17,83,1130.0
17,84,502.0
17,85,995.0
17,86,1606.0
17,87,1426.0
17,88,654.0
17,89,755.0
17,90,1167.0
17,91,491.0
17,92,1248.0
17,93,1050.0
17,94,632.0
17,95,904.0
17,96,654.0
17,97,1074.0
17,98,1409.0
17,99,1395.0
18,0,135.0
18,1,380.0
18,2,449.0
18,3,910.0
18,4,636.0
18,5,555.0
18,6,272.0
18,7,592.0
18,8,1057.0
18,9,477.0
18,10,280.0
18,11,638.0
18,12,602.0
18,13,289.0
18,14,899.0
18,15,784.0
18,16,588.0
18,17,241.0
18,18,158.0
18,19,47.0
18,20,605.0
18,21,780.0
18,22,475.0
18,23,936.0
18,24,1011.0
18,25,716.0
18,26,434.0
18,27,116.0
18,28,461.0
18,29,313.0
18,30,395.0
18,31,528.0
18,32,624.0
18,33,671.0
18,34,806.0
18,35,74.0
18,36,774.0
18,37,443.0
18,38,400.0
18,39,551.0
18,40,1112.0
18,41,197.0
18,42,62.0
18,43,203.0
18,44,487.0
18,45,502.0
18,46,548.0
18,47,547.0
18,48,514.0
18,49,446.0
18,50,216.0
18,51,909.0
18,52,284.0
18,53,193.0
18,54,92.0
18,55,1157.0
18,56,478.0
18,57,102.0
18,58,122.0
18,59,61.0
18,60,95.0
18,61,148.0
18,62,806.0
18,63,429.0
18,64,1136.0
18,65,355.0
18,66,697.0
18,67,551.0
18,68,972.0
18,69,1017.0
18,70,632.0
18,71,682.0
18,72,368.0
18,73,734.0
18,74,578.0
18,75,535.0
18,76,965.0
18,77,90.0
18,78,630.0
18,79,253.0
18,80,387.0
18,81,604.0
18,82,763.0
18,83,198.0
18,84,107.0
18,85,185.0
18,86,606.0
18,87,797.0
18,88,707.0
18,89,742.0
18,90,41.0
18,91,937.0
18,92,585.0
18,93,164.0
18,94,305.0
18,95,216.0
18,96,496.0
18,97,610.0
18,98,420.0
18,99,223.0
19,0,120.0
19,1,0.0
19,2,0.0
19,3,0.0
19,4,235.0
19,5,0.0
19,6,36.0
19,7,0.0
19,8,0.0
19,9,170.0
19,10,0.0
19,11,67.0
19,12,0.0
19,13,194.0
19,14,0.0
19,15,57.0
19,16,213.0
19,17,696.0
19,18,619.0
19,19,186.0
19,20,28.0
19,21,0.0
19,22,279.0
19,23,0.0
19,24,0.0
19,25,0.0
19,26,0.0
19,27,0.0
19,28,171.0
19,29,0.0
19,30,0.0
19,31,134.0
19,32,0.0
19,33,0.0
19,34,0.0
19,35,440.0
19,36,0.0
19,37,0.0
19,38,0.0
19,39,292.0
19,40,232.0
19,41,605.0
19,42,500.0
19,43,0.0
19,44,0.0
19,45,0.0
19,46,0.0
19,47,0.0
19,48,609.0
19,49,0.0
19,50,751.0
19,51,0.0
19,52,0.0
19,53,0.0
19,54,448.0
19,55,0.0
19,56,0.0
19,57,0.0
19,58,537.0
19,59,0.0
19,60,424.0
19,61,0.0
19,62,159.0
19,63,0.0
19,64,59.0
19,65,0.0
19,66,0.0
19,67,0.0
19,68,0.0
19,69,78.0
19,70,0.0
19,71,0.0
19,72,0.0
19,73,166.0
19,74,688.0
19,75,0.0
19,76,221.0
19,77,0.0
19,78,0.0
19,79,0.0
19,80,0.0
19,81,0.0
19,82,62.0
19,83,749.0
19,84,0.0
19,85,719.0
19,86,42.0
19,87,0.0
19,88,0.0
19,89,183.0
19,90,55.0
19,91,0.0
19,92,0.0
19,93,599.0
19,94,0.0
19,95,0.0
19,96,153.0
19,97,154.0
19,98,2.0
19,99,0.0
20,0,34.0
20,1,0.0
20,2,0.0
20,3,134.0
20,4,0.0
20,5,0.0
20,6,0.0
20,7,0.0
20,8,0.0
20,9,0.0
20,10,259.0
20,11,0.0
20,12,225.0
20,13,12.0
20,14,192.0
20,15,0.0
20,16,0.0
20,17,0.0
20,18,56.0
20,19,476.0
20,20,0.0
20,21,0.0
20,22,6.0
20,23,0.0
20,24,216.0
20,25,0.0
20,26,61.0
20,27,0.0
20,28,0.0
20,29,0.0
20,30,0.0
20,31,0.0
20,32,0.0
20,33,60.0
20,34,0.0
20,35,0.0
20,36,0.0
20,37,88.0
20,38,0.0
20,39,0.0
20,40,18.0
20,41,0.0
20,42,0.0
20,43,0.0
20,44,0.0
20,45,183.0
20,46,5.0
20,47,0.0
20,48,0.0
20,49,277.0
20,50,0.0
20,51,0.0
20,52,449.0
20,53,0.0
20,54,0.0
20,55,0.0
20,56,0.0
20,57,0.0
20,58,0.0
20,59,0.0
20,60,0.0
20,61,0.0
20,62,0.0
20,63,0.0
20,64,0.0
20,65,0.0
20,66,173.0
20,67,0.0
20,68,110.0
20,69,0.0
20,70,0.0
20,71,0.0
20,72,0.0
20,73,0.0
20,74,0.0
20,75,0.0
20,76,0.0
20,77,395.0
20,78,0.0
20,79,276.0
20,80,185.0
20,81,0.0
20,82,0.0
20,83,0.0
20,84,392.0
20,85,0.0
20,86,0.0
20,87,40.0
20,88,0.0
20,89,0.0
20,90,0.0
20,91,0.0
20,92,277.0
20,93,0.0
20,94,0.0
20,95,418.0
20,96,0.0
20,97,0.0
20,98,0.0
20,99,0.0
21,0,489.0
21,1,440.0
21,2,231.0
21,3,0.0
21,4,0.0
21,5,23.0
21,6,0.0
21,7,87.0
21,8,0.0
21,9,32.0
21,10,0.0
21,11,17.0
21,12,0.0
21,13,490.0
21,14,0.0
21,15,0.0
21,16,0.0
21,17,0.0
21,18,0.0
21,19,0.0
21,20,0.0
21,21,0.0
21,22,0.0
21,23,18.0
21,24,0.0
21,25,0.0
21,26,0.0
21,27,0.0
21,28,0.0
21,29,389.0
21,30,0.0
21,31,0.0
21,32,0.0
21,33,0.0
21,34,0.0
21,35,0.0
21,36,81.0
21,37,0.0
21,38,0.0
21,39,0.0
21,40,0.0
21,41,0.0
21,42,0.0
21,43,453.0
21,44,0.0
21,45,0.0
21,46,0.0
21,47,1.0
21,48,0.0
21,49,0.0
21,50,0.0
21,51,0.0
21,52,0.0
21,53,398.0
21,54,0.0
21,55,0.0
21,56,100.0
21,57,0.0
21,58,0.0
21,59,270.0
21,60,0.0
21,61,444.0
21,62,0.0
21,63,68.0
21,64,0.0
21,65,0.0
21,66,1.0
21,67,0.0
21,68,0.0
21,69,1.0
21,70,0.0
21,71,0.0
21,72,13.0
21,73,0.0
21,74,0.0
21,75,32.0
21,76,0.0
21,77,4.0
21,78,0.0
21,79,0.0
21,80,0.0
21,81,47.0
21,82,3.0
21,83,12.0
21,84,0.0
21,85,17.0
21,86,0.0
21,87,0.0
21,88,0.0
21,89,0.0
21,90,458.0
21,91,165.0
21,92,0.0
21,93,0.0
21,94,0.0
21,95,0.0
21,96,0.0
21,97,0.0
21,98,0.0
21,99,0.0
22,0,0.0
22,1,0.0
22,2,0.0
22,3,0.0
22,4,0.0
22,5,0.0
22,6,0.0
22,7,0.0
22,8,0.0
22,9,0.0
22,10,1.0
22,11,0.0
22,12,5.0
22,13,0.0
22,14,0.0
22,15,0.0
22,16,0.0
22,17,0.0
22,18,0.0
22,19,0.0
22,20,0.0
22,21,268.0
22,22,0.0
22,23,0.0
22,24,0.0
22,25,120.0
22,26,0.0
22,27,371.0
22,28,0.0
22,29,0.0
22,30,262.0
22,31,0.0
22,32,0.0
22,33,0.0
22,34,121.0
22,35,0.0
22,36,0.0
22,37,0.0
22,38,0.0
22,39,0.0
22,40,0.0
22,41,0.0
22,42,0.0
22,43,0.0
22,44,0.0
22,45,0.0
22,46,0.0
22,47,0.0
22,48,0.0
22,49,0.0
22,50,0.0
22,51,205.0
22,52,0.0
22,53,0.0
22,54,5.0
22,55,0.0
22,56,0.0
22,57,441.0
22,58,0.0
22,59,0.0
22,60,0.0
22,61,0.0
22,62,0.0
22,63,0.0
22,64,0.0
22,65,464.0
22,66,0.0
22,67,21.0
22,68,5.0
22,69,0.0
22,70,145.0
22,71,52.0
22,72,0.0
22,73,0.0
22,74,3.0
22,75,0.0
22,76,0.0
22,77,0.0
22,78,44.0
22,79,0.0
22,80,0.0
22,81,0.0
22,82,0.0
22,83,0.0
22,84,0.0
22,85,0.0
22,86,0.0
22,87,0.0
22,88,150.0
22,89,0.0
22,90,0.0
22,91,0.0
22,92,0.0
22,93,6.0
22,94,436.0
22,95,0.0
22,96,0.0
22,97,0.0
22,98,0.0
22,99,497.0
23,0,0.0
23,1,0.0
23,2,0.0
23,3,0.0
23,4,0.0
23,5,0.0
23,6,3.0
23,7,0.0
23,8,0.0
23,9,0.0
23,10,0.0
23,11,0.0
23,12,0.0
23,13,0.0
23,14,0.0
23,15,0.0
23,16,0.0
23,17,0.0
23,18,0.0
23,19,0.0
23,20,42.0
23,21,0.0
23,22,0.0
23,23,0.0
23,24,0.0
23,25,0.0
23,26,0.0
23,27,0.0
23,28,0.0
23,29,0.0
23,30,0.0
23,31,4.0
23,32,0.0
23,33,0.0
23,34,0.0
23,35,0.0
23,36,0.0
23,37,0.0
23,38,0.0
23,39,0.0
23,40,0.0
23,41,0.0
23,42,0.0
23,43,0.0
23,44,0.0
23,45,0.0
23,46,0.0
23,47,0.0
23,48,0.0
23,49,0.0
23,50,0.0
23,51,0.0
23,52,0.0
23,53,0.0
23,54,0.0
23,55,0.0
23,56,0.0
23,57,0.0
23,58,0.0
23,59,0.0
23,60,0.0
23,61,0.0
23,62,0.0
23,63,0.0
23,64,0.0
23,65,0.0
23,66,0.0
23,67,0.0
23,68,0.0
23,69,0.0
23,70,0.0
23,71,0.0
23,72,0.0
23,73,0.0
23,74,0.0
23,75,0.0
23,76,0.0
23,77,0.0
23,78,0.0
23,79,0.0
23,80,0.0
23,81,0.0
23,82,0.0
23,83,0.0
23,84,0.0
23,85,0.0
23,86,0.0
23,87,0.0
23,88,0.0
23,89,5.0
23,90,0.0
23,91,0.0
23,92,0.0
23,93,0.0
23,94,0.0
23,95,0.0
23,96,14.0
23,97,0.0
23,98,0.0
23,99,0.0
